date,active_addresses,n_transactions,hash_rate,miners_revenue,mempool_size
2009-01-03,2.0,,4.97102696296296e-08,,
2009-01-04,2.0,,0.0,,
2009-01-05,2.0,,0.0,,
2009-01-06,2.0,,0.0,,
2009-01-07,2.0,,0.0,,
2009-01-08,2.0,,0.0,,
2009-01-09,14.0,,6.95943774814815e-07,,
2009-01-10,60.0,,1.54101835851852e-06,,
2009-01-11,93.0,,5.26928858074074e-06,,
2009-01-12,102.0,,4.42421399703704e-06,,
2009-01-13,123.0,,5.71668100740741e-06,,
2009-01-14,130.0,,6.26349397333333e-06,,
2009-01-15,134.0,,6.31320424296296e-06,,
2009-01-16,110.0,,5.76639127703704e-06,,
2009-01-17,109.0,109.0,5.36870912e-06,0.0,
2009-01-18,108.0,108.0,5.02073723259259e-06,0.0,
2009-01-19,117.0,117.0,5.91552208592593e-06,0.0,
2009-01-20,115.0,115.0,5.76639127703704e-06,0.0,
2009-01-21,105.0,105.0,5.61726046814815e-06,0.0,
2009-01-22,90.0,90.0,3.72827022222222e-06,0.0,
2009-01-23,86.0,86.0,3.33058806518518e-06,0.0,
2009-01-24,202.0,202.0,9.8923436562963e-06,0.0,
2009-01-25,192.0,192.0,9.64379230814815e-06,0.0,
2009-01-26,97.0,97.0,5.76639127703704e-06,0.0,
2009-01-27,98.0,98.0,5.12015777185185e-06,0.0,
2009-01-28,112.0,112.0,5.12015777185185e-06,0.0,
2009-01-29,122.0,122.0,6.06465289481481e-06,0.0,
2009-01-30,117.0,117.0,6.01494262518519e-06,0.0,
2009-01-31,139.0,139.0,6.41262478222222e-06,0.0,
2009-02-01,114.0,114.0,5.76639127703704e-06,0.0,
2009-02-02,129.0,129.0,6.31320424296296e-06,0.0,
2009-02-03,153.0,155.0,6.76059666962963e-06,0.0,
2009-02-04,119.0,119.0,6.11436316444444e-06,0.0,
2009-02-05,126.0,126.0,6.01494262518519e-06,0.0,
2009-02-06,122.0,122.0,6.41262478222222e-06,0.0,
2009-02-07,134.0,133.0,6.26349397333333e-06,0.0,
2009-02-08,133.0,133.0,6.66117613037037e-06,0.0,
2009-02-09,135.0,135.0,6.36291451259259e-06,0.0,
2009-02-10,120.0,120.0,6.31320424296296e-06,0.0,
2009-02-11,135.0,135.0,6.51204532148148e-06,0.0,
2009-02-12,119.0,119.0,5.8658118162963e-06,0.0,
2009-02-13,119.0,124.0,6.16407343407407e-06,0.0,
2009-02-14,136.0,136.0,7.00914801777778e-06,0.0,
2009-02-15,131.0,131.0,6.06465289481481e-06,0.0,
2009-02-16,123.0,123.0,6.11436316444444e-06,0.0,
2009-02-17,117.0,117.0,5.8658118162963e-06,0.0,
2009-02-18,118.0,118.0,6.16407343407407e-06,0.0,
2009-02-19,125.0,125.0,5.81610154666667e-06,0.0,
2009-02-20,122.0,122.0,6.36291451259259e-06,0.0,
2009-02-21,114.0,114.0,5.46812965925926e-06,0.0,
2009-02-22,125.0,125.0,6.01494262518519e-06,0.0,
2009-02-23,108.0,108.0,5.31899885037037e-06,0.0,
2009-02-24,106.0,106.0,5.51783992888889e-06,0.0,
2009-02-25,105.0,105.0,5.31899885037037e-06,0.0,
2009-02-26,107.0,107.0,4.77218588444444e-06,0.0,
2009-02-27,116.0,116.0,6.11436316444444e-06,0.0,
2009-02-28,100.0,100.0,5.07044750222222e-06,0.0,
2009-03-01,105.0,105.0,5.26928858074074e-06,0.0,
2009-03-02,108.0,108.0,5.16986804148148e-06,0.0,
2009-03-03,106.0,107.0,5.26928858074074e-06,0.0,
2009-03-04,106.0,106.0,5.26928858074074e-06,0.0,
2009-03-05,113.0,113.0,5.26928858074074e-06,0.0,
2009-03-06,117.0,117.0,5.8658118162963e-06,0.0,
2009-03-07,109.0,109.0,5.51783992888889e-06,0.0,
2009-03-08,118.0,118.0,5.56755019851852e-06,0.0,
2009-03-09,108.0,108.0,5.61726046814815e-06,0.0,
2009-03-10,107.0,107.0,5.21957831111111e-06,0.0,
2009-03-11,114.0,114.0,5.36870912e-06,0.0,
2009-03-12,119.0,119.0,5.8658118162963e-06,0.0,
2009-03-13,119.0,114.0,5.66697073777778e-06,0.0,
2009-03-14,110.0,110.0,5.76639127703704e-06,0.0,
2009-03-15,123.0,123.0,5.51783992888889e-06,0.0,
2009-03-16,122.0,122.0,6.46233505185185e-06,0.0,
2009-03-17,114.0,114.0,5.71668100740741e-06,0.0,
2009-03-18,115.0,116.0,5.46812965925926e-06,0.0,
2009-03-19,122.0,122.0,6.06465289481481e-06,0.0,
2009-03-20,119.0,119.0,5.8658118162963e-06,0.0,
2009-03-21,51.0,51.0,3.82769076148148e-06,0.0,
2009-03-22,119.0,120.0,4.72247561481482e-06,0.0,
2009-03-23,130.0,130.0,6.56175559111111e-06,0.0,
2009-03-24,105.0,105.0,5.21957831111111e-06,0.0,
2009-03-25,117.0,117.0,5.76639127703704e-06,0.0,
2009-03-26,118.0,118.0,5.61726046814815e-06,0.0,
2009-03-27,106.0,106.0,5.46812965925926e-06,0.0,
2009-03-28,120.0,122.0,5.91552208592593e-06,0.0,
2009-03-29,116.0,116.0,5.56755019851852e-06,0.0,
2009-03-30,120.0,120.0,6.2137837037037e-06,0.0,
2009-03-31,111.0,111.0,5.61726046814815e-06,0.0,
2009-04-01,114.0,114.0,5.31899885037037e-06,0.0,
2009-04-02,115.0,115.0,5.96523235555556e-06,0.0,
2009-04-03,116.0,116.0,5.61726046814815e-06,0.0,
2009-04-04,113.0,113.0,5.61726046814815e-06,0.0,
2009-04-05,131.0,132.0,6.41262478222222e-06,0.0,
2009-04-06,109.0,109.0,5.71668100740741e-06,0.0,
2009-04-07,100.0,100.0,4.92131669333333e-06,0.0,
2009-04-08,105.0,105.0,5.16986804148148e-06,0.0,
2009-04-09,99.0,99.0,4.92131669333333e-06,0.0,
2009-04-10,108.0,108.0,5.12015777185185e-06,0.0,
2009-04-11,121.0,121.0,6.06465289481481e-06,0.0,
2009-04-12,120.0,120.0,5.71668100740741e-06,0.0,
2009-04-13,117.0,116.0,5.71668100740741e-06,0.0,
2009-04-14,124.0,124.0,6.31320424296296e-06,0.0,
2009-04-15,113.0,113.0,5.56755019851852e-06,0.0,
2009-04-16,123.0,123.0,6.11436316444444e-06,0.0,
2009-04-17,112.0,112.0,5.71668100740741e-06,0.0,
2009-04-18,129.0,130.0,6.06465289481481e-06,0.0,
2009-04-19,120.0,120.0,5.91552208592593e-06,0.0,
2009-04-20,121.0,121.0,5.81610154666667e-06,0.0,
2009-04-21,125.0,124.0,6.11436316444444e-06,0.0,
2009-04-22,121.0,121.0,6.01494262518519e-06,0.0,
2009-04-23,75.0,75.0,3.97682157037037e-06,0.0,
2009-04-24,115.0,115.0,5.61726046814815e-06,0.0,
2009-04-25,118.0,118.0,6.06465289481481e-06,0.0,
2009-04-26,113.0,114.0,5.41841938962963e-06,0.0,
2009-04-27,104.0,104.0,5.21957831111111e-06,0.0,
2009-04-28,117.0,117.0,5.81610154666667e-06,0.0,
2009-04-29,129.0,129.0,6.11436316444444e-06,0.0,
2009-04-30,131.0,131.0,6.56175559111111e-06,0.0,
2009-05-01,121.0,121.0,6.11436316444444e-06,0.0,
2009-05-02,130.0,128.0,6.11436316444444e-06,0.0,
2009-05-03,110.0,109.0,5.66697073777778e-06,0.0,
2009-05-04,129.0,129.0,6.06465289481481e-06,0.0,
2009-05-05,136.0,136.0,6.56175559111111e-06,0.0,
2009-05-06,135.0,135.0,6.81030693925926e-06,0.0,
2009-05-07,122.0,122.0,6.01494262518519e-06,0.0,
2009-05-08,108.0,108.0,6.06465289481481e-06,0.0,
2009-05-09,77.0,77.0,4.5236345362963e-06,0.0,
2009-05-10,85.0,85.0,3.08203671703704e-06,0.0,
2009-05-11,122.0,121.0,5.91552208592593e-06,0.0,
2009-05-12,130.0,130.0,6.31320424296296e-06,0.0,
2009-05-13,116.0,116.0,5.71668100740741e-06,0.0,
2009-05-14,143.0,142.0,6.61146586074074e-06,0.0,
2009-05-15,137.0,137.0,7.10856855703704e-06,0.0,
2009-05-16,119.0,119.0,5.66697073777778e-06,0.0,
2009-05-17,127.0,127.0,6.2137837037037e-06,0.0,
2009-05-18,118.0,118.0,6.16407343407407e-06,0.0,
2009-05-19,86.0,86.0,4.97102696296296e-06,0.0,
2009-05-20,120.0,120.0,5.16986804148148e-06,0.0,
2009-05-21,82.0,82.0,4.42421399703704e-06,0.0,
2009-05-22,62.0,62.0,4.12595237925926e-06,0.0,
2009-05-23,31.0,31.0,3.47971887407407e-07,0.0,
2009-05-24,100.0,100.0,4.77218588444444e-06,0.0,
2009-05-25,109.0,109.0,5.56755019851852e-06,0.0,
2009-05-26,125.0,125.0,5.61726046814815e-06,0.0,
2009-05-27,119.0,119.0,6.2137837037037e-06,0.0,
2009-05-28,95.0,95.0,5.12015777185185e-06,0.0,
2009-05-29,107.0,107.0,5.31899885037037e-06,0.0,
2009-05-30,109.0,109.0,5.12015777185185e-06,0.0,
2009-05-31,97.0,97.0,5.8658118162963e-06,0.0,
2009-06-01,73.0,72.0,3.62884968296296e-06,0.0,
2009-06-02,110.0,110.0,4.42421399703704e-06,0.0,
2009-06-03,72.0,72.0,4.8716064237037e-06,0.0,
2009-06-04,65.0,65.0,1.93870051555556e-06,0.0,
2009-06-05,31.0,31.0,2.83348536888889e-06,0.0,
2009-06-06,31.0,27.0,1.19304647111111e-06,0.0,
2009-06-07,16.0,16.0,1.98841078518519e-07,0.0,
2009-06-08,82.0,82.0,3.57913941333333e-06,0.0,
2009-06-09,91.0,91.0,4.67276534518518e-06,0.0,
2009-06-10,82.0,82.0,4.12595237925926e-06,0.0,
2009-06-11,89.0,89.0,4.62305507555556e-06,0.0,
2009-06-12,86.0,86.0,4.5236345362963e-06,0.0,
2009-06-13,78.0,78.0,3.67855995259259e-06,0.0,
2009-06-14,72.0,72.0,3.47971887407407e-06,0.0,
2009-06-15,84.0,84.0,4.07624210962963e-06,0.0,
2009-06-16,71.0,71.0,3.62884968296296e-06,0.0,
2009-06-17,79.0,79.0,3.82769076148148e-06,0.0,
2009-06-18,80.0,80.0,4.02653184e-06,0.0,
2009-06-19,87.0,87.0,4.32479345777778e-06,0.0,
2009-06-20,78.0,78.0,4.17566264888889e-06,0.0,
2009-06-21,81.0,81.0,3.72827022222222e-06,0.0,
2009-06-22,77.0,77.0,3.97682157037037e-06,0.0,
2009-06-23,76.0,76.0,3.77798049185185e-06,0.0,
2009-06-24,98.0,97.0,4.22537291851852e-06,0.0,
2009-06-25,69.0,69.0,3.67855995259259e-06,0.0,
2009-06-26,90.0,90.0,4.42421399703704e-06,0.0,
2009-06-27,84.0,84.0,4.22537291851852e-06,0.0,
2009-06-28,48.0,47.0,2.53522375111111e-06,0.0,
2009-06-29,85.0,84.0,3.77798049185185e-06,0.0,
2009-06-30,86.0,86.0,4.32479345777778e-06,0.0,
2009-07-01,75.0,75.0,4.12595237925926e-06,0.0,
2009-07-02,85.0,84.0,3.57913941333333e-06,0.0,
2009-07-03,82.0,82.0,4.12595237925926e-06,0.0,
2009-07-04,82.0,89.0,4.42421399703704e-06,0.0,
2009-07-05,79.0,79.0,3.97682157037037e-06,0.0,
2009-07-06,84.0,84.0,4.5236345362963e-06,0.0,
2009-07-07,69.0,69.0,3.13174698666667e-06,0.0,
2009-07-08,74.0,74.0,3.92711130074074e-06,0.0,
2009-07-09,86.0,86.0,4.02653184e-06,0.0,
2009-07-10,81.0,81.0,4.07624210962963e-06,0.0,
2009-07-11,83.0,83.0,4.17566264888889e-06,0.0,
2009-07-12,77.0,77.0,3.77798049185185e-06,0.0,
2009-07-13,78.0,78.0,3.77798049185185e-06,0.0,
2009-07-14,69.0,69.0,3.57913941333333e-06,0.0,
2009-07-15,45.0,45.0,2.28667240296296e-06,0.0,
2009-07-16,71.0,71.0,3.43000860444444e-06,0.0,
2009-07-17,48.0,48.0,3.23116752592593e-06,0.0,
2009-07-18,4.0,4.0,1.49130808888889e-07,0.0,
2009-07-19,69.0,69.0,2.58493402074074e-06,0.0,
2009-07-20,72.0,71.0,3.72827022222222e-06,0.0,
2009-07-21,82.0,82.0,3.67855995259259e-06,0.0,
2009-07-22,61.0,61.0,3.43000860444444e-06,0.0,
2009-07-23,75.0,75.0,3.28087779555556e-06,0.0,
2009-07-24,73.0,73.0,3.72827022222222e-06,0.0,
2009-07-25,33.0,33.0,2.63464429037037e-06,0.0,
2009-07-26,20.0,20.0,6.46233505185185e-07,0.0,
2009-07-27,74.0,74.0,3.1814572562963e-06,0.0,
2009-07-28,41.0,41.0,2.1872518637037e-06,0.0,
2009-07-29,21.0,21.0,1.59072862814815e-06,0.0,
2009-07-30,16.0,15.0,6.95943774814815e-07,0.0,
2009-07-31,17.0,17.0,5.96523235555555e-07,0.0,
2009-08-01,28.0,28.0,1.14333620148148e-06,0.0,
2009-08-02,23.0,23.0,1.49130808888889e-06,0.0,
2009-08-03,12.0,12.0,7.45654044444445e-07,0.0,
2009-08-04,81.0,81.0,2.88319563851852e-06,0.0,
2009-08-05,87.0,87.0,4.5236345362963e-06,0.0,
2009-08-06,90.0,90.0,4.77218588444444e-06,0.0,
2009-08-07,82.0,81.0,3.67855995259259e-06,0.0,
2009-08-08,80.0,80.0,4.07624210962963e-06,0.0,
2009-08-09,101.0,101.0,4.8716064237037e-06,0.0,
2009-08-10,75.0,75.0,4.07624210962963e-06,0.0,
2009-08-11,70.0,70.0,3.33058806518518e-06,0.0,
2009-08-12,63.0,63.0,3.38029833481481e-06,0.0,
2009-08-13,85.0,85.0,4.02653184e-06,0.0,
2009-08-14,63.0,63.0,3.23116752592593e-06,0.0,
2009-08-15,26.0,26.0,1.69014916740741e-06,0.0,
2009-08-16,20.0,20.0,1.24275674074074e-06,0.0,
2009-08-17,17.0,17.0,8.45074583703704e-07,0.0,
2009-08-18,9.0,9.0,4.47392426666667e-07,0.0,
2009-08-19,18.0,18.0,7.45654044444445e-07,0.0,
2009-08-20,23.0,23.0,1.19304647111111e-06,0.0,
2009-08-21,13.0,13.0,7.95364314074074e-07,0.0,
2009-08-22,7.0,7.0,3.97682157037037e-07,0.0,
2009-08-23,15.0,15.0,5.96523235555555e-07,0.0,
2009-08-24,15.0,15.0,3.97682157037037e-07,0.0,
2009-08-25,51.0,51.0,2.73406482962963e-06,0.0,
2009-08-26,51.0,50.0,2.08783132444444e-06,0.0,
2009-08-27,29.0,29.0,1.49130808888889e-06,0.0,
2009-08-28,75.0,75.0,3.1814572562963e-06,0.0,
2009-08-29,78.0,78.0,4.12595237925926e-06,0.0,
2009-08-30,97.0,98.0,4.47392426666667e-06,0.0,
2009-08-31,87.0,87.0,4.67276534518518e-06,0.0,
2009-09-01,79.0,79.0,3.92711130074074e-06,0.0,
2009-09-02,65.0,65.0,3.38029833481481e-06,0.0,
2009-09-03,62.0,62.0,2.98261617777778e-06,0.0,
2009-09-04,64.0,64.0,3.13174698666667e-06,0.0,
2009-09-05,76.0,76.0,3.5294291437037e-06,0.0,
2009-09-06,68.0,68.0,3.57913941333333e-06,0.0,
2009-09-07,79.0,79.0,3.87740103111111e-06,0.0,
2009-09-08,69.0,69.0,3.28087779555556e-06,0.0,
2009-09-09,54.0,54.0,2.88319563851852e-06,0.0,
2009-09-10,67.0,67.0,3.03232644740741e-06,0.0,
2009-09-11,67.0,67.0,3.38029833481481e-06,0.0,
2009-09-12,69.0,69.0,3.5294291437037e-06,0.0,
2009-09-13,75.0,75.0,3.47971887407407e-06,0.0,
2009-09-14,74.0,74.0,4.02653184e-06,0.0,
2009-09-15,45.0,45.0,2.78377509925926e-06,0.0,
2009-09-16,72.0,72.0,2.88319563851852e-06,0.0,
2009-09-17,86.0,85.0,4.12595237925926e-06,0.0,
2009-09-18,78.0,78.0,4.02653184e-06,0.0,
2009-09-19,74.0,74.0,3.5294291437037e-06,0.0,
2009-09-20,78.0,78.0,3.92711130074074e-06,0.0,
2009-09-21,70.0,70.0,3.67855995259259e-06,0.0,
2009-09-22,27.0,27.0,1.69014916740741e-06,0.0,
2009-09-23,35.0,35.0,1.34217728e-06,0.0,
2009-09-24,97.0,97.0,4.07624210962963e-06,0.0,
2009-09-25,93.0,93.0,4.97102696296296e-06,0.0,
2009-09-26,100.0,100.0,4.67276534518518e-06,0.0,
2009-09-27,88.0,88.0,4.42421399703704e-06,0.0,
2009-09-28,85.0,85.0,4.37450372740741e-06,0.0,
2009-09-29,90.0,90.0,4.12595237925926e-06,0.0,
2009-09-30,85.0,85.0,4.32479345777778e-06,0.0,
2009-10-01,82.0,82.0,4.22537291851852e-06,0.0,
2009-10-02,73.0,73.0,3.72827022222222e-06,0.0,
2009-10-03,58.0,58.0,2.88319563851852e-06,0.0,
2009-10-04,53.0,53.0,3.03232644740741e-06,0.0,
2009-10-05,55.0,55.0,2.88319563851852e-06,0.0,
2009-10-06,45.0,46.0,2.03812105481482e-06,0.0,
2009-10-07,59.0,59.0,2.53522375111111e-06,0.0,
2009-10-08,70.0,70.0,3.47971887407407e-06,0.0,
2009-10-09,77.0,77.0,3.87740103111111e-06,0.0,
2009-10-10,79.0,79.0,3.82769076148148e-06,0.0,
2009-10-11,74.0,74.0,3.92711130074074e-06,0.0,
2009-10-12,59.0,59.0,3.08203671703704e-06,0.0,
2009-10-13,57.0,57.0,2.53522375111111e-06,0.0,
2009-10-14,69.0,69.0,2.78377509925926e-06,0.0,
2009-10-15,71.0,71.0,4.22537291851852e-06,0.0,
2009-10-16,61.0,61.0,3.23116752592593e-06,0.0,
2009-10-17,57.0,57.0,2.73406482962963e-06,0.0,
2009-10-18,75.0,75.0,3.1814572562963e-06,0.0,
2009-10-19,112.0,112.0,4.92131669333333e-06,0.0,
2009-10-20,97.0,96.0,5.51783992888889e-06,0.0,
2009-10-21,81.0,81.0,4.12595237925926e-06,0.0,
2009-10-22,91.0,91.0,4.27508318814815e-06,0.0,
2009-10-23,89.0,89.0,4.32479345777778e-06,0.0,
2009-10-24,63.0,63.0,3.72827022222222e-06,0.0,
2009-10-25,76.0,76.0,3.62884968296296e-06,0.0,
2009-10-26,71.0,71.0,3.23116752592593e-06,0.0,
2009-10-27,65.0,65.0,3.28087779555556e-06,0.0,
2009-10-28,67.0,67.0,3.1814572562963e-06,0.0,
2009-10-29,47.0,47.0,2.48551348148148e-06,0.0,
2009-10-30,60.0,60.0,3.03232644740741e-06,0.0,
2009-10-31,46.0,46.0,2.23696213333333e-06,0.0,
2009-11-01,25.0,25.0,1.49130808888889e-06,0.0,
2009-11-02,33.0,33.0,1.64043889777778e-06,0.0,
2009-11-03,62.0,62.0,2.83348536888889e-06,0.0,
2009-11-04,64.0,64.0,3.08203671703704e-06,0.0,
2009-11-05,58.0,58.0,3.1814572562963e-06,0.0,
2009-11-06,61.0,61.0,2.43580321185185e-06,0.0,
2009-11-07,69.0,69.0,3.77798049185185e-06,0.0,
2009-11-08,73.0,73.0,3.47971887407407e-06,0.0,
2009-11-09,64.0,64.0,3.23116752592593e-06,0.0,
2009-11-10,78.0,78.0,3.5294291437037e-06,0.0,
2009-11-11,66.0,73.0,3.43000860444444e-06,0.0,
2009-11-12,66.0,66.0,3.47971887407407e-06,0.0,
2009-11-13,83.0,83.0,3.47971887407407e-06,0.0,
2009-11-14,79.0,79.0,4.12595237925926e-06,0.0,
2009-11-15,96.0,96.0,4.77218588444444e-06,0.0,
2009-11-16,97.0,97.0,4.97102696296296e-06,0.0,
2009-11-17,92.0,92.0,4.5236345362963e-06,0.0,
2009-11-18,79.0,79.0,3.92711130074074e-06,0.0,
2009-11-19,72.0,72.0,3.62884968296296e-06,0.0,
2009-11-20,86.0,86.0,4.07624210962963e-06,0.0,
2009-11-21,73.0,73.0,3.82769076148148e-06,0.0,
2009-11-22,106.0,106.0,4.97102696296296e-06,0.0,
2009-11-23,96.0,96.0,4.77218588444444e-06,0.0,
2009-11-24,93.0,93.0,5.07044750222222e-06,0.0,
2009-11-25,90.0,90.0,4.22537291851852e-06,0.0,
2009-11-26,84.0,84.0,3.87740103111111e-06,0.0,
2009-11-27,74.0,74.0,3.72827022222222e-06,0.0,
2009-11-28,71.0,71.0,3.87740103111111e-06,0.0,
2009-11-29,60.0,60.0,2.88319563851852e-06,0.0,
2009-11-30,75.0,75.0,3.67855995259259e-06,0.0,
2009-12-01,75.0,74.0,3.28087779555556e-06,0.0,
2009-12-02,94.0,94.0,4.8716064237037e-06,0.0,
2009-12-03,88.0,88.0,4.22537291851852e-06,0.0,
2009-12-04,36.0,36.0,2.43580321185185e-06,0.0,
2009-12-05,36.0,65.0,2.58493402074074e-06,0.0,
2009-12-06,105.0,105.0,5.21957831111111e-06,0.0,
2009-12-07,112.0,112.0,4.67276534518518e-06,0.0,
2009-12-08,106.0,107.0,5.91552208592593e-06,0.0,
2009-12-09,109.0,109.0,4.67276534518518e-06,0.0,
2009-12-10,104.0,104.0,5.12015777185185e-06,0.0,
2009-12-11,112.0,112.0,6.2137837037037e-06,0.0,
2009-12-12,111.0,112.0,5.02073723259259e-06,0.0,
2009-12-13,114.0,114.0,5.16986804148148e-06,0.0,
2009-12-14,108.0,107.0,5.36870912e-06,0.0,
2009-12-15,113.0,112.0,5.76639127703704e-06,0.0,
2009-12-16,137.0,137.0,5.91552208592593e-06,0.0,
2009-12-17,173.0,172.0,8.00335341037037e-06,0.0,
2009-12-18,225.0,225.0,9.94205392592593e-06,0.0,
2009-12-19,199.0,199.0,1.1135100397037e-05,0.0,
2009-12-20,175.0,175.0,8.69929718518519e-06,0.0,
2009-12-21,176.0,176.0,9.29582042074074e-06,0.0,
2009-12-22,162.0,162.0,7.5559609837037e-06,0.0,
2009-12-23,154.0,154.0,8.40103556740741e-06,0.0,
2009-12-24,154.0,154.0,7.15827882666667e-06,0.0,
2009-12-25,151.0,150.0,7.80451233185185e-06,0.0,
2009-12-26,174.0,174.0,7.90393287111111e-06,0.0,
2009-12-27,168.0,168.0,8.40103556740741e-06,0.0,
2009-12-28,137.0,137.0,6.86001720888889e-06,0.0,
2009-12-29,171.0,171.0,8.15248421925926e-06,0.0,
2009-12-30,141.0,141.0,9.17315174809093e-06,0.0,
2009-12-31,138.0,138.0,8.8203382193182e-06,0.0,
2010-01-01,133.0,133.0,6.9974683206591e-06,0.0,
2010-01-02,127.0,127.0,7.6442931234091e-06,0.0,
2010-01-03,186.0,186.0,9.58476753165911e-06,0.0,
2010-01-04,184.0,183.0,1.11724284111364e-05,0.0,
2010-01-05,198.0,198.0,1.22308689974546e-05,0.0,
2010-01-06,163.0,163.0,9.29075625768183e-06,0.0,
2010-01-07,154.0,154.0,9.34955851247729e-06,0.0,
2010-01-08,153.0,153.0,8.8203382193182e-06,0.0,
2010-01-09,151.0,151.0,8.70273370972729e-06,0.0,
2010-01-10,190.0,190.0,1.12312306659318e-05,0.0,
2010-01-11,159.0,159.0,9.05554723850002e-06,0.0,
2010-01-12,162.0,161.0,1.07692484138424e-05,0.0,
2010-01-13,168.0,166.0,1.02502484902837e-05,0.0,
2010-01-14,146.0,145.0,1.02502484902837e-05,0.0,
2010-01-15,142.0,142.0,8.82299870049741e-06,0.0,
2010-01-16,126.0,126.0,8.69324871960773e-06,0.0,
2010-01-17,131.0,131.0,7.97962382471457e-06,0.0,
2010-01-18,127.0,126.0,8.4337487578284e-06,0.0,
2010-01-19,124.0,124.0,7.72012386293523e-06,0.0,
2010-01-20,158.0,158.0,9.08249866227674e-06,0.0,
2010-01-21,183.0,184.0,1.15477482991804e-05,0.0,
2010-01-22,136.0,136.0,9.73124856672508e-06,0.0,
2010-01-23,163.0,162.0,9.79612355716991e-06,0.0,
2010-01-24,155.0,155.0,9.40687361450091e-06,0.0,
2010-01-25,215.0,215.0,1.35648225052015e-05,0.0,
2010-01-26,201.0,201.0,1.34980007194616e-05,0.0,
2010-01-27,165.0,166.0,1.18274560759639e-05,0.0,
2010-01-28,178.0,179.0,1.15601689330042e-05,0.0,
2010-01-29,199.0,201.0,1.28966046478024e-05,0.0,
2010-01-30,214.0,214.0,1.20279214331836e-05,0.0,
2010-01-31,167.0,167.0,1.37652878624212e-05,0.0,
2010-02-01,193.0,193.0,1.19610996474437e-05,0.0,
2010-02-02,146.0,146.0,9.48869357506706e-06,0.0,
2010-02-03,271.0,272.0,1.62376939347979e-05,0.0,
2010-02-04,234.0,234.0,1.5435832505919e-05,0.0,
2010-02-05,228.0,227.0,2.21493497278633e-05,0.0,
2010-02-06,195.0,206.0,1.72674522368241e-05,0.0,
2010-02-07,224.0,222.0,1.87139403823172e-05,0.0,
2010-02-08,208.0,208.0,1.90755624186905e-05,0.0,
2010-02-09,211.0,210.0,1.88947514005038e-05,0.0,
2010-02-10,171.0,173.0,1.43744759458378e-05,0.0,
2010-02-11,172.0,174.0,1.60921806186109e-05,0.0,
2010-02-12,189.0,188.0,1.69058302004508e-05,0.0,
2010-02-13,235.0,235.0,2.02508340369036e-05,0.0,
2010-02-14,215.0,219.0,1.86235348732239e-05,0.0,
2010-02-15,187.0,185.0,2.32460914215077e-05,0.0,
2010-02-16,202.0,201.0,2.1989545939264e-05,0.0,
2010-02-17,248.0,250.0,2.91518551880528e-05,0.0,
2010-02-18,214.0,215.0,2.87748915433797e-05,0.0,
2010-02-19,197.0,195.0,2.24921641321615e-05,0.0,
2010-02-20,210.0,210.0,2.78953097058092e-05,0.0,
2010-02-21,227.0,227.0,2.68900733200143e-05,0.0,
2010-02-22,266.0,265.0,3.20419097972132e-05,0.0,
2010-02-23,251.0,251.0,3.15392916043158e-05,0.0,
2010-02-24,176.0,177.0,3.57130536259464e-05,0.0,
2010-02-25,158.0,158.0,2.78185891402109e-05,0.0,
2010-02-26,177.0,176.0,3.19537848232152e-05,0.0,
2010-02-27,175.0,175.0,3.25176751436248e-05,0.0,
2010-02-28,159.0,159.0,3.04500773021227e-05,0.0,
2010-03-01,199.0,199.0,3.49611998654001e-05,0.0,
2010-03-02,193.0,193.0,3.68408342667657e-05,0.0,
2010-03-03,157.0,158.0,2.78185891402109e-05,0.0,
2010-03-04,188.0,188.0,3.42093461048539e-05,0.0,
2010-03-05,173.0,173.0,3.2893602023898e-05,0.0,
2010-03-06,182.0,183.0,3.43973095449905e-05,0.0,
2010-03-07,183.0,183.0,3.25176751436248e-05,0.0,
2010-03-08,132.0,130.0,3.06328161893475e-05,0.0,
2010-03-09,148.0,148.0,3.33357117354664e-05,0.0,
2010-03-10,170.0,169.0,3.35609530309763e-05,0.0,
2010-03-11,136.0,136.0,3.28852291444466e-05,0.0,
2010-03-12,123.0,123.0,2.65784728701692e-05,0.0,
2010-03-13,154.0,154.0,3.55881246905655e-05,0.0,
2010-03-14,127.0,127.0,2.81551619387385e-05,0.0,
2010-03-15,143.0,140.0,2.79299206432286e-05,0.0,
2010-03-16,129.0,129.0,3.06328161893475e-05,0.0,
2010-03-17,139.0,139.0,2.77046793477187e-05,0.0,
2010-03-18,148.0,149.0,3.51376420995457e-05,0.0,
2010-03-19,162.0,162.0,2.99570923028178e-05,0.0,
2010-03-20,207.0,204.0,4.34715700334123e-05,0.0,
2010-03-21,187.0,190.0,4.07686744872934e-05,0.0,
2010-03-22,185.0,186.0,4.01675798141592e-05,0.0,
2010-03-23,215.0,220.0,4.65217732310883e-05,0.0,
2010-03-24,180.0,182.0,3.9486773376631e-05,0.0,
2010-03-25,201.0,202.0,4.22099991267435e-05,0.0,
2010-03-26,204.0,213.0,4.42524184393279e-05,0.0,
2010-03-27,183.0,184.0,3.9486773376631e-05,0.0,
2010-03-28,190.0,192.0,4.40254829601518e-05,0.0,
2010-03-29,201.0,207.0,4.35716120017998e-05,0.0,
2010-03-30,218.0,221.0,4.78833861061445e-05,0.0,
2010-03-31,213.0,214.0,4.69756441894404e-05,0.0,
2010-04-01,173.0,179.0,5.71745218883927e-05,0.0,
2010-04-02,159.0,161.0,4.47715832776832e-05,0.0,
2010-04-03,168.0,166.0,5.02167758384825e-05,0.0,
2010-04-04,178.0,183.0,5.02167758384825e-05,0.0,
2010-04-05,181.0,181.0,5.02167758384825e-05,0.0,
2010-04-06,174.0,174.0,4.38640511842166e-05,0.0,
2010-04-07,202.0,204.0,5.83845646796815e-05,0.0,
2010-04-08,196.0,195.0,5.89895860753258e-05,0.0,
2010-04-09,234.0,224.0,5.35443935145265e-05,0.0,
2010-04-10,295.0,298.0,7.26025674773241e-05,0.0,
2010-04-11,261.0,265.0,7.23000567795019e-05,0.0,
2010-04-12,237.0,247.0,8.43531550865232e-05,0.0,
2010-04-13,204.0,209.0,6.41394958031167e-05,0.0,
2010-04-14,221.0,223.0,7.77448433977172e-05,0.0,
2010-04-15,290.0,290.0,8.00771886996488e-05,0.0,
2010-04-16,229.0,234.0,7.85222918316944e-05,0.0,
2010-04-17,241.0,250.0,8.16320855676031e-05,0.0,
2010-04-18,3359.0,3351.0,0.000103011917501975,0.0,
2010-04-19,268.0,276.0,8.43531550865232e-05,0.0,
2010-04-20,232.0,243.0,7.96884644826601e-05,0.0,
2010-04-21,243.0,251.0,8.59080519544775e-05,0.0,
2010-04-22,191.0,199.0,0.000100871278676606,0.0,
2010-04-23,201.0,200.0,8.54841344716997e-05,0.0,
2010-04-24,195.0,202.0,8.37744517822657e-05,0.0,
2010-04-25,189.0,205.0,9.6312124838115e-05,0.0,
2010-04-26,207.0,211.0,9.68820190679263e-05,0.0,
2010-04-27,222.0,233.0,9.68820190679263e-05,0.0,
2010-04-28,218.0,227.0,9.9731490216983e-05,0.0,
2010-04-29,174.0,180.0,9.06131825400017e-05,0.0,
2010-04-30,170.0,170.0,8.71938171611337e-05,0.0,
2010-05-01,203.0,210.0,9.2892759459247e-05,0.0,
2010-05-02,170.0,180.0,9.68820190679263e-05,0.0,
2010-05-03,178.0,188.0,9.11830767698131e-05,0.0,
2010-05-04,161.0,177.0,8.30357266438458e-05,0.0,
2010-05-05,158.0,162.0,9.32555083846268e-05,0.0,
2010-05-06,169.0,177.0,9.64491901786208e-05,0.0,
2010-05-07,147.0,158.0,8.36744630026446e-05,0.0,
2010-05-08,147.0,182.0,9.45329811022244e-05,0.0,
2010-05-09,178.0,183.0,9.07005629494315e-05,0.0,
2010-05-10,148.0,157.0,8.75068811554374e-05,0.0,
2010-05-11,126.0,131.0,7.34546812618635e-05,0.0,
2010-05-12,144.0,158.0,7.72870994146564e-05,0.0,
2010-05-13,155.0,167.0,8.30357266438458e-05,0.0,
2010-05-14,149.0,153.0,7.66483630558576e-05,0.0,
2010-05-15,106.0,113.0,6.77060540326742e-05,0.0,
2010-05-16,127.0,134.0,6.13186904446861e-05,0.0,
2010-05-17,163.0,177.0,9.19780356670291e-05,0.0,
2010-05-18,208.0,223.0,0.000107307708278201,0.0,
2010-05-19,204.0,207.0,0.000103475290125408,0.0,
2010-05-20,226.0,237.0,0.000107764892761115,0.0,
2010-05-21,215.0,235.0,0.000108942651151947,0.0,
2010-05-22,223.0,226.0,0.000113064805519858,0.0,
2010-05-23,306.0,309.0,0.000126609027014425,0.0,
2010-05-24,239.0,250.0,0.000111887047129027,0.0,
2010-05-25,247.0,254.0,0.000126609027014425,0.0,
2010-05-26,279.0,287.0,0.000124842389428177,0.0,
2010-05-27,244.0,267.0,0.000114831443106106,0.0,
2010-05-28,278.0,277.0,0.000128964543796089,0.0,
2010-05-29,233.0,239.0,0.000162749360492923,0.0,
2010-05-30,195.0,200.0,0.000124746971748383,0.0,
2010-05-31,190.0,194.0,0.000125573110634133,0.0,
2010-06-01,178.0,183.0,0.000109876471804867,0.0,
2010-06-02,189.0,194.0,0.000109876471804867,0.0,
2010-06-03,219.0,235.0,0.000129703805062888,0.0,
2010-06-04,172.0,173.0,0.000109876471804867,0.0,
2010-06-05,181.0,190.0,0.000114833305119372,0.0,
2010-06-06,191.0,200.0,0.000124746971748383,0.0,
2010-06-07,200.0,209.0,0.000128877666177137,0.0,
2010-06-08,220.0,223.0,0.000130529943948639,0.0,
2010-06-09,223.0,220.0,0.000133834499491642,0.0,
2010-06-10,218.0,217.0,0.000137965193920397,0.0,
2010-06-11,251.0,247.0,0.000138791332806148,0.0,
2010-06-12,203.0,213.0,0.000118373269418034,0.0,
2010-06-13,233.0,238.0,0.000139110192527763,0.0,
2010-06-14,255.0,258.0,0.000131333846361615,0.0,
2010-06-15,279.0,269.0,0.00016935153872945,0.0,
2010-06-16,195.0,192.0,0.000127013654047088,0.0,
2010-06-17,204.0,204.0,0.000123557500195466,0.0,
2010-06-18,190.0,193.0,0.000127877692509993,0.0,
2010-06-19,216.0,214.0,0.000136518077139047,0.0,
2010-06-20,232.0,228.0,0.000149478654082627,0.0,
2010-06-21,264.0,242.0,0.000139974230990668,0.0,
2010-06-22,236.0,227.0,0.000136518077139047,0.0,
2010-06-23,264.0,257.0,0.000147750577156816,0.0,
2010-06-24,239.0,240.0,0.00017556041368173,0.0,
2010-06-25,206.0,210.0,0.000146621883953973,0.0,
2010-06-26,199.0,201.0,0.000157232678187484,0.0,
2010-06-27,220.0,234.0,0.000153374207557116,0.0,
2010-06-28,206.0,230.0,0.000157232678187484,0.0,
2010-06-29,244.0,264.0,0.0001553034428723,0.0,
2010-06-30,261.0,273.0,0.000177489648996914,0.0,
2010-07-01,268.0,283.0,0.00020064047277912,0.0,
2010-07-02,223.0,242.0,0.000168808090078587,0.0,
2010-07-03,261.0,286.0,0.000192923531518385,0.0,
2010-07-04,205.0,224.0,0.000179418884312098,0.0,
2010-07-05,226.0,251.0,0.000169772707736179,0.0,
2010-07-06,199.0,209.0,0.000196266643975214,0.0,
2010-07-07,222.0,218.0,0.000179911090310613,0.0,
2010-07-08,223.0,223.0,0.000184584105643356,0.0,
2010-07-09,267.0,268.0,0.000220799974472116,0.0,
2010-07-10,239.0,240.0,0.000227809497471231,0.0,
2010-07-11,452.0,353.0,0.000206780928473886,0.0,
2010-07-12,3368.0,2300.0,0.000599314216424314,0.0,
2010-07-13,1796.0,1479.0,0.00167856925065505,0.0,
2010-07-14,6548.0,6132.0,0.00129502520144623,0.0,
2010-07-15,1568.0,1329.0,0.00140783227474294,0.0,
2010-07-16,1436.0,1182.0,0.00539669038651462,0.0,
2010-07-17,1436.0,408.0,0.00165149555306384,0.0,
2010-07-18,519.0,420.0,0.00161539728960889,0.0,
2010-07-19,667.0,528.0,0.00148002880165284,0.0,
2010-07-20,714.0,594.0,0.00160637272374515,0.0,
2010-07-21,524.0,463.0,0.00182296230447484,0.0,
2010-07-22,477.0,397.0,0.00168759381651879,0.0,
2010-07-23,481.0,411.0,0.00175076577756494,0.0,
2010-07-24,743.0,894.0,0.00166954468479131,0.0,
2010-07-25,1881.0,1823.0,0.00193125709483968,0.0,
2010-07-26,524.0,467.0,0.00234638712457157,0.0,
2010-07-27,511.0,426.0,0.0021244834042325,0.0,
2010-07-28,429.0,1951.0,0.00196666463706094,0.0,
2010-07-29,431.0,1867.0,0.0021244834042325,0.0,
2010-07-30,374.0,325.0,0.0022094627404018,0.0,
2010-07-31,339.0,295.0,0.0022944420765711,0.0,
2010-08-01,429.0,364.0,0.00268291904191647,0.0,
2010-08-02,431.0,398.0,0.00308353591242889,0.0,
2010-08-03,701.0,648.0,0.00276789837808577,0.0,
2010-08-04,539.0,439.0,0.00276789837808577,0.0,
2010-08-05,634.0,515.0,0.00296213686075846,0.0,
2010-08-06,422.0,359.0,0.00281847061359461,0.0,
2010-08-07,303.0,273.0,0.00248585606913314,0.0,
2010-08-08,437.0,391.0,0.00336115750192649,0.0,
2010-08-09,511.0,424.0,0.00330863941595889,0.0,
2010-08-10,370.0,340.0,0.0036237479317645,0.0,
2010-08-11,451.0,412.0,0.00379880821832317,0.0,
2010-08-12,450.0,392.0,0.00381631424697904,0.0,
2010-08-13,609.0,516.0,0.00379880821832317,0.0,
2010-08-14,440.0,434.0,0.00456907347918133,0.0,
2010-08-15,297.0,315.0,0.00699611010373118,0.0,
2010-08-16,521.0,453.0,0.0029510864437557,0.0,
2010-08-17,365.0,318.0,0.00333269244941376,0.0,
2010-08-18,450.0,377.0,0.00338357325016817,472.6092,
2010-08-19,355.0,325.0,0.0035616560528086,479.5,
2010-08-20,458.0,423.0,0.00424854686299312,682.5,
2010-08-21,389.0,342.0,0.00468103366940559,605.5,
2010-08-22,373.0,366.0,0.00506263967506365,742.0,
2010-08-23,415.0,369.0,0.00552056688185333,752.5,
2010-08-24,431.0,379.0,0.00521528207732688,759.556,
2010-08-25,379.0,365.0,0.00577497088562537,770.0,
2010-08-26,388.0,368.0,0.00529160327845849,1008.0,
2010-08-27,323.0,294.0,0.00551599462684495,598.5,
2010-08-28,382.0,339.0,0.00554698336070363,595.000000077,
2010-08-29,291.0,260.0,0.00489621994967136,498.0144,
2010-08-30,359.0,329.0,0.00461732134494324,535.5252,
2010-08-31,456.0,441.0,0.00542302842526891,644.014000021,
2010-09-01,431.0,380.0,0.00545401715912759,471.004800012,
2010-09-02,343.0,321.0,0.0046792988126606,498.0,
2010-09-03,373.0,319.0,0.00495819741738872,504.0,
2010-09-04,307.0,274.0,0.00554698336070363,543.0,
2010-09-05,354.0,311.0,0.00502017488510608,495.0006,
2010-09-06,309.0,278.0,0.00523709602211683,486.000000006,
2010-09-07,290.0,282.0,0.0046792988126606,534.0,
2010-09-08,387.0,339.0,0.00538653022242855,513.000000024,
2010-09-09,362.0,324.0,0.00535109252359678,411.006600006,
2010-09-10,394.0,360.0,0.00605984650023212,549.000000006,
2010-09-11,330.0,305.0,0.00574090721074621,492.0,
2010-09-12,425.0,379.0,0.00648509888621332,531.009,
2010-09-13,512.0,436.0,0.00581178260840975,519.000000006,
2010-09-14,459.0,424.0,0.00691035127219452,609.0005762112,
2010-09-15,484.0,430.0,0.00666228738037215,760.5,
2010-09-16,425.0,438.0,0.00673316277803568,1702.5,
2010-09-17,375.0,361.0,0.00765454294766162,642.0,
2010-09-18,410.0,399.0,0.00839873462312872,711.0108,
2010-09-19,389.0,355.0,0.00958137886113681,645.0,
2010-09-20,525.0,465.0,0.00962700447476127,615.0,
2010-09-21,968.0,810.0,0.00807573361152959,522.000000006,
2010-09-22,845.0,673.0,0.00789323115703175,522.0,
2010-09-23,725.0,655.0,0.00967263008838573,708.0,
2010-09-24,572.0,501.0,0.0112239009516174,690.0,
2010-09-25,602.0,532.0,0.00921637395214112,621.0,
2010-09-26,435.0,400.0,0.00898824588401881,621.0,
2010-09-27,693.0,603.0,0.0108588960426217,687.0012,
2010-09-28,492.0,491.0,0.00985513254288357,912.0864,
2010-09-29,971.0,975.0,0.0116026055429805,498.0,
2010-09-30,456.0,365.0,0.00924275356813698,438.0,
2010-10-01,672.0,584.0,0.0102260252243218,468.0336,
2010-10-02,602.0,501.0,0.0071451073682761,300.0004660878,
2010-10-03,488.0,377.0,0.00793172469322393,372.000465975,
2010-10-04,512.0,407.0,0.0100949223368305,477.0000000594,
2010-10-05,491.0,371.0,0.00806282758071523,378.0,
2010-10-06,484.0,407.0,0.00996381944933915,519.0000000654,
2010-10-07,407.0,340.0,0.0113403997679978,486.0,
2010-10-08,454.0,363.0,0.0101604737805761,546.0,
2010-10-09,484.0,401.0,0.0100293708930848,790.0,
2010-10-10,451.0,363.0,0.0112748483242522,1080.0,
2010-10-11,424.0,342.0,0.0108159882180326,966.0000001308,
2010-10-12,447.0,352.0,0.0109603442625967,978.0,
2010-10-13,457.0,364.0,0.0115768636273677,890.035,
2010-10-14,443.0,367.0,0.013152413115116,1035.0,
2010-10-15,403.0,328.0,0.0126728980536274,1006.5,
2010-10-16,511.0,441.0,0.0163720142422538,1584.0,
2010-10-17,541.0,457.0,0.0193176067628266,1529.0,
2010-10-18,713.0,579.0,0.0178790615783608,1305.002,
2010-10-19,1197.0,924.0,0.0166460228488187,1300.0,
2010-10-20,912.0,713.0,0.0160295034840476,1560.0,
2010-10-21,697.0,552.0,0.0248910297496032,930.000776615,
2010-10-22,764.0,602.0,0.0163447534407265,858.0,
2010-10-23,671.0,517.0,0.0185881509718067,1325.5055,
2010-10-24,671.0,552.0,0.020190577779721,1345.5,
2010-10-25,517.0,410.0,0.0224339753108011,1845.0,
2010-10-26,683.0,518.0,0.0258524858343518,1992.0,
2010-10-27,770.0,568.0,0.0226476322185231,2080.5,
2010-10-28,644.0,486.0,0.0229681175801059,2118.5,
2010-10-29,542.0,467.0,0.0251046866573251,2175.5,
2010-10-30,463.0,426.0,0.0256388289266299,2489.0,
2010-10-31,345.0,307.0,0.0279717755492162,1738.5,
2010-11-01,399.0,351.0,0.0288939219958937,1790.0,
2010-11-02,322.0,286.0,0.0258201005069688,1780.0,
2010-11-03,407.0,347.0,0.0308919059636949,2037.0,
2010-11-04,378.0,342.0,0.0293549952192324,2794.5,
2010-11-05,490.0,442.0,0.0336583453037272,2724.0,
2010-11-06,447.0,394.0,0.0310455970381411,2750.0,
2010-11-07,486.0,451.0,0.0381153864626683,4233.0,
2010-11-08,572.0,515.0,0.0401133704304695,6509.8901,
2010-11-09,446.0,409.0,0.0541208080126503,3978.0,
2010-11-10,458.0,397.0,0.0435221497768396,3248.0,
2010-11-11,442.0,395.0,0.0523167810788953,2847.0,
2010-11-12,315.0,286.0,0.0385610757090134,2124.0,
2010-11-13,373.0,343.0,0.0493852373115434,2977.0,
2010-11-14,457.0,416.0,0.0536698012792116,4170.0,
2010-11-15,4210.0,4871.0,0.0498362440449822,3060.144,
2010-11-16,3075.0,9105.0,0.0408161093762071,2870.0,
2010-11-17,496.0,435.0,0.0563758416798441,3654.0,
2010-11-18,469.0,1494.0,0.059307385447196,3738.0,
2010-11-19,402.0,9632.0,0.0566649936377225,2233.0232,
2010-11-20,645.0,9731.0,0.039255869086374,1652.2828,
2010-11-21,578.0,10044.0,0.0460829767535695,2088.3016,
2010-11-22,418.0,343.0,0.0546168613375639,2450.6624,
2010-11-23,411.0,341.0,0.0491551752038075,2016.1372,
2010-11-24,621.0,3936.0,0.0631507459215583,2595.558,
2010-11-25,668.0,4983.0,0.0518860182706857,2562.0,
2010-11-26,955.0,1314.0,0.0692951428220342,2828.1036,
2010-11-27,564.0,445.0,0.0624680351548387,2668.0058,
2010-11-28,542.0,454.0,0.0566649936377225,2436.0,
2010-11-29,544.0,454.0,0.0723673412722722,3066.0084,
2010-11-30,577.0,454.0,0.0843295455223728,2968.0028,
2010-12-01,701.0,512.0,0.0710777597974285,2522.0104,
2010-12-02,557.0,460.0,0.0775028680277046,2185.0138,
2010-12-03,481.0,384.0,0.0771012987633123,2412.5025,
2010-12-04,537.0,418.0,0.0879436689019031,3185.0028358902,
2010-12-05,531.0,434.0,0.0955734849253559,3112.5075,
2010-12-06,564.0,465.0,0.0963766234541404,2863.5103930399,
2010-12-07,745.0,573.0,0.0935656386033946,2863.5188936651,
2010-12-08,674.0,523.0,0.0927625000746101,2806.0092,
2010-12-09,599.0,486.0,0.100392316098063,2837.50997886,
2010-12-10,501.0,373.0,0.0913575317385561,1713.5161,
2010-12-11,856.0,550.0,0.104756636393544,1900.5246220758,
2010-12-12,979.0,643.0,0.105974736816725,2081.5364720476,
2010-12-13,965.0,646.0,0.0925756321617369,1644.5716395904,
2010-12-14,908.0,637.0,0.099275184489231,1932.0112523797,
2010-12-15,895.0,658.0,0.109019987874677,3783.5155090196,
2010-12-16,706.0,531.0,0.11328333935581,2187.525892365,
2010-12-17,604.0,462.0,0.105365686605135,2100.058608235,
2010-12-18,688.0,499.0,0.0962299334312791,2037.51663391,
2010-12-19,741.0,551.0,0.112065238932629,2700.0314112975,
2010-12-20,1120.0,932.0,0.0968389836428695,2145.0174182242,
2010-12-21,846.0,630.0,0.119982891683304,3456.0297,
2010-12-22,888.0,659.0,0.113761835381064,2281.5479062404,
2010-12-23,822.0,519.0,0.102961661136026,1911.0156,
2010-12-24,711.0,531.0,0.108001742450377,1850.01957332,
2010-12-25,914.0,634.0,0.116641881846407,2100.01685763,
2010-12-26,843.0,584.0,0.10584170760137,1837.5264112975,
2010-12-27,701.0,526.0,0.115921870230071,2295.0206941959,
2010-12-28,877.0,661.0,0.121681963160758,2362.5279160209,
2010-12-29,696.0,513.0,0.123841998009766,2508.5393662443,
2010-12-30,797.0,593.0,0.115201858613736,2625.027715656,
2010-12-31,724.0,555.0,0.118081905079079,2430.007005183,
2011-01-01,724.0,659.0,0.128162067707781,2775.026745774,
2011-01-02,740.0,569.0,0.129602090940453,2775.026690469,
2011-01-03,1023.0,1128.0,0.132945991858135,2340.218476206,
2011-01-04,907.0,979.0,0.115111773438141,2115.009387273,
2011-01-05,1111.0,1310.0,0.121596943772684,2370.027862842,
2011-01-06,842.0,694.0,0.119165004897231,2115.024925803,
2011-01-07,1005.0,1020.0,0.116733066021777,2550.016057536,
2011-01-08,1263.0,1436.0,0.155644088029036,2720.0056493856,
2011-01-09,1132.0,1223.0,0.12321823635632,2608.0448,
2011-01-10,1187.0,1312.0,0.135377930733588,2688.0252303008,
2011-01-11,1257.0,1362.0,0.131324699274499,2970.0170033061,
2011-01-12,1039.0,1162.0,0.135377930733588,2854.595899287,
2011-01-13,1152.0,1266.0,0.149969563986311,3456.0089779932,
2011-01-14,1096.0,1262.0,0.141052454776314,3843.0272743254,
2011-01-15,1171.0,962.0,0.157644927140008,3542.0461731028,
2011-01-16,1214.0,931.0,0.158561467414078,3600.03451144,
2011-01-17,1116.0,830.0,0.158561467414078,3620.06322992,
2011-01-18,1126.0,818.0,0.142980282754891,2940.017007708,
2011-01-19,1221.0,917.0,0.162227628510357,3363.019,
2011-01-20,1206.0,924.0,0.153978766043729,3360.0410783345,
2011-01-21,1520.0,1166.0,0.163144168784427,3420.0229845888,
2011-01-22,1703.0,1422.0,0.15031260494745,3718.206463026,
2011-01-23,1413.0,1081.0,0.155811846591869,3741.1543954517,
2011-01-24,1673.0,1319.0,0.164977249332567,4136.1012,
2011-01-25,1166.0,889.0,0.142980282754891,3476.0567860436,
2011-01-26,1251.0,1005.0,0.178725353443614,3913.0473,
2011-01-27,1119.0,841.0,0.175078625840305,3402.252,
2011-01-28,1403.0,1081.0,0.17836135007481,3483.0258,
2011-01-29,1694.0,1347.0,0.164136211725285,3667.698880236,
2011-01-30,2852.0,2592.0,0.179455591486312,3511.269489546,
2011-01-31,1777.0,1393.0,0.164136211725285,4176.3648,
2011-02-01,1336.0,1013.0,0.195869212658841,5002.4825636068,
2011-02-02,1127.0,896.0,0.177267108663308,7268.046,
2011-02-03,989.0,789.0,0.163041970313784,8446.2855155868,
2011-02-04,1169.0,954.0,0.207905868185362,7722.0964068456,
2011-02-05,1055.0,832.0,0.200246178304848,7965.6408537407,
2011-02-06,1102.0,909.0,0.191492247012833,8142.1114358096,
2011-02-07,1091.0,892.0,0.225413730769392,9614.2902342768,
2011-02-08,1092.0,846.0,0.222286198822337,7740.159632928,
2011-02-09,1726.0,1227.0,0.236502176653999,8827.0596207248,
2011-02-10,3019.0,2034.0,0.244256346380359,9118.8564557576,
2011-02-11,3680.0,2355.0,0.246841069622479,10044.5390354196,
2011-02-12,2872.0,1912.0,0.245548708001419,10094.7641254202,
2011-02-13,2626.0,1822.0,0.263641770696261,11009.2616,
2011-02-14,2829.0,2006.0,0.240379261517179,10586.9592,
2011-02-15,2893.0,2224.0,0.273980663664741,12366.2629388844,
2011-02-16,2557.0,2090.0,0.298535534464883,12636.6372,
2011-02-17,3147.0,2250.0,0.310166789054424,12757.6296350265,
2011-02-18,2992.0,2056.0,0.391485054897639,11235.5565,
2011-02-19,2313.0,1583.0,0.318987822509188,8372.5616,
2011-02-20,2752.0,1939.0,0.340736992225723,10200.2,
2011-02-21,2900.0,1970.0,0.3371121306063,9212.3854,
2011-02-22,3230.0,2196.0,0.384235331658794,9724.2248120336,
2011-02-23,3287.0,2263.0,0.440420686759844,10813.8362898553,
2011-02-24,3083.0,2109.0,0.387860193278217,10022.659309984,
2011-02-25,2959.0,2060.0,0.402359639755907,10800.3945326592,
2011-02-26,2959.0,1952.0,0.454920133237534,13800.56049575,
2011-02-27,3122.0,2269.0,0.748873252294981,12153.0584,
2011-02-28,2510.0,1720.0,0.461482779089527,7200.4971396192,
2011-03-01,4420.0,2729.0,0.359238091506817,6175.4010460815,
2011-03-02,2979.0,2009.0,0.467009518958862,8342.448819,
2011-03-03,4402.0,3204.0,0.505696698044212,8936.73265000001,
2011-03-04,2802.0,1982.0,0.549910616998897,10387.677458,
2011-03-05,2923.0,2048.0,0.732293032686974,13068.7349760186,
2011-03-06,2870.0,2031.0,0.746109882360313,12608.78538,
2011-03-07,2857.0,1926.0,0.649391934646939,9605.93913814081,
2011-03-08,3483.0,2440.0,0.53333039739089,8785.1036000182,
2011-03-09,2849.0,1834.0,0.598433792945317,7472.977013673,
2011-03-10,2519.0,1661.0,0.450719122534764,4929.9697369472,
2011-03-11,2579.0,1884.0,0.511320012959607,5790.8581839435,
2011-03-12,2722.0,2956.0,0.518895124262712,6604.4572506474,
2011-03-13,2490.0,2711.0,0.450719122534764,5475.624161514,
2011-03-14,2161.0,2643.0,0.443144011231659,5279.6620451575,
2011-03-15,2849.0,2854.0,0.367392898200606,5041.647179991,
2011-03-16,2541.0,3183.0,0.552983125126686,6121.629,
2011-03-17,2782.0,3367.0,0.496169790353396,6275.7365597166,
2011-03-18,2541.0,2371.0,0.522682679914265,5221.1757179913,
2011-03-19,2751.0,3189.0,0.412843566019238,5083.039746078,
2011-03-20,4021.0,4076.0,0.47344445644408,5783.87580453401,
2011-03-21,4196.0,5855.0,0.587071125990659,5852.8476354305,
2011-03-22,3340.0,2238.0,0.477232012095633,4708.818858,
2011-03-23,6112.0,4570.0,0.560558236429791,6698.12778578701,
2011-03-24,3675.0,2164.0,0.575708459036002,6715.1897994684,
2011-03-25,3421.0,1999.0,0.613584015551528,7969.72743000001,
2011-03-26,4144.0,3335.0,0.483475502411536,6323.102989,
2011-03-27,4110.0,2463.0,0.524622353680603,6530.69720943,
2011-03-28,4225.0,2931.0,0.558911396404825,7746.9961,
2011-03-29,3966.0,2718.0,0.528051257953025,6848.87288400841,
2011-03-30,3024.0,1756.0,0.53490906649787,6243.30472,
2011-03-31,3556.0,2095.0,0.692638663029293,8283.2,
2011-04-01,2714.0,1579.0,0.600058247673892,8883.59999999999,
2011-04-02,2878.0,1772.0,0.648062907487804,7442.22432001599,
2011-04-03,3089.0,1805.0,0.572627013494514,7403.60729063999,
2011-04-04,3829.0,2309.0,0.617202769036003,11287.774283776,
2011-04-05,3576.0,2119.0,0.692638663029293,7781.10471600001,
2011-04-06,3212.0,1864.0,0.568985959863672,5403.5282160072,
2011-04-07,2792.0,1677.0,0.663134715812337,5589.78015,
2011-04-08,3002.0,1767.0,0.638574170782251,6555.22147800001,
2011-04-09,3069.0,1733.0,0.650854443297294,6165.3259,
2011-04-10,2907.0,1744.0,0.687695260842424,6818.55304069171,
2011-04-11,3239.0,1943.0,0.630387322438889,6425.37219572639,
2011-04-12,3373.0,2077.0,0.683601836670743,6605.3033784414,
2011-04-13,3658.0,2371.0,0.8227782585079,8927.7357519908,
2011-04-14,5169.0,2881.0,0.667228139984018,8033.199669,
2011-04-15,3162.0,2018.0,0.552612263176948,6862.4500426104,
2011-04-16,3277.0,2154.0,0.683601836670743,9541.51216547841,
2011-04-17,3549.0,2257.0,0.728629502559235,10030.378925,
2011-04-18,4471.0,3035.0,0.716137288756555,8328.6354764289,
2011-04-19,5303.0,3598.0,0.647277934068425,9246.781538556,
2011-04-20,4321.0,2969.0,0.661049805006051,8576.50243884211,
2011-04-21,3329.0,1915.0,0.757452901569433,8824.04848056,
2011-04-22,3411.0,2097.0,0.794177890736436,10830.5067,
2011-04-23,3854.0,2310.0,0.78040601979881,11875.274256,
2011-04-24,3668.0,2273.0,0.725318536048305,13706.240001729,
2011-04-25,4239.0,2592.0,0.863037245424566,18349.4680725888,
2011-04-26,5159.0,3455.0,0.885990363653943,16681.2532803369,
2011-04-27,6326.0,4580.0,0.872218492716317,16303.3967884954,
2011-04-28,5070.0,3035.0,0.729909159694181,17398.05666,
2011-04-29,5637.0,3534.0,0.927305976466821,26619.7413945274,
2011-04-30,6883.0,4473.0,1.008570400813,28854.034934296,
2011-05-01,6246.0,3949.0,1.06853945167215,38342.7418479048,
2011-05-02,4894.0,3095.0,0.970408277538992,38926.5141685225,
2011-05-03,5023.0,2935.0,1.1285085025313,34916.8084713061,
2011-05-04,5060.0,2800.0,1.01402213270928,34595.8368932475,
2011-05-05,5822.0,3464.0,1.24299487235332,39728.8910339744,
2011-05-06,5777.0,3290.0,1.08489464736101,38746.7080584672,
2011-05-07,6034.0,3887.0,1.19392928528674,39120.0911831152,
2011-05-08,5207.0,2898.0,1.12305677063501,41840.64722115,
2011-05-09,6069.0,3516.0,1.35748124217533,47940.2301005778,
2011-05-10,5567.0,3151.0,1.56504235595478,39679.07234296,
2011-05-11,5601.0,3090.0,1.46331460281772,52790.9038079582,
2011-05-12,5738.0,3361.0,1.28333473188292,51081.6893380848,
2011-05-13,7459.0,4064.0,1.57286756773456,68523.877733554,
2011-05-14,7550.0,4414.0,1.94065252138393,103700.173660928,
2011-05-15,6879.0,3770.0,1.78414828578845,98033.8275096893,
2011-05-16,9982.0,4349.0,1.75284743866936,105594.069335048,
2011-05-17,8950.0,4464.0,2.03455506274122,109803.428737757,
2011-05-18,10834.0,5581.0,2.21453493367602,119250.451258641,
2011-05-19,10305.0,4663.0,2.19641646328717,67163.5755188199,
2011-05-20,9754.0,4795.0,2.71821705953771,83119.2753586832,
2011-05-21,9084.0,4964.0,2.58473318607827,77625.3547125034,
2011-05-22,9506.0,5282.0,3.08226398715437,84071.537173874,
2011-05-23,10231.0,5745.0,3.36136663166047,98185.9018975187,
2011-05-24,11578.0,5865.0,3.57979478823047,112115.022781401,
2011-05-25,12714.0,6258.0,3.5433900954688,112473.035816606,
2011-05-26,12132.0,6967.0,3.85889743273657,117828.58719923,
2011-05-27,8881.0,4853.0,4.28033532740519,77198.2240307668,
2011-05-28,9810.0,5013.0,3.35076755428184,69835.8869034816,
2011-05-29,9193.0,4753.0,3.73988894768231,79108.4711399612,
2011-05-30,11089.0,5337.0,3.30753184390401,66535.1519722418,
2011-05-31,11804.0,6063.0,3.24267827833726,72236.3175006,
2011-06-01,11928.0,6540.0,3.84797822362689,89246.1737183708,
2011-06-02,12933.0,7136.0,4.10739248589387,92093.9722432158,
2011-06-03,14972.0,8441.0,4.38842460334976,117192.983562508,
2011-06-04,16869.0,8811.0,4.66945672080566,169044.304502307,
2011-06-05,15506.0,8592.0,4.49651387929434,187219.159941527,
2011-06-06,17873.0,9703.0,7.04978032426183,222490.721239791,
2011-06-07,16136.0,9002.0,4.765651499201,165592.92694922,
2011-06-08,21324.0,11815.0,5.16043919735966,205777.867820522,
2011-06-09,22685.0,12176.0,5.97821371497403,357650.682453242,
2011-06-10,20979.0,11269.0,6.37300141313269,361833.101785617,
2011-06-11,20595.0,10897.0,6.54219614091498,427075.10954628,
2011-06-12,23112.0,12440.0,6.71139086869726,339684.628366656,
2011-06-13,21838.0,11246.0,6.90878471777659,285678.474122226,
2011-06-14,26107.0,14158.0,6.34480229183565,293058.096011881,
2011-06-15,23970.0,12605.0,12.2934076997834,292369.09990551,
2011-06-16,24631.0,12746.0,8.76232250942012,180547.398198072,
2011-06-17,22327.0,11296.0,7.84685597858518,184938.877363021,
2011-06-18,22951.0,11563.0,8.80591615374559,186404.114646615,
2011-06-19,23996.0,11472.0,9.54700810727864,196695.709960816,
2011-06-20,22601.0,11225.0,10.1137254835098,216942.316771128,
2011-06-21,21761.0,9704.0,10.0701318391843,217598.799148292,
2011-06-22,24061.0,11519.0,11.7702839678778,206500.191799553,
2011-06-23,21729.0,10418.0,10.3752873494626,183582.256303182,
2011-06-24,21877.0,10922.0,16.4544049245417,175009.367571956,
2011-06-25,19567.0,9693.0,10.3525630983575,121589.404206083,
2011-06-26,19998.0,9985.0,10.6268031804332,131414.94070255,
2011-06-27,25710.0,11751.0,10.9696032830278,149441.170153358,
2011-06-28,22438.0,10719.0,10.4896831393953,143475.0933439,
2011-06-29,21233.0,10002.0,12.1351236318495,150591.057696663,
2011-06-30,20208.0,9636.0,12.4093637139252,165999.5952429,
2011-07-01,26938.0,10603.0,12.3408036934063,152400.026298971,
2011-07-02,29542.0,8018.0,11.9980035908116,144573.253433718,
2011-07-03,19736.0,8364.0,10.9696032830278,134692.570246444,
2011-07-04,20513.0,9604.0,11.2438433651035,134041.867463939,
2011-07-05,19584.0,8965.0,10.3525630983575,109061.811354528,
2011-07-06,22736.0,10519.0,10.6953632009521,120837.229002086,
2011-07-07,19681.0,9180.0,10.5670018650812,107912.403636197,
2011-07-08,21353.0,8528.0,11.4216858394628,133037.926591171,
2011-07-09,19626.0,7851.0,12.2763698138443,115601.417842718,
2011-07-10,25407.0,8392.0,11.188590210086,104035.656017018,
2011-07-11,22477.0,10523.0,11.577082925714,122377.338000314,
2011-07-12,19827.0,8147.0,11.188590210086,106436.199728923,
2011-07-13,24091.0,9193.0,14.2188333919843,140335.081867372,
2011-07-14,25886.0,8716.0,11.965575641342,101997.370346344,
2011-07-15,21625.0,8148.0,12.5094654432211,115561.001299042,
2011-07-16,21625.0,8726.0,12.3540683569699,114152.070856035,
2011-07-17,21649.0,8379.0,13.1310537882259,119765.702254407,
2011-07-18,21558.0,8976.0,11.8878770982164,119733.409897846,
2011-07-19,21575.0,9185.0,12.7425610725979,99109.8462891712,
2011-07-20,22021.0,8863.0,12.0198487388041,108476.734661838,
2011-07-21,22186.0,8163.0,13.0285073742283,106678.204461395,
2011-07-22,21517.0,8991.0,12.0198487388041,105435.76095675,
2011-07-23,19426.0,7415.0,12.1879585113748,101796.374091959,
2011-07-24,20587.0,8219.0,14.7936599862205,115761.139549567,
2011-07-25,23494.0,9485.0,13.1966171467989,119825.047006466,
2011-07-26,20483.0,8370.0,14.2052757822231,129122.843445988,
2011-07-27,20996.0,7995.0,15.1298795313618,124885.480970833,
2011-07-28,22503.0,8119.0,14.0371660096524,110791.768369257,
2011-07-29,20037.0,7315.0,13.5328366919403,117279.447081827,
2011-07-30,17605.0,6209.0,12.7763427153722,107719.38036759,
2011-07-31,21881.0,8099.0,14.1212208959377,124526.786030673,
2011-08-01,21068.0,8195.0,16.431116869293,121855.670427913,
2011-08-02,18784.0,8817.0,13.8021381702061,108341.119415635,
2011-08-03,15066.0,7737.0,14.9288433269576,109075.990134714,
2011-08-04,15847.0,8307.0,12.4876488206627,88437.3495374681,
2011-08-05,19056.0,7360.0,12.9571093026425,80573.340669365,
2011-08-06,17405.0,6834.0,11.642619953099,71080.6189234068,
2011-08-07,17704.0,6710.0,12.1120804350788,81473.2135452585,
2011-08-08,18340.0,7267.0,12.1120804350788,66178.717104151,
2011-08-09,20710.0,9219.0,12.4876488206627,72563.6885421252,
2011-08-10,16663.0,8335.0,15.5860880017293,89502.3788295336,
2011-08-11,15400.0,7596.0,12.6754330134546,91137.937350672,
2011-08-12,14112.0,7165.0,12.8632172062465,95816.9246061465,
2011-08-13,16697.0,7398.0,12.0181883386829,64613.4425708767,
2011-08-14,18601.0,7471.0,11.5487278567031,75591.5817313624,
2011-08-15,16081.0,8379.0,13.4265697846223,75922.588120944,
2011-08-16,17699.0,9640.0,12.6754330134546,92515.5078635161,
2011-08-17,17089.0,7722.0,11.5792819314549,80734.2991225104,
2011-08-18,18093.0,7415.0,14.1823763191464,88913.1153224812,
2011-08-19,19350.0,7614.0,12.1178531840808,80237.62784115,
2011-08-20,18706.0,7191.0,13.0154719384571,127630.546794655,
2011-08-21,20093.0,7667.0,13.0154719384571,104645.527363047,
2011-08-22,22198.0,7815.0,15.7980900770238,99010.8876249051,
2011-08-23,19780.0,7277.0,15.259518824398,135219.99453169,
2011-08-24,19095.0,7367.0,11.7588056823302,79247.8549890806,
2011-08-25,19879.0,7241.0,11.4895200560173,79733.489268699,
2011-08-26,17687.0,7421.0,13.8233288173958,80585.4034845469,
2011-08-27,16982.0,6361.0,11.7588056823302,61111.3323484664,
2011-08-28,16263.0,5589.0,10.2328537998904,54321.635351824,
2011-08-29,16529.0,8094.0,11.2202344297044,65462.7586847472,
2011-08-30,15081.0,7804.0,13.9130906928334,70593.083621072,
2011-08-31,14533.0,7292.0,13.3444209749862,73389.9287063922,
2011-09-01,14081.0,7203.0,11.2234534028029,59035.7678747142,
2011-09-02,13795.0,7026.0,14.3165311122368,69430.7216739366,
2011-09-03,12341.0,5925.0,12.5490581354175,63730.5353187435,
2011-09-04,15131.0,7258.0,11.135079753962,59178.4187767377,
2011-09-05,15423.0,7039.0,13.6095419215091,69397.7595754152,
2011-09-06,15718.0,7830.0,13.2560473261452,67458.1732199785,
2011-09-07,14155.0,7090.0,12.9909263796223,64247.1246437176,
2011-09-08,13070.0,6497.0,11.046706105121,50112.387009762,
2011-09-09,14345.0,7376.0,12.3723108377355,59342.7876529668,
2011-09-10,12320.0,5993.0,12.6374317842584,48374.1113950432,
2011-09-11,12860.0,6443.0,12.1955635400536,41244.7369815536,
2011-09-12,13591.0,6575.0,11.4885743493258,53842.4554280424,
2011-09-13,12622.0,6519.0,12.0188162423716,52318.011503248,
2011-09-14,12408.0,6200.0,13.2639252302093,48306.4689107313,
2011-09-15,12988.0,6474.0,12.9148745662564,60431.4449522368,
2011-09-16,12059.0,6209.0,10.9950959145156,34345.021912677,
2011-09-17,10988.0,5454.0,10.7333079165509,36805.913687445,
2011-09-18,12230.0,5986.0,14.5728652200325,43199.4014815994,
2011-09-19,13227.0,6653.0,10.6460452505627,33183.5967360846,
2011-09-20,18674.0,8145.0,12.1295105723624,41857.6974328784,
2011-09-21,13718.0,7684.0,12.9148745662564,49392.8645112105,
2011-09-22,15221.0,6139.0,13.0893998982328,48227.9495763564,
2011-09-23,17920.0,6328.0,11.6931972424213,39175.1453954,
2011-09-24,17920.0,5728.0,10.8205705825391,40224.902737995,
2011-09-25,17371.0,5722.0,12.3912985703271,40765.1046259034,
2011-09-26,15796.0,5639.0,11.954985240386,39544.7153991021,
2011-09-27,16396.0,6101.0,11.8677225743978,36340.1687083604,
2011-09-28,11834.0,6017.0,11.6059345764331,37507.3330326,
2011-09-29,10937.0,5589.0,11.2529540121156,30954.3508180665,
2011-09-30,11283.0,5865.0,10.3292040558972,31140.0656201622,
2011-10-01,10633.0,5374.0,11.4209085496099,41405.602892397,
2011-10-02,9967.0,5035.0,11.0010222058743,33482.5288779015,
2011-10-03,11909.0,6521.0,10.9170449371271,39368.6049407782,
2011-10-04,11300.0,5809.0,10.9170449371271,29873.038812925,
2011-10-05,11675.0,5771.0,11.504885818357,47056.3378210122,
2011-10-06,11840.0,5912.0,11.1689767433685,32540.46980275,
2011-10-07,11509.0,5674.0,10.7490903996329,55507.881644477,
2011-10-08,10489.0,5402.0,10.83306766838,29474.6460436724,
2011-10-09,10536.0,5457.0,10.3292040558972,28842.3397161538,
2011-10-10,11354.0,5882.0,9.90931771216154,27264.6758660352,
2011-10-11,11528.0,5930.0,8.90159048719596,24345.6958875951,
2011-10-12,11384.0,5949.0,9.99329498090868,26227.4035568896,
2011-10-13,9707.0,4984.0,7.64193145598899,21958.3487599518,
2011-10-14,11513.0,6111.0,11.1689767433685,33446.3850815807,
2011-10-15,10932.0,5579.0,10.2907990684153,27893.846688879,
2011-10-16,9703.0,4981.0,8.97708003840482,25476.9853683074,
2011-10-17,11314.0,5781.0,8.24723613284346,23624.5974453063,
2011-10-18,9916.0,4863.0,9.26901760062938,23795.9981008945,
2011-10-19,10071.0,5130.0,9.63393955341006,19463.3672570864,
2011-10-20,9169.0,4649.0,7.51739222728209,15167.1266665023,
2011-10-21,10025.0,5206.0,10.0718458967469,15569.3158365624,
2011-10-22,9824.0,5114.0,6.86053271227686,14022.0480098842,
2011-10-23,10766.0,5608.0,7.66336100839436,18215.3593819053,
2011-10-24,11426.0,5934.0,8.97708003840482,21425.6430484692,
2011-10-25,10847.0,5226.0,9.48797077229778,21655.2125109612,
2011-10-26,10186.0,5272.0,7.95529857061891,17559.26269602,
2011-10-27,9205.0,4677.0,8.39320491395573,14607.838725692,
2011-10-28,9929.0,5118.0,7.44440783672595,16284.435679467,
2011-10-29,10704.0,5698.0,8.68514247618028,19674.1331340162,
2011-10-30,9209.0,4878.0,7.07948588394527,21180.4458325362,
2011-10-31,9983.0,5182.0,9.99886150619074,24243.795407988,
2011-11-01,10579.0,5777.0,8.73436486000387,25704.599280893,
2011-11-02,10787.0,5991.0,9.03348694425057,26297.1451945106,
2011-11-03,10696.0,6253.0,7.59770093986638,21322.4197847298,
2011-11-04,12456.0,6540.0,8.55489160945584,27399.0425871704,
2011-11-05,11062.0,5928.0,8.97366252740123,28027.1536276788,
2011-11-06,9719.0,5034.0,8.85401369370255,24416.6464973993,
2011-11-07,10242.0,5496.0,7.83699860726374,20378.5859875296,
2011-11-08,11275.0,5994.0,8.07629627466111,34248.6165067075,
2011-11-09,11835.0,6448.0,10.1103264475387,40049.8144725371,
2011-11-10,11906.0,6541.0,8.67454044315452,22721.9972122254,
2011-11-11,9129.0,4733.0,7.29857885561967,18006.20067036,
2011-11-12,10466.0,5487.0,8.07629627466111,33341.1123628041,
2011-11-13,10130.0,5374.0,8.79418927685321,23334.001344841,
2011-11-14,10912.0,5908.0,8.13612069151045,23570.6017370824,
2011-11-15,11428.0,6106.0,10.2553335513137,25231.090666208,
2011-11-16,10803.0,6048.0,7.88415816372673,18032.5652545275,
2011-11-17,9659.0,4959.0,8.59551078000283,18077.404269262,
2011-11-18,10146.0,5169.0,7.76559939434738,16966.060163289,
2011-11-19,8109.0,4724.0,7.64704062496803,14582.918622111,
2011-11-20,8506.0,5125.0,7.58776124027836,18691.9511385145,
2011-11-21,8063.0,4770.0,8.00271693310608,21813.1303146855,
2011-11-22,9044.0,5491.0,8.00271693310608,23703.513747796,
2011-11-23,8817.0,5598.0,7.76559939434738,16528.3414456296,
2011-11-24,8288.0,5018.0,6.63929108524356,14049.858899616,
2011-11-25,9369.0,5486.0,7.70632000965771,16999.4120635792,
2011-11-26,7999.0,4752.0,7.52848185558868,15817.29958869,
2011-11-27,8501.0,5061.0,6.75784985462291,14874.4803119724,
2011-11-28,9949.0,5930.0,7.35064370151966,16699.4829706891,
2011-11-29,11231.0,6431.0,8.23983447186478,23377.124626548,
2011-11-30,10954.0,6840.0,7.91608649951355,30557.7389687256,
2011-12-01,11078.0,6352.0,10.0306575507535,43221.23937738,
2011-12-02,10573.0,6318.0,8.5125039755043,26392.0329292702,
2011-12-03,9455.0,5631.0,8.132965581692,36127.8013747896,
2011-12-04,9284.0,5385.0,7.42810856461203,25119.784131216,
2011-12-05,10376.0,6237.0,8.67516328713814,39646.1905701132,
2011-12-06,12283.0,7978.0,8.62094351659352,32130.821199816,
2011-12-07,9967.0,6135.0,7.97030627005816,24186.7063384308,
2011-12-08,9560.0,5820.0,8.34984466387045,28127.9418783075,
2011-12-09,9378.0,5588.0,8.18718535223662,23338.9524496371,
2011-12-10,9451.0,5678.0,8.5125039755043,24329.423127064,
2011-12-11,8796.0,5261.0,7.86186672896894,26539.3426063584,
2011-12-12,8547.0,4862.0,7.26544925297819,21997.0792686881,
2011-12-13,9606.0,5406.0,7.40682744479193,21991.5002920275,
2011-12-14,9481.0,5692.0,8.26808645000029,26497.5519006674,
2011-12-15,7800.0,4850.0,7.06232384270858,19259.6171347354,
2011-12-16,8457.0,5334.0,7.11974110972247,22569.826209312,
2011-12-17,7831.0,4823.0,8.38292098402808,28920.8126789593,
2011-12-18,8017.0,4632.0,8.44033825104196,24881.5445188193,
2011-12-19,9898.0,5844.0,8.67000731909753,30086.6955623808,
2011-12-20,10326.0,6295.0,7.75133104687528,28031.8176591295,
2011-12-21,9152.0,5577.0,8.89967638715309,42582.9494079297,
2011-12-22,9649.0,5859.0,7.92358284791695,40003.3159707647,
2011-12-23,9532.0,5682.0,8.72742458611142,41011.2965051686,
2011-12-24,7872.0,4658.0,7.5790792458336,31411.920277738,
2011-12-25,9007.0,5286.0,9.99060446041702,43867.1973702592,
2011-12-26,9349.0,5641.0,9.87576992638924,46555.6091943298,
2011-12-27,8865.0,5211.0,9.1680048812832,50801.9537817775,
2011-12-28,8370.0,5000.0,8.64906120875774,37846.4048705056,
2011-12-29,8976.0,5212.0,8.07245712817388,32934.6327595714,
2011-12-30,8259.0,5051.0,7.38053223147327,41489.4063673872,
2011-12-31,8198.0,5137.0,9.28332569739997,35107.9101855825,
2012-01-01,8531.0,5001.0,8.59140080069935,42606.5163843816,
2012-01-02,8928.0,5410.0,8.76438202487451,63012.4893246422,
2012-01-03,9528.0,5773.0,9.34098610545835,46628.060128786,
2012-01-04,9542.0,5731.0,8.87970284099127,47065.5827679453,
2012-01-05,11636.0,6994.0,8.47607998458258,53694.697203114,
2012-01-06,11057.0,6644.0,9.80226936992543,60436.957273902,
2012-01-07,9897.0,5905.0,10.4365338585677,72450.4463961678,
2012-01-08,10661.0,6404.0,9.28332569739997,68157.2705345,
2012-01-09,10270.0,6112.0,10.010256218171,69169.5642440879,
2012-01-10,11358.0,6677.0,9.07762365126064,58149.1264872017,
2012-01-11,11775.0,7139.0,9.45067667802477,78929.965340947,
2012-01-12,10691.0,6696.0,10.3211337404744,61709.098428477,
2012-01-13,11166.0,6847.0,7.70976255312548,87315.0645469728,
2012-01-14,11493.0,6807.0,9.94808071371029,60879.0075160823,
2012-01-15,10178.0,6312.0,9.20197466018202,54917.0698057101,
2012-01-16,11532.0,6965.0,9.82372970478891,74948.570648512,
2012-01-17,11172.0,6761.0,9.82372970478891,82888.593258786,
2012-01-18,11230.0,6647.0,8.82892163341788,48170.5949892576,
2012-01-19,11554.0,6902.0,8.45586860665375,59941.5703002725,
2012-01-20,10999.0,6780.0,8.58021961557513,47612.0693448218,
2012-01-21,10374.0,6366.0,11.1294152984634,55873.6645674402,
2012-01-22,8947.0,5325.0,8.45097882303242,48845.2985672148,
2012-01-23,10480.0,6100.0,11.116287528758,69907.0259300558,
2012-01-24,11684.0,7268.0,8.77601647007213,67033.3125744309,
2012-01-25,12953.0,7961.0,10.076167058231,61154.31715484,
2012-01-26,11011.0,6598.0,8.45097882303242,53094.3502675725,
2012-01-27,10766.0,6337.0,9.0360465877039,42995.2494502912,
2012-01-28,10203.0,5910.0,10.076167058231,47065.113700182,
2012-01-29,10694.0,6426.0,10.5962272934945,60775.6640894575,
2012-01-30,10641.0,6153.0,10.7912498817183,51072.9095432556,
2012-01-31,11903.0,6925.0,10.2711896464548,47165.0074350081,
2012-02-01,11456.0,6502.0,8.77601647007213,42120.0971376975,
2012-02-02,12431.0,7164.0,10.5962272934945,49402.6741438742,
2012-02-03,12425.0,7050.0,10.4012047052707,54515.3249872762,
2012-02-04,12232.0,7237.0,11.247553976336,52294.9275585529,
2012-02-05,11451.0,6774.0,9.3272398828152,45551.8199965523,
2012-02-06,10597.0,6136.0,10.1502316371812,43833.4593052544,
2012-02-07,11419.0,7012.0,9.80731840619539,43025.432066404,
2012-02-08,11594.0,7024.0,9.05290929802652,45662.9248646844,
2012-02-09,12023.0,7488.0,9.87590105239257,42967.440661296,
2012-02-10,12577.0,8456.0,10.0816489909841,44917.0232295059,
2012-02-11,11710.0,7679.0,9.46440517520954,46949.2130839446,
2012-02-12,11267.0,7030.0,10.9732233915473,51280.5278503944,
2012-02-13,12755.0,7992.0,10.0816489909841,41644.2476897652,
2012-02-14,14360.0,9489.0,9.3272398828152,42765.132759657,
2012-02-15,14247.0,9337.0,9.73873575999822,38044.813129311,
2012-02-16,14682.0,9537.0,8.84716135943501,34413.3975300984,
2012-02-17,11012.0,6778.0,9.73873575999822,39833.658793212,
2012-02-18,11467.0,6516.0,12.0019630845049,45372.580191657,
2012-02-19,10566.0,5958.0,10.7413680220749,36583.9155078438,
2012-02-20,11159.0,6339.0,9.9887880969614,32868.288280251,
2012-02-21,11225.0,6420.0,8.75729367404835,29940.60608001,
2012-02-22,12304.0,7194.0,10.7413680220749,38594.8260184052,
2012-02-23,13499.0,8014.0,11.4939479471885,40768.5214860064,
2012-02-24,12250.0,6930.0,9.92037174013289,38195.7610398477,
2012-02-25,11022.0,6306.0,11.42553159036,56112.0957177451,
2012-02-26,10374.0,5821.0,10.3992862379324,46984.3844780755,
2012-02-27,11537.0,6735.0,10.8097843789034,44206.1031315952,
2012-02-28,12245.0,6725.0,10.2624535242754,42691.7653438576,
2012-02-29,12043.0,6719.0,12.7254423701015,50564.857833294,
2012-03-01,11932.0,6811.0,10.6729516652464,41116.3959480912,
2012-03-02,13076.0,7645.0,9.89722287527119,36950.8110274022,
2012-03-03,9575.0,5187.0,8.85540994103212,28417.465833614,
2012-03-04,12059.0,6591.0,9.67397724650567,33452.9423399054,
2012-03-05,12553.0,6979.0,9.82280766568269,37247.6906330359,
2012-03-06,11618.0,6368.0,11.0134510190988,41102.2274464368,
2012-03-07,11938.0,6635.0,11.0878662286873,44966.777503749,
2012-03-08,12185.0,6637.0,11.6087726958068,43451.8754475395,
2012-03-09,11952.0,6502.0,12.3529247916919,52419.9060990778,
2012-03-10,10033.0,5370.0,12.8738312588114,45810.2437535655,
2012-03-11,9876.0,5223.0,9.89722287527119,36645.371567244,
2012-03-12,11290.0,6141.0,12.5761704204574,50317.7372087016,
2012-03-13,12963.0,7395.0,11.3111118574528,52792.9346141847,
2012-03-14,12218.0,6895.0,10.2692989232137,45828.1974228738,
2012-03-15,11360.0,6284.0,9.59956203691717,34082.711867166,
2012-03-16,12250.0,6935.0,10.6507281967033,44384.5136725344,
2012-03-17,12429.0,6876.0,12.810666082748,57260.624762916,
2012-03-18,10952.0,6039.0,11.6189762145854,47538.342423108,
2012-03-19,11570.0,6652.0,11.7679374481057,43172.0872223136,
2012-03-20,12143.0,6834.0,11.0231312805041,61229.1316624332,
2012-03-21,12485.0,7000.0,12.0658599151464,56450.157986475,
2012-03-22,12135.0,6587.0,11.6189762145854,42873.4562543576,
2012-03-23,10784.0,6156.0,9.68248017882115,33626.4589225614,
2012-03-24,10955.0,6371.0,12.810666082748,57555.2621130305,
2012-03-25,10624.0,6216.0,12.4382629989472,43551.028076017,
2012-03-26,11761.0,6619.0,11.3210537475447,48194.038893809,
2012-03-27,11792.0,6666.0,11.0231312805041,45052.9751817624,
2012-03-28,12531.0,7239.0,11.8424180648659,42001.6455120951,
2012-03-29,12927.0,7518.0,11.2390412852186,40521.011266333,
2012-03-30,11737.0,6828.0,12.1284618185812,43187.946633504,
2012-03-31,10981.0,6192.0,13.1795951761915,53970.335544096,
2012-04-01,9862.0,5563.0,12.1284618185812,39046.6729283514,
2012-04-02,11210.0,6472.0,10.2687643397321,39787.8735547167,
2012-04-03,13314.0,7739.0,10.3496207518559,36713.2875190774,
2012-04-04,12518.0,7143.0,11.4007541094663,39775.797735,
2012-04-05,12119.0,7028.0,9.62191304274106,30033.0467473024,
2012-04-06,11820.0,6699.0,9.94533869123656,40619.23137756,
2012-04-07,11820.0,6080.0,10.6730464003514,34986.860483824,
2012-04-08,10835.0,5915.0,11.8050361700857,40528.715319924,
2012-04-09,11654.0,6617.0,12.209318230705,40340.429417376,
2012-04-10,13537.0,8468.0,11.5624669337141,47035.8564852886,
2012-04-11,14008.0,7858.0,11.5624669337141,38494.438652033,
2012-04-12,14109.0,8290.0,11.1581848730947,33664.9951340669,
2012-04-13,12315.0,7223.0,9.88325160797756,33818.6669971297,
2012-04-14,13106.0,7845.0,10.4323211417541,38795.0208856777,
2012-04-15,12278.0,7371.0,9.1773050645506,28884.0840423412,
2012-04-16,14672.0,8577.0,10.4323211417541,40866.6135979236,
2012-04-17,13656.0,7805.0,11.1382676851811,34714.3175296994,
2012-04-18,14652.0,8580.0,9.56949758867669,35452.9981796122,
2012-04-19,13400.0,7900.0,12.2364067527341,45875.2410504836,
2012-04-20,14597.0,8285.0,12.1579682479089,55588.4747387208,
2012-04-21,12406.0,7201.0,11.5304602093072,65536.3788638024,
2012-04-22,11365.0,6354.0,11.6873372189576,40283.5404409664,
2012-04-23,12625.0,7104.0,11.6088987141324,38979.04505166,
2012-04-24,13263.0,7660.0,9.64793609350191,38588.8028727837,
2012-04-25,13544.0,7557.0,10.8245136658802,39216.5834134437,
2012-04-26,14837.0,10099.0,12.0795297430837,49861.3610628264,
2012-04-27,13007.0,7195.0,9.88325160797756,41139.2927718113,
2012-04-28,12431.0,7427.0,11.6988142999403,47234.0094018669,
2012-04-29,12516.0,7729.0,12.4487382935262,51176.5262531871,
2012-04-30,15186.0,9413.0,12.673715491602,48373.3269269103,
2012-05-01,15590.0,10208.0,13.4236394851879,47536.71701085,
2012-05-02,15556.0,9978.0,11.5488295012231,42376.6852811568,
2012-05-03,17694.0,14002.0,12.4487382935262,45389.0607374414,
2012-05-04,17784.0,14098.0,11.6238219005817,45386.4873647752,
2012-05-05,16230.0,12998.0,11.6988142999403,47164.841369471,
2012-05-06,15256.0,11150.0,12.8986926896778,47327.4003402691,
2012-05-07,20276.0,18247.0,12.8237002903192,49033.403499402,
2012-05-08,19584.0,17719.0,13.9485862806981,77086.3416285269,
2012-05-09,20110.0,17245.0,14.1299469053505,46999.023647331,
2012-05-10,16147.0,11782.0,12.4067826486005,36001.347504345,
2012-05-11,21107.0,19061.0,10.5974601790129,38570.521891215,
2012-05-12,19032.0,18326.0,11.8036751587379,37707.8136004194,
2012-05-13,17073.0,14737.0,11.3728840945504,40563.4083685,
2012-05-14,27775.0,28349.0,12.320624435763,38976.1227999954,
2012-05-15,22549.0,22235.0,11.2867258817129,38489.1021157175,
2012-05-16,20227.0,18078.0,9.64971983780036,32898.7667387155,
2012-05-17,18420.0,16935.0,10.1666691148254,30660.804986283,
2012-05-18,21855.0,24481.0,12.4067826486005,37794.5359148466,
2012-05-19,26811.0,35404.0,12.5790990742755,41472.3717139734,
2012-05-20,24706.0,31460.0,12.2344662229255,37626.0494328448,
2012-05-21,25443.0,31604.0,11.3728840945504,33577.3277565435,
2012-05-22,22280.0,23480.0,10.0805109019879,30649.050032369,
2012-05-23,24036.0,27432.0,10.4251437533379,40638.7574122806,
2012-05-24,23103.0,26589.0,11.6313587330629,35071.7190676916,
2012-05-25,24344.0,28999.0,9.17476078110834,31620.9331111791,
2012-05-26,20731.0,23279.0,10.6775233228416,41281.6704929725,
2012-05-27,21644.0,26447.0,12.9712135181187,54442.2854429095,
2012-05-28,24094.0,29888.0,10.9148016189047,37701.918392847,
2012-05-29,26201.0,29816.0,10.756616088196,34661.6432505252,
2012-05-30,22959.0,25580.0,9.49113184252587,37514.5484788992,
2012-05-31,22548.0,21013.0,11.5475437417398,45140.5433353504,
2012-06-01,23507.0,27069.0,11.9430075685117,41249.0979882269,
2012-06-02,16162.0,12800.0,12.3384713952836,51161.0132020947,
2012-06-03,26003.0,33601.0,12.4966569259924,42083.8550039424,
2012-06-04,33322.0,45938.0,11.9430075685117,73194.5773942712,
2012-06-05,34403.0,44364.0,10.756616088196,42008.9825701923,
2012-06-06,19044.0,15937.0,13.3666773448906,45358.3473886863,
2012-06-07,26891.0,33203.0,9.96568843465216,45338.467468202,
2012-06-08,21927.0,23897.0,11.7057292724486,42630.800328082,
2012-06-09,25160.0,33050.0,13.1429330105724,52582.3704469098,
2012-06-10,28282.0,40721.0,13.3790336035767,61517.1607357136,
2012-06-11,25883.0,32531.0,12.1198304408871,44349.331296816,
2012-06-12,17736.0,18243.0,11.0180276735338,50849.5310419212,
2012-06-13,38857.0,56794.0,12.7494320222319,46889.312120352,
2012-06-14,39968.0,61938.0,11.4902288595424,54511.9268304376,
2012-06-15,37978.0,54986.0,12.5133314292276,58153.4926570799,
2012-06-16,32401.0,43282.0,12.5920316268957,57882.7386334098,
2012-06-17,32557.0,43909.0,12.8281322199,66003.8931509748,
2012-06-18,31461.0,39071.0,12.3559310338914,79953.9891214155,
2012-06-19,28121.0,35962.0,14.3234359755939,50388.737473404,
2012-06-20,25366.0,32246.0,11.6726201299773,62162.2169109504,
2012-06-21,23348.0,26782.0,10.4710268813032,54405.5551631226,
2012-06-22,23129.0,23565.0,12.1017605759324,49101.457631244,
2012-06-23,22952.0,22303.0,13.9041504489436,57582.1609448644,
2012-06-24,22447.0,22392.0,12.0159324867414,46247.4991797672,
2012-06-25,26708.0,28713.0,13.1316976462245,59819.7745645216,
2012-06-26,28849.0,30235.0,12.7025572002694,58502.8101289665,
2012-06-27,30787.0,30875.0,13.9041504489436,55523.1401997192,
2012-06-28,26239.0,26522.0,11.5867920407863,49790.4400907858,
2012-06-29,26456.0,22877.0,12.0159324867414,52110.6298505784,
2012-06-30,25747.0,22618.0,12.1875886651234,45449.1543067431,
2012-07-01,25189.0,19276.0,11.8442763083594,52253.0660105145,
2012-07-02,29159.0,25147.0,13.8183223597526,59855.6376700623,
2012-07-03,26886.0,22667.0,12.4450729326964,69634.4932967625,
2012-07-04,24504.0,23164.0,13.8433790741358,55792.3337719693,
2012-07-05,22014.0,21643.0,11.9279429758277,50246.812292292,
2012-07-06,23077.0,23916.0,13.3209874109609,59266.0586011312,
2012-07-07,25832.0,25615.0,14.8010971232899,69721.8842351978,
2012-07-08,21939.0,20799.0,13.4080526881567,56695.2287056026,
2012-07-09,25581.0,25129.0,14.3657707373108,66511.019392808,
2012-07-10,30529.0,35080.0,13.1468568565692,63017.1326216612,
2012-07-11,28013.0,31250.0,11.9279429758277,50097.0286478,
2012-07-12,27087.0,24303.0,13.1468568565692,78642.5914367299,
2012-07-13,24169.0,24556.0,14.0175096285275,77332.2222707589,
2012-07-14,23902.0,22787.0,12.9727263021776,79032.6683735945,
2012-07-15,24275.0,26345.0,12.9727263021776,80820.2801075712,
2012-07-16,30128.0,31379.0,12.8856610249818,64134.408049218,
2012-07-17,32645.0,35201.0,16.4218502560807,88574.046702141,
2012-07-18,27648.0,32588.0,14.009601065922,85020.1226576248,
2012-07-19,27587.0,31035.0,13.2673705458731,66256.0650445937,
2012-07-20,30410.0,36794.0,12.8962552858487,79163.6715730521,
2012-07-21,29404.0,34593.0,13.9168222509159,73600.4358809116,
2012-07-22,32265.0,34860.0,12.8962552858487,95041.1297242891,
2012-07-23,33404.0,32698.0,13.9168222509159,74882.7805797275,
2012-07-24,28741.0,28369.0,14.937389215983,86528.605765769,
2012-07-25,25567.0,27327.0,14.2879375109403,106199.218482053,
2012-07-26,25129.0,30707.0,16.5146290710868,98319.1368815041,
2012-07-27,26568.0,27155.0,15.5868409210258,101768.2993384,
2012-07-28,31455.0,35230.0,15.772398551038,75834.0973742251,
2012-07-29,27777.0,34483.0,13.4529281758853,97413.0280334736,
2012-07-30,29054.0,34395.0,18.730041758676,133580.796159919,
2012-07-31,45337.0,41507.0,13.4653813724536,114663.340997375,
2012-08-01,31895.0,30538.0,14.2753291241801,77805.1686569322,
2012-08-02,32876.0,33211.0,15.5914942207357,92851.3716946559,
2012-08-03,29112.0,27780.0,17.5151201310862,109580.513654902,
2012-08-04,28146.0,29010.0,15.1865203448724,100641.659023912,
2012-08-05,29815.0,33283.0,14.6803030000434,84261.4932141129,
2012-08-06,34508.0,35400.0,14.2753291241801,97833.5926769618,
2012-08-07,32321.0,29603.0,15.0852768759066,108041.690182794,
2012-08-08,39343.0,40168.0,17.2113897241888,104668.050076117,
2012-08-09,30353.0,29942.0,16.0977115655648,108030.487505667,
2012-08-10,30415.0,28375.0,16.6039289103939,111222.386311463,
2012-08-11,30148.0,33139.0,15.996468096599,119740.599555704,
2012-08-12,31503.0,34636.0,18.4055429382566,145195.932055201,
2012-08-13,39310.0,48872.0,16.6630063287176,114712.743940131,
2012-08-14,33320.0,34506.0,17.7520917096795,107128.328504413,
2012-08-15,37533.0,52969.0,18.623360014449,115468.966917234,
2012-08-16,47583.0,46477.0,16.7719148668137,137757.827814554,
2012-08-17,44100.0,40554.0,15.5739209477556,107047.282328846,
2012-08-18,40251.0,37162.0,16.1184636382366,151753.501031175,
2012-08-19,34644.0,36951.0,17.2075490191985,169790.32434401,
2012-08-20,33907.0,35837.0,20.5837137001805,124904.256383806,
2012-08-21,41676.0,42415.0,19.712445395411,118921.157143547,
2012-08-22,38616.0,37874.0,16.2273721763328,86690.4352104252,
2012-08-23,35374.0,31818.0,17.9699087858719,102342.308181881,
2012-08-24,35254.0,32275.0,16.9897319430061,85295.956877535,
2012-08-25,29497.0,33439.0,15.8935752697755,86373.85082235,
2012-08-26,27899.0,29520.0,21.3532003624464,118674.389294829,
2012-08-27,31081.0,33096.0,18.0774253068439,100925.373532899,
2012-08-28,31789.0,29838.0,18.1987503089032,117053.459627624,
2012-08-29,32397.0,34209.0,20.1399503418529,113713.559348395,
2012-08-30,28480.0,33914.0,19.169350325378,100635.347670618,
2012-08-31,39334.0,40624.0,17.3494752944877,117168.298822646,
2012-09-01,36448.0,40774.0,19.7759753356748,111625.443098407,
2012-09-02,28751.0,33588.0,18.5627253150813,94608.3067920648,
2012-09-03,27685.0,38238.0,21.8385003706838,86021.6762899638,
2012-09-04,33419.0,39946.0,15.5296002635974,99789.0507609704,
2012-09-05,34684.0,41135.0,21.8385003706838,135926.6280994,
2012-09-06,37914.0,42790.0,24.9094641253975,117683.9088304,
2012-09-07,33314.0,33483.0,23.0345582234858,117850.453321664,
2012-09-08,27940.0,31173.0,18.7490590191164,95507.7014064137,
2012-09-09,32968.0,31464.0,20.4900430708914,108283.141921292,
2012-09-10,30504.0,33632.0,19.2847464196625,98340.1683113496,
2012-09-11,36736.0,38225.0,21.1596523215742,97908.5588273607,
2012-09-12,28684.0,28096.0,18.8829808692529,117738.469103778,
2012-09-13,27581.0,29025.0,19.4186682697991,120956.693233681,
2012-09-14,31170.0,36118.0,21.6953397221204,134619.212003651,
2012-09-15,24938.0,27248.0,19.150824569526,101338.969849219,
2012-09-16,25556.0,28415.0,20.0882775204818,168994.736371728,
2012-09-17,26455.0,24446.0,23.570245624032,152376.680678074,
2012-09-18,32392.0,32821.0,22.3649489728031,128014.294127641,
2012-09-19,34730.0,32231.0,19.150824569526,115732.108055933,
2012-09-20,37342.0,31282.0,20.9294479443629,120240.124903969,
2012-09-21,29568.0,30347.0,23.2074830947697,136513.125824485,
2012-09-22,29568.0,22014.0,24.4888778668736,146361.719310345,
2012-09-23,23802.0,27999.0,21.2142023381637,118050.591445124,
2012-09-24,26882.0,29190.0,22.2108427164667,134866.061586628,
2012-09-25,34082.0,24177.0,21.2142023381637,112594.200784222,
2012-09-26,36372.0,32413.0,20.3599391567612,99418.3082844119,
2012-09-27,31699.0,28347.0,20.3599391567612,140119.875249693,
2012-09-28,36637.0,32768.0,23.3498602916702,166566.004037766,
2012-09-29,27182.0,23992.0,23.9193690792719,152240.091672491,
2012-09-30,25258.0,20668.0,21.641333928865,176971.904416766,
2012-10-01,30827.0,24727.0,21.0718251412633,108206.834891126,
2012-10-02,38050.0,32878.0,19.3632987784582,123791.930489731,
2012-10-03,33564.0,26669.0,20.9547974016134,101383.262609586,
2012-10-04,36409.0,31955.0,20.3474119696825,104693.917559021,
2012-10-05,35733.0,37031.0,20.6511046856479,133834.440315537,
2012-10-06,31354.0,32672.0,21.5621828335442,124203.841016495,
2012-10-07,33223.0,34726.0,20.8029510436307,176191.812574416,
2012-10-08,38115.0,38211.0,25.2064954251291,137518.651284201,
2012-10-09,38387.0,35450.0,22.0177219074923,116916.810902243,
2012-10-10,35957.0,31226.0,22.6251073394231,109174.99991805,
2012-10-11,31805.0,27684.0,20.9547974016134,108534.950429824,
2012-10-12,35240.0,28693.0,22.9288000553885,114162.297968099,
2012-10-13,29748.0,33090.0,22.169568265475,112072.832278758,
2012-10-14,30286.0,27414.0,20.9547974016134,87953.613664609,
2012-10-15,33578.0,30998.0,23.8398782032848,124620.132133611,
2012-10-16,31821.0,34533.0,23.0806464133712,125996.042213467,
2012-10-17,34926.0,31813.0,21.5343577779689,107549.813153484,
2012-10-18,34499.0,28257.0,23.672520961597,119458.129556378,
2012-10-19,29062.0,25096.0,24.2834247283479,99483.0374645953,
2012-10-20,32674.0,30699.0,21.0761799529057,140569.408327441,
2012-10-21,31467.0,40833.0,24.1306987866602,126497.523054931,
2012-10-22,33118.0,43154.0,25.3525063201619,102393.08937903,
2012-10-23,30902.0,32031.0,20.923454011218,93986.635457545,
2012-10-24,32550.0,32194.0,23.8252469032847,130715.728158564,
2012-10-25,28710.0,26998.0,21.0761799529057,97484.7817129824,
2012-10-26,27826.0,21927.0,24.5888766117233,188147.273253055,
2012-10-27,22005.0,16313.0,27.1852176204146,186277.170556886,
2012-10-28,21241.0,17965.0,25.8106841452251,110126.632663093,
2012-10-29,22575.0,21500.0,24.1306987866602,106064.041099688,
2012-10-30,27715.0,31058.0,24.4748066399431,112913.940894067,
2012-10-31,25607.0,27444.0,22.8322021674637,113345.500422664,
2012-11-01,23851.0,23638.0,22.175160378472,89057.727438161,
2012-11-02,26334.0,28990.0,23.8177648509514,112459.732215806,
2012-11-03,25558.0,23899.0,23.4892439564555,107562.890569823,
2012-11-04,22730.0,24304.0,26.2816715596705,125051.696628466,
2012-11-05,28848.0,32184.0,25.1318484289349,125929.116647769,
2012-11-06,31444.0,31986.0,22.3394208257199,140544.991899036,
2012-11-07,33072.0,36480.0,25.7888902179266,115031.961103478,
2012-11-08,29633.0,32415.0,26.6101924541663,90928.6902296316,
2012-11-09,28298.0,25157.0,23.8177648509514,123377.173144575,
2012-11-10,23652.0,27109.0,26.2816715596705,99656.693005608,
2012-11-11,24277.0,23555.0,21.6823790367281,116867.84781341,
2012-11-12,23693.0,23903.0,23.6121875254214,84913.03935774,
2012-11-13,25520.0,27131.0,22.7748759110447,87382.408627066,
2012-11-14,28340.0,29901.0,24.1145744940473,104203.209407923,
2012-11-15,35026.0,37604.0,22.7748759110447,91170.6079023684,
2012-11-16,36029.0,39446.0,23.6121875254214,118382.037736243,
2012-11-17,44133.0,32538.0,23.6121875254214,97100.0207675039,
2012-11-18,33322.0,34136.0,26.6265093371773,114996.628392736,
2012-11-19,33235.0,36772.0,20.5978657136654,99676.0799890116,
2012-11-20,34778.0,37009.0,26.6265093371773,151129.11333795,
2012-11-21,33493.0,39066.0,25.7891977228006,103354.954791625,
2012-11-22,32289.0,30900.0,24.6169614626733,108603.549259751,
2012-11-23,26228.0,32347.0,24.2820368169227,119248.166642528,
2012-11-24,28021.0,29718.0,27.1288963058033,114047.403537525,
2012-11-25,27861.0,36736.0,23.6121875254214,120070.703294598,
2012-11-26,31791.0,35898.0,27.1809055709603,127125.808835074,
2012-11-27,30416.0,27632.0,25.9842619294715,115927.767041667,
2012-11-28,34110.0,37256.0,28.8903964873729,117172.7131725,
2012-11-29,31421.0,37423.0,28.2066001208079,70184.8818238485,
2012-11-30,28996.0,29758.0,22.0524328217225,48560.4966583009,
2012-12-01,26710.0,33492.0,27.3518546626016,81195.1516200245,
2012-12-02,21747.0,20606.0,25.8133128378303,62783.2846586538,
2012-12-03,23875.0,21659.0,25.642363746189,60848.2277570568,
2012-12-04,28801.0,32356.0,18.9753491721799,41844.3918397425,
2012-12-05,31337.0,33744.0,20.5138909969512,58090.2444975544,
2012-12-06,30658.0,37163.0,24.4457201047002,59807.8194796455,
2012-12-07,30025.0,32145.0,21.1976873635162,54129.9060769477,
2012-12-08,29769.0,33174.0,23.0781273715701,65262.733502967,
2012-12-09,28424.0,32059.0,22.2233819133638,48494.013510029,
2012-12-10,26226.0,36221.0,24.2747710130589,65122.0132781889,
2012-12-11,29038.0,36779.0,24.2922336617309,68361.6679052077,
2012-12-12,31539.0,36736.0,21.6117113266433,56395.370340474,
2012-12-13,34817.0,42515.0,22.7844398482441,59093.263309584,
2012-12-14,32210.0,39014.0,17.423395178069,39161.8731910322,
2012-12-15,32210.0,32365.0,19.7688522212707,43350.7608756963,
2012-12-16,28686.0,35476.0,19.2662542834417,41299.0016547625,
2012-12-17,33323.0,41040.0,21.1091133888144,48855.7881371211,
2012-12-18,39283.0,49812.0,21.1091133888144,45361.6269439953,
2012-12-19,34067.0,44765.0,23.9571683698449,50729.40811098,
2012-12-20,29958.0,35922.0,18.0935257618409,40890.4917068932,
2012-12-21,35121.0,44580.0,20.2714501590996,46425.995364912,
2012-12-22,43835.0,51258.0,24.1247010157879,60248.1659408446,
2012-12-23,29746.0,36738.0,23.1195051401301,54028.9104482196,
2012-12-24,28575.0,36111.0,21.2766460347574,52304.3830959112,
2012-12-25,24658.0,28743.0,20.6065154509855,46737.3921847055,
2012-12-26,24736.0,36586.0,24.1247010157879,64294.2601762944,
2012-12-27,27831.0,43787.0,23.8470848798358,65673.98492875,
2012-12-28,33348.0,47105.0,26.0688629742304,62330.7242206985,
2012-12-29,33348.0,38110.0,19.8478843099254,57090.9155037585,
2012-12-30,36923.0,45447.0,23.6989663402095,66021.0108608505,
2012-12-31,27480.0,30064.0,24.8839146572199,58010.8309494952,
2013-01-01,28598.0,31896.0,24.2914404987147,62178.7142654412,
2013-01-02,34292.0,39433.0,23.1064921817042,54865.2515428784,
2013-01-03,40002.0,42309.0,23.6989663402095,64305.3565222926,
2013-01-04,36915.0,48589.0,20.8847140873096,66924.4397808084,
2013-01-05,41729.0,39596.0,22.0696624043201,51396.7254939,
2013-01-06,32347.0,33026.0,21.0328326269359,53640.930254673,
2013-01-07,39429.0,40288.0,24.7357961175936,60036.7346846322,
2013-01-08,38444.0,38624.0,23.2611819868382,57332.7336966342,
2013-01-09,40874.0,43190.0,21.6458221266411,47519.066664852,
2013-01-10,44686.0,52539.0,23.5842539588777,54967.1144020749,
2013-01-11,47149.0,52749.0,19.5458543083849,46836.7646266896,
2013-01-12,36943.0,45671.0,19.2227823363455,49937.2533556821,
2013-01-13,40542.0,49441.0,19.7073902944046,49683.5346070386,
2013-01-14,33866.0,44560.0,24.8765418470353,65275.0050160575,
2013-01-15,46471.0,45022.0,20.5150702245032,51785.0438813646,
2013-01-16,45758.0,53629.0,19.8689262804243,50380.8905820691,
2013-01-17,42864.0,48100.0,19.8689262804243,43307.4559819976,
2013-01-18,43006.0,49139.0,20.1919982524637,51476.4366585151,
2013-01-19,37727.0,56170.0,22.7765740287791,72069.7399547785,
2013-01-20,35085.0,41371.0,21.3227501546017,59220.9635158945,
2013-01-21,33381.0,40441.0,23.5842539588777,61090.685128225,
2013-01-22,38013.0,43752.0,20.6766062105229,65685.23562903,
2013-01-23,36638.0,46678.0,21.6458221266411,62405.3387112379,
2013-01-24,39848.0,46221.0,23.9073259309171,75398.3863826241,
2013-01-25,38998.0,48511.0,20.5134284895871,79744.907530934,
2013-01-26,41077.0,52366.0,22.1367933340868,77859.5137885116,
2013-01-27,40829.0,55413.0,22.4319505785413,76610.1040451439,
2013-01-28,41953.0,52180.0,21.8416360896323,73729.1486800971,
2013-01-29,41048.0,51703.0,23.9077368008137,89221.1484873793,
2013-01-30,34666.0,41219.0,21.3989002229506,87284.8199316936,
2013-01-31,37431.0,51633.0,28.0399382231766,125355.078105941,
2013-02-01,49764.0,59382.0,22.5795292007685,87344.8827794721,
2013-02-02,42923.0,54465.0,23.7601581785865,87141.4487514125,
2013-02-03,43416.0,61164.0,24.3504726674955,118842.24946188,
2013-02-04,42775.0,55005.0,25.9738375119952,88185.4558733167,
2013-02-05,47429.0,53420.0,28.0057671748026,107510.605361521,
2013-02-06,41276.0,42555.0,25.0749310751139,90747.5939784851,
2013-02-07,44492.0,61237.0,24.0979857085511,96945.234758737,
2013-02-08,44976.0,60921.0,24.749282619593,91416.784435954,
2013-02-09,42569.0,57750.0,22.1440949754253,90602.983263546,
2013-02-10,45056.0,56443.0,26.7031733527187,123391.290727767,
2013-02-11,39656.0,57594.0,25.8890522139163,101276.539981256,
2013-02-12,40824.0,58551.0,23.2838645697487,99322.898001178,
2013-02-13,40623.0,59090.0,25.5634037583954,112723.823173785,
2013-02-14,38823.0,50928.0,26.7031733527187,112326.676536969,
2013-02-15,38769.0,55647.0,28.6570640858445,127397.94115824,
2013-02-16,37997.0,51433.0,30.7737790467308,146673.506415204,
2013-02-17,36995.0,49635.0,30.2853063634493,138276.524899366,
2013-02-18,38461.0,50374.0,29.2203363858104,127086.187145697,
2013-02-19,39820.0,54519.0,30.1278002487238,115304.216650579,
2013-02-20,39704.0,59748.0,31.3982496568025,151129.530913178,
2013-02-21,41331.0,55916.0,35.7540761987867,141595.865437183,
2013-02-22,43738.0,62171.0,29.2203363858104,141471.759469232,
2013-02-23,41790.0,57886.0,29.4018291583931,146604.017305094,
2013-02-24,42055.0,57164.0,29.7648147035584,125079.950539104,
2013-02-25,44281.0,67144.0,35.3910906536213,166362.790813607,
2013-02-26,46081.0,63438.0,28.1313797503144,140158.283881104,
2013-02-27,42868.0,60949.0,36.8430328342827,166375.475412744,
2013-02-28,46076.0,63021.0,31.0352641116372,141117.849500341,
2013-03-01,49555.0,64535.0,34.3062704062833,130725.696049606,
2013-03-02,38118.0,55825.0,32.5692440565981,135513.51048,
2013-03-03,35819.0,54459.0,33.0035006440194,144564.65149636,
2013-03-04,41993.0,64044.0,37.9974513993645,200134.596278002,
2013-03-05,45962.0,56868.0,32.5692440565981,130198.802397664,
2013-03-06,53581.0,62760.0,35.1747835811259,174165.534890243,
2013-03-07,50988.0,66770.0,33.0035006440194,176996.44812444,
2013-03-08,45918.0,55857.0,31.7007308817555,181194.357829018,
2013-03-09,41221.0,55546.0,36.9118099308112,190417.32780928,
2013-03-10,46473.0,73844.0,40.168734336471,241214.434296117,
2013-03-11,41067.0,59289.0,40.3858626301816,196112.480540736,
2013-03-12,44677.0,48484.0,25.6211386578572,173259.723711882,
2013-03-13,51534.0,56690.0,33.4377572314407,187532.509307682,
2013-03-14,47665.0,58069.0,44.5809016947202,227337.388830819,
2013-03-15,51708.0,62776.0,40.9662339897429,223424.631917718,
2013-03-16,40333.0,34187.0,42.4121010717338,216061.53207205,
2013-03-17,41231.0,35348.0,48.9185029406929,262626.561324697,
2013-03-18,46404.0,43485.0,43.1350346127293,245889.796443339,
2013-03-19,52413.0,46108.0,47.472635858702,234671.60596198,
2013-03-20,49801.0,46276.0,45.0628573887172,319221.414277721,
2013-03-21,52089.0,55564.0,53.7380598806627,395885.964153684,
2013-03-22,58133.0,60584.0,54.2200155746597,449410.60215873,
2013-03-23,50305.0,52914.0,50.6053478696824,391848.139133665,
2013-03-24,57217.0,51335.0,72.2287385885214,327529.720108965,
2013-03-25,52660.0,48993.0,45.2677808665388,276717.29554471,
2013-03-26,58296.0,49061.0,51.9248074645592,286855.418272605,
2013-03-27,58532.0,53207.0,41.9392675675285,278619.258007097,
2013-03-28,65989.0,60989.0,59.5803880522826,416148.730747512,
2013-03-29,66780.0,62259.0,60.5789420419857,412357.154045375,
2013-03-30,60965.0,59196.0,55.2533207635694,404294.008430645,
2013-03-31,48515.0,43986.0,52.2576587944602,409033.395098175,
2013-04-01,57955.0,52770.0,72.5615899184224,507874.943726335,
2013-04-02,72700.0,63276.0,58.2489827326786,531299.50374904,
2013-04-03,87142.0,63941.0,59.2475367223816,533538.700200227,
2013-04-04,86454.0,66892.0,53.2562127841633,534133.98205222,
2013-04-05,84264.0,61373.0,54.925472865526,606454.78155612,
2013-04-06,63661.0,51718.0,64.0797183431136,591783.084092298,
2013-04-07,62954.0,63541.0,61.7911569737167,603835.686877694,
2013-04-08,94011.0,61680.0,64.4611452380131,656770.227986549,
2013-04-09,91121.0,66979.0,64.0797183431136,850652.888681299,
2013-04-10,106348.0,63881.0,70.1825486615054,1222539.97556962,
2013-04-11,96628.0,68407.0,62.5540107635157,657821.213131992,
2013-04-12,81347.0,58690.0,65.9868528176111,559815.178312531,
2013-04-13,68259.0,53517.0,60.6468762890183,516792.385141022,
2013-04-14,57893.0,55471.0,62.1725838686162,407971.672898,
2013-04-15,84240.0,54496.0,61.0283031839177,442529.599697,
2013-04-16,81694.0,67785.0,69.8011217666059,311750.602278183,
2013-04-17,86804.0,56706.0,74.501150664243,309900.40909436,
2013-04-18,66435.0,46631.0,72.7166919656983,382166.716530321,
2013-04-19,86659.0,59528.0,55.7643343295232,386318.48467347,
2013-04-20,62602.0,48302.0,64.6866278222469,463338.735088351,
2013-04-21,58843.0,44224.0,77.6239533866963,597279.158599725,
2013-04-22,78066.0,47194.0,72.2705772910621,478662.08930603,
2013-04-23,78421.0,61668.0,70.9322332671535,560371.0005537,
2013-04-24,81580.0,65023.0,78.0700680613325,600335.23052475,
2013-04-25,76058.0,62566.0,70.9322332671535,715249.659590117,
2013-04-26,72592.0,55264.0,76.7317240374239,619929.370863019,
2013-04-27,65463.0,44369.0,70.9322332671535,522638.10659987,
2013-04-28,104608.0,41879.0,74.501150664243,579269.489677585,
2013-04-29,73560.0,51776.0,80.7467561091496,631409.784038169,
2013-04-30,58629.0,47599.0,74.6333901791775,552276.319031692,
2013-05-01,67962.0,55327.0,70.6262282903626,558395.84489102,
2013-05-02,65415.0,55429.0,72.1289139986682,409938.7621563,
2013-05-03,64825.0,51180.0,73.6315997069738,366275.310930785,
2013-05-04,64825.0,50493.0,77.1378663596868,411141.895158456,
2013-05-05,57862.0,50332.0,77.1378663596868,470673.008996268,
2013-05-06,69183.0,53340.0,81.6459234846036,499201.438897599,
2013-05-07,94788.0,56735.0,88.1575615539278,482548.762990845,
2013-05-08,87495.0,50439.0,81.6459234846036,500229.167555164,
2013-05-09,69602.0,66774.0,83.1486091929092,483620.704262083,
2013-05-10,71443.0,67881.0,83.649504429011,491810.299770817,
2013-05-11,66176.0,73402.0,87.656666317826,558237.023049608,
2013-05-12,58799.0,65428.0,89.1593520261315,521616.294996101,
2013-05-13,69374.0,60998.0,100.10188526766,542208.264689061,
2013-05-14,69012.0,66470.0,81.7498729685886,490866.124125639,
2013-05-15,68388.0,64171.0,81.7498729685886,401574.21200512,
2013-05-16,68536.0,61158.0,80.637629798948,431451.045810658,
2013-05-17,61929.0,58731.0,89.5355751560733,490901.81071408,
2013-05-18,55552.0,52215.0,81.7498729685886,482993.881621561,
2013-05-19,51697.0,47820.0,85.6427240623309,499066.537059567,
2013-05-20,57600.0,48821.0,76.7447787052057,398718.883928346,
2013-05-21,67890.0,53942.0,82.8621161382293,484764.271129384,
2013-05-22,61102.0,51990.0,92.3161830801749,490813.620157671,
2013-05-23,68378.0,59789.0,89.5355751560733,548198.01918393,
2013-05-24,68107.0,55401.0,90.0916967408936,560565.063706746,
2013-05-25,53317.0,51280.0,103.913692158211,570425.250476893,
2013-05-26,53395.0,40722.0,97.2680490550696,548644.813471673,
2013-05-27,59658.0,52758.0,103.913692158211,613984.679019405,
2013-05-28,61517.0,57070.0,97.8721984280825,545731.970206464,
2013-05-29,64923.0,55060.0,101.49709466616,568010.48119275,
2013-05-30,63472.0,57426.0,102.101244039172,604999.863556893,
2013-05-31,61670.0,54346.0,112.371783380391,582560.64343211,
2013-06-01,55356.0,54311.0,119.621575856545,750633.183040245,
2013-06-02,51180.0,49947.0,123.246472094622,675526.408385166,
2013-06-03,63443.0,55874.0,126.267218959687,745211.301891144,
2013-06-04,64541.0,57622.0,126.871368332699,674785.549424747,
2013-06-05,65079.0,56560.0,156.703562082192,584174.086240607,
2013-06-06,60676.0,54638.0,138.085317082328,599441.449617454,
2013-06-07,59933.0,52188.0,124.897393540757,483513.334941159,
2013-06-08,47541.0,48218.0,130.327714999051,548843.443383695,
2013-06-09,45478.0,44471.0,129.551954790723,460210.694516245,
2013-06-10,50635.0,45000.0,139.636837498983,494760.665586696,
2013-06-11,56360.0,49663.0,136.533796665672,503842.471436412,
2013-06-12,52892.0,45907.0,155.152041665537,601654.17478696,
2013-06-13,55259.0,43193.0,149.721720207243,517965.950830181,
2013-06-14,63694.0,50172.0,133.430755832362,486999.095745949,
2013-06-15,43528.0,35826.0,136.533796665672,455754.838637432,
2013-06-16,39659.0,42966.0,145.067158957277,474220.279189203,
2013-06-17,47538.0,45943.0,148.049400446238,365819.131829853,
2013-06-18,51399.0,46017.0,140.358522500979,370930.074489898,
2013-06-19,57558.0,47031.0,120.169967894673,369143.306783338,
2013-06-20,54098.0,52515.0,140.358522500979,422093.830388637,
2013-06-21,55870.0,47027.0,166.315235566228,471481.16820733,
2013-06-22,47672.0,44594.0,165.353875823071,500599.417947664,
2013-06-23,40871.0,38507.0,169.1993147957,505094.405289942,
2013-06-24,52722.0,44245.0,137.474443271506,409156.990770409,
2013-06-25,50043.0,44629.0,142.281241987293,407676.785224876,
2013-06-26,54144.0,45627.0,181.696991456746,456107.796766849,
2013-06-27,50989.0,46128.0,159.585717364126,442638.421932721,
2013-06-28,56602.0,49552.0,161.508436850441,445143.521071561,
2013-06-29,50788.0,36545.0,170.75417902577,411720.05109895,
2013-06-30,41358.0,30953.0,173.935933914449,389942.10176063,
2013-07-01,56374.0,39128.0,162.269499322626,388930.47029171,
2013-07-02,51868.0,39650.0,166.511839174198,335870.71093671,
2013-07-03,55754.0,35531.0,185.602368506272,440475.028120066,
2013-07-04,50059.0,35292.0,180.299443691807,367089.515839691,
2013-07-05,50395.0,37037.0,187.723538432058,378835.377624899,
2013-07-06,42492.0,33372.0,199.389973023881,341216.607837602,
2013-07-07,38512.0,30356.0,198.329388060988,338639.273125113,
2013-07-08,52297.0,39629.0,197.268803098095,369981.5330445,
2013-07-09,55509.0,40832.0,213.177577541489,360259.95506019,
2013-07-10,54321.0,39238.0,181.3600286547,379783.436091007,
2013-07-11,61548.0,43434.0,249.70821205767,398687.751246246,
2013-07-12,66681.0,48260.0,214.59299473706,353949.937555529,
2013-07-13,50760.0,37970.0,196.385104274522,391012.109406778,
2013-07-14,38901.0,34933.0,211.991867528126,423647.35454454,
2013-07-15,49774.0,36754.0,222.396376363862,395086.467418021,
2013-07-16,55925.0,39392.0,213.292431132593,481548.697162536,
2013-07-17,53170.0,40643.0,219.795249154928,454580.642040822,
2013-07-18,52109.0,41170.0,223.696939968329,450952.301092436,
2013-07-19,50353.0,36759.0,219.795249154928,391613.021306059,
2013-07-20,42223.0,33702.0,243.205394035335,600483.22467092,
2013-07-21,42370.0,35456.0,253.609902871071,469322.147259771,
2013-07-22,50290.0,39979.0,279.682550204425,386439.92385778,
2013-07-23,53996.0,38432.0,225.29983210912,335480.676599656,
2013-07-24,54327.0,42361.0,239.283959619341,402471.712096988,
2013-07-25,54353.0,42530.0,212.869496544479,367147.577383676,
2013-07-26,51523.0,36622.0,276.574966313265,409392.77976416,
2013-07-27,41923.0,37643.0,256.375671020723,476160.132109155,
2013-07-28,40133.0,37302.0,275.021174367684,411693.056710057,
2013-07-29,56108.0,41812.0,257.929462966303,462033.032463975,
2013-07-30,58704.0,42133.0,287.451509932325,518883.140779424,
2013-07-31,66141.0,49524.0,309.204597170447,545157.638204102,
2013-08-01,103351.0,50904.0,287.451509932325,495286.413273306,
2013-08-02,64646.0,51681.0,295.220469660226,505223.602319112,
2013-08-03,49767.0,45746.0,332.726003144688,457379.853148955,
2013-08-04,46551.0,42946.0,317.855567249954,647130.905351311,
2013-08-05,62137.0,51001.0,356.890461473632,512239.633110278,
2013-08-06,61187.0,54369.0,351.314048013107,511368.159725712,
2013-08-07,64954.0,57606.0,327.149589684163,530898.277120906,
2013-08-08,60891.0,58022.0,375.478506342051,559108.531513066,
2013-08-09,54319.0,49658.0,386.631333263102,527375.213628527,
2013-08-10,51094.0,51695.0,369.902092881525,558224.525656576,
2013-08-11,43353.0,38422.0,397.784160184153,580275.40487264,
2013-08-12,88571.0,50228.0,425.66622748678,580187.55584265,
2013-08-13,61005.0,53080.0,484.952765580043,801333.341732442,
2013-08-14,64243.0,51660.0,388.972530725659,524465.311958915,
2013-08-15,64588.0,58129.0,421.807874228475,607911.605754553,
2013-08-16,69111.0,71119.0,434.436852498788,426384.089353921,
2013-08-17,51598.0,56546.0,472.323787309729,503961.62536503,
2013-08-18,47444.0,56397.0,497.581743850356,493169.176140536,
2013-08-19,69236.0,71314.0,449.591626423165,509186.92541049,
2013-08-20,67419.0,63228.0,457.169013385353,554099.226972841,
2013-08-21,69302.0,60531.0,520.313904736921,727797.412372893,
2013-08-22,72393.0,66812.0,525.365496045046,622739.523060084,
2013-08-23,63359.0,55195.0,543.046065623485,541294.53490562,
2013-08-24,52996.0,51817.0,607.932298580619,668645.999063105,
2013-08-25,48353.0,44447.0,467.388810199078,420407.336997462,
2013-08-26,62217.0,56093.0,532.757874562586,503214.244970169,
2013-08-27,72059.0,62187.0,562.173953526164,476767.178804472,
2013-08-28,73597.0,64747.0,545.831687435287,560486.796206609,
2013-08-29,65094.0,58992.0,647.153737198724,572217.977746465,
2013-08-30,75212.0,62603.0,634.079924326022,659988.33404892,
2013-08-31,77866.0,47505.0,702.717441907705,718637.112745368,
2013-09-01,47233.0,46598.0,725.596614434932,739015.405311809,
2013-09-02,52321.0,51266.0,768.086506271213,761019.346369226,
2013-09-03,57454.0,52163.0,604.663845362444,641540.141067175,
2013-09-04,62447.0,52979.0,751.934693043482,542703.947019631,
2013-09-05,59898.0,60730.0,704.398591759124,563466.227787724,
2013-09-06,58464.0,60850.0,821.078113093457,694512.676127538,
2013-09-07,50956.0,51967.0,704.398591759124,458761.069691666,
2013-09-08,44651.0,46452.0,643.898099215395,485841.571484974,
2013-09-09,56478.0,57676.0,834.042504352828,633037.841848355,
2013-09-10,55495.0,53283.0,803.792258080963,602728.615773119,
2013-09-11,61906.0,49210.0,868.614214377815,643434.170990803,
2013-09-12,63265.0,52300.0,898.864460649679,690384.23796279,
2013-09-13,57481.0,44834.0,907.507388155926,663452.154188786,
2013-09-14,45429.0,43560.0,933.436170674667,899652.526859019,
2013-09-15,44238.0,53672.0,1024.57958056223,595876.360133307,
2013-09-16,57572.0,51885.0,946.196443251458,512918.082863637,
2013-09-17,60864.0,67931.0,990.986807429042,615657.561980414,
2013-09-18,64710.0,60551.0,845.418123851895,718285.404194936,
2013-09-19,67276.0,59815.0,1091.76512682861,628327.181982153,
2013-09-20,66115.0,58994.0,1080.56753578421,743042.813049032,
2013-09-21,55887.0,52498.0,1046.97476265102,603180.006672738,
2013-09-22,51054.0,50903.0,1153.35187757278,648146.606960649,
2013-09-23,67019.0,65328.0,1237.33381040575,674971.358032128,
2013-09-24,65926.0,62592.0,1125.35789996179,912909.718632538,
2013-09-25,64982.0,54548.0,1583.13830535265,721812.583931176,
2013-09-26,65886.0,57545.0,1265.03107577245,577564.37165104,
2013-09-27,64406.0,46920.0,1302.02028851433,627503.338496155,
2013-09-28,56523.0,42580.0,1265.03107577245,659264.976591389,
2013-09-29,56535.0,41181.0,1242.83754812732,553727.740837207,
2013-09-30,67081.0,47156.0,1213.24617793381,540039.918354236,
2013-10-01,73655.0,57171.0,1449.97713948187,848867.043024613,
2013-10-02,77728.0,61964.0,1279.8267608692,1216619.88756478,
2013-10-03,66403.0,59551.0,1538.75125006239,551724.984940021,
2013-10-04,63208.0,51940.0,1316.81597361108,773669.395755304,
2013-10-05,51842.0,45479.0,1560.94477770752,707536.002615697,
2013-10-06,49517.0,42857.0,1900.66283139384,569220.746421672,
2013-10-07,62040.0,44547.0,1439.61095645177,506345.04039156,
2013-10-08,64024.0,45461.0,1467.83862226455,950386.198122309,
2013-10-09,67064.0,50343.0,1721.88761457957,568550.879351471,
2013-10-10,67237.0,56853.0,1834.79827783069,639812.567154158,
2013-10-11,65117.0,51922.0,1665.43228295401,640204.891697548,
2013-10-12,55313.0,49474.0,1853.61672170588,1337481.29310152,
2013-10-13,66517.0,51304.0,2154.71182370886,1310125.63070581,
2013-10-14,68679.0,57452.0,2427.57925989907,919728.251365451,
2013-10-15,71738.0,55826.0,2333.48704052313,992130.713905087,
2013-10-16,77361.0,50826.0,2914.66937941069,895548.023563815,
2013-10-17,65903.0,46870.0,2382.30967540873,609714.537160166,
2013-10-18,70030.0,59661.0,2302.45571980844,1151808.80286843,
2013-10-19,74510.0,55311.0,2914.66937941069,1163078.62582515,
2013-10-20,61813.0,49418.0,2874.74240161054,999159.747808438,
2013-10-21,79056.0,60451.0,2675.10751260981,1044811.06851932,
2013-10-22,91759.0,65048.0,3313.93915741215,1462826.7063434,
2013-10-23,87018.0,55314.0,2808.19743861029,1152128.03457543,
2013-10-24,89418.0,63634.0,2781.5794534102,1217517.34513943,
2013-10-25,80608.0,57471.0,3194.15822401171,1343865.19998724,
2013-10-26,60631.0,47747.0,3867.20191245522,1091202.3510992,
2013-10-27,54721.0,43691.0,3439.6720527868,863920.64739092,
2013-10-28,68820.0,51104.0,3478.53840366575,893928.569808049,
2013-10-29,70371.0,49930.0,3051.00854399733,876349.157273103,
2013-10-30,78591.0,48446.0,3808.9023861368,1384202.23040448,
2013-10-31,79243.0,58181.0,4061.53366684995,1268518.87527203,
2013-11-01,71947.0,45371.0,3692.30333349996,1096101.38646063,
2013-11-02,65176.0,39181.0,4216.99907036574,1080761.35293217,
2013-11-03,65338.0,35947.0,3808.9023861368,1073746.48030223,
2013-11-04,83348.0,45523.0,3886.63508789469,1170149.90952589,
2013-11-05,97335.0,51597.0,3303.63982471049,1149382.23723981,
2013-11-06,97369.0,55008.0,4114.54971624979,1091463.65843291,
2013-11-07,109301.0,60535.0,3911.36207594116,1054946.58315642,
2013-11-08,106680.0,59223.0,3377.994520131,1006003.80653402,
2013-11-09,106130.0,55204.0,3606.58061547821,1304764.2004113,
2013-11-10,95024.0,57538.0,4266.94044648126,1508529.5793282,
2013-11-11,88300.0,57405.0,4952.69873252289,2440675.20425112,
2013-11-12,98250.0,58307.0,4800.30800229142,1837786.1373951,
2013-11-13,101388.0,64870.0,4774.90954725284,1623511.20589776,
2013-11-14,112531.0,69413.0,4292.33890151984,2181676.37595093,
2013-11-15,102176.0,60914.0,4139.94817128837,1979291.8882268,
2013-11-16,88478.0,47175.0,4978.09718756147,2334241.72723504,
2013-11-17,89325.0,51323.0,5847.42683190499,2391348.08563078,
2013-11-18,140360.0,79032.0,4968.79792970165,2080174.82041975,
2013-11-19,170557.0,92907.0,4696.1199945351,2777584.29840206,
2013-11-20,139562.0,77558.0,4938.50038134981,2338840.68621181,
2013-11-21,128839.0,71822.0,4484.03715607222,2559348.69495985,
2013-11-22,137706.0,76947.0,5029.39302640533,3350220.14912616,
2013-11-23,130687.0,72545.0,4908.20283299797,3674506.17755835,
2013-11-24,102145.0,60861.0,5211.17831651637,3874676.60628557,
2013-11-25,121251.0,71793.0,5453.55870333108,4237394.8306058,
2013-11-26,153552.0,83383.0,4968.79792970165,3586095.73231054,
2013-11-27,170801.0,95531.0,5029.39302640533,4734690.78982913,
2013-11-28,174633.0,98921.0,5514.15380003476,4735006.8924977,
2013-11-29,162274.0,90084.0,6505.6094504138,4819580.30141162,
2013-11-30,138750.0,73890.0,5626.47303819572,5210734.10728668,
2013-12-01,136377.0,73442.0,6857.26401530103,8881509.00923624,
2013-12-02,146063.0,75570.0,5731.96940766189,4151387.47311107,
2013-12-03,148813.0,77667.0,6681.43673285742,7860745.77136313,
2013-12-04,154055.0,79624.0,6224.28579850402,5249021.66920797,
2013-12-05,157285.0,83283.0,6013.29305957168,5256383.36758885,
2013-12-06,142973.0,72099.0,7419.91131912061,6387079.22400915,
2013-12-07,129059.0,67712.0,6751.76764583487,4611581.737448,
2013-12-08,95435.0,47477.0,6294.61671148146,4014587.10658735,
2013-12-09,136327.0,63625.0,6857.26401530103,3750129.01195522,
2013-12-10,128426.0,67623.0,9076.02762430024,4710243.707226,
2013-12-11,127804.0,67305.0,7134.38987382805,4300202.60586565,
2013-12-12,111331.0,58219.0,7495.62480414846,4025149.06790484,
2013-12-13,121972.0,60059.0,7495.62480414846,4409921.93220988,
2013-12-14,111422.0,54113.0,9030.87325801019,4901088.77099175,
2013-12-15,106045.0,52308.0,8037.47719962907,4413451.2266475,
2013-12-16,145742.0,69382.0,8714.79269397984,9363103.16157005,
2013-12-17,133831.0,67740.0,8895.41015914004,3961931.0712996,
2013-12-18,152236.0,81510.0,9482.4169209107,4072838.85613162,
2013-12-19,134046.0,70278.0,9753.34311865101,3193166.8062495,
2013-12-20,118892.0,65083.0,9121.1819905903,3815992.56634558,
2013-12-21,107061.0,56083.0,9568.75370305012,2601609.39221835,
2013-12-22,99505.0,52897.0,9744.8657343946,2751604.73688907,
2013-12-23,132256.0,54267.0,9333.93766125748,3063494.87969699,
2013-12-24,114065.0,55865.0,9744.8657343946,3457867.10483374,
2013-12-25,113223.0,55428.0,10097.0897970836,2685430.98770231,
2013-12-26,106343.0,51276.0,10508.0178702207,3404782.70383875,
2013-12-27,110058.0,52674.0,10273.201828428,4006552.31869149,
2013-12-28,95057.0,48009.0,9627.45771349828,3158649.96806958,
2013-12-29,94132.0,51325.0,8805.60156722404,3335719.7307291,
2013-12-30,133540.0,55613.0,11388.5780269431,3632082.20000505,
2013-12-31,100706.0,48847.0,9920.97776573908,3691241.37928677,
2014-01-01,85153.0,43070.0,11740.802089632,5517175.19234772,
2014-01-02,114151.0,54770.0,10294.9115229754,2670676.91932932,
2014-01-03,122070.0,60980.0,11493.6340975684,3468549.23939752,
2014-01-04,99666.0,52052.0,10435.9377082216,3503313.3781446,
2014-01-05,114078.0,58662.0,12692.3566721614,4633186.0497563,
2014-01-06,151592.0,67358.0,12480.817394292,4914913.51245672,
2014-01-07,121168.0,62911.0,13185.9483205232,4525042.38885386,
2014-01-08,128008.0,61439.0,13891.0792467544,4535443.1451328,
2014-01-09,116570.0,59031.0,12762.8697647845,4930974.51361224,
2014-01-10,108863.0,54166.0,14243.64470987,4535580.33499778,
2014-01-11,111256.0,55856.0,14596.2101729856,5777402.51750686,
2014-01-12,100294.0,50537.0,13397.4875983926,5090195.2246953,
2014-01-13,133710.0,53461.0,18058.6488747028,4210459.44178841,
2014-01-14,110009.0,57378.0,13699.6646635677,3758428.87411201,
2014-01-15,115651.0,61612.0,15211.9653082472,4217005.9545048,
2014-01-16,108455.0,56703.0,17791.7722903476,4241924.52911646,
2014-01-17,113841.0,59026.0,13610.7058021159,3404133.27387066,
2014-01-18,92393.0,51573.0,14500.2944166333,3693311.7459084,
2014-01-19,95238.0,48005.0,16368.4305071198,3964756.61727788,
2014-01-20,152042.0,63003.0,16279.4716456681,4871514.2888793,
2014-01-21,137213.0,72577.0,15300.924169699,3904490.2341148,
2014-01-22,132174.0,65835.0,16902.1836758303,4921325.3187909,
2014-01-23,124504.0,63576.0,15834.6773384094,5241644.13745878,
2014-01-24,123371.0,65600.0,21375.1267539394,4577168.70503621,
2014-01-25,107992.0,53864.0,16903.7992186766,3891447.09648837,
2014-01-26,109747.0,53582.0,17449.0830644403,4399346.48780865,
2014-01-27,151306.0,64374.0,17558.1398335931,6040771.8236915,
2014-01-28,134406.0,65762.0,18103.4236793568,3226115.43438169,
2014-01-29,122232.0,59682.0,17230.9695261348,3232279.90426251,
2014-01-30,131665.0,60799.0,17449.0830644403,4021343.5262158,
2014-01-31,131259.0,60269.0,20066.4455241064,4212641.890744,
2014-02-01,120110.0,54838.0,21484.1835230922,4366761.15316375,
2014-02-02,115532.0,52483.0,19412.1049091899,4381020.86857656,
2014-02-03,151697.0,57600.0,21157.0132156339,4061986.63042048,
2014-02-04,146783.0,69799.0,18430.5939868151,4662961.48683288,
2014-02-05,134434.0,67529.0,22283.1334910963,4108104.59689946,
2014-02-06,143631.0,70160.0,21761.8906024157,4622443.40754955,
2014-02-07,142073.0,70514.0,21501.2691580754,3239923.65141682,
2014-02-08,128846.0,65009.0,22804.3763797769,4306013.7785266,
2014-02-09,110355.0,56579.0,19676.9190476932,2560713.85360142,
2014-02-10,152323.0,66850.0,19937.5404920335,3034340.49203963,
2014-02-11,129779.0,67229.0,21761.8906024157,3177455.32868137,
2014-02-12,124023.0,62126.0,21761.8906024157,4063256.22662555,
2014-02-13,129640.0,67339.0,23455.9299906277,3732203.90452587,
2014-02-14,144009.0,74889.0,24889.3479344994,3351094.4592132,
2014-02-15,128245.0,61896.0,23455.9299906277,3846880.07517398,
2014-02-16,107390.0,57531.0,25149.9693788397,4254676.6144031,
2014-02-17,148093.0,60853.0,25824.9397709724,2812243.33051486,
2014-02-18,132286.0,65408.0,25980.5116973035,3206875.72611767,
2014-02-19,154079.0,70142.0,29714.2379292513,3882380.63908592,
2014-02-20,159785.0,71144.0,26602.7994026282,3495121.25464408,
2014-02-21,156400.0,69390.0,26136.0836236347,2513804.8892639,
2014-02-22,134765.0,58549.0,25513.79591831,3209639.3077212,
2014-02-23,144957.0,60198.0,28314.0905922709,3270586.35230743,
2014-02-24,193162.0,73796.0,28314.0905922709,3447585.41024301,
2014-02-25,183668.0,80082.0,26447.227476297,2738486.78800395,
2014-02-26,166942.0,71897.0,28158.5186659398,3619080.47651883,
2014-02-27,162312.0,72138.0,28314.0905922709,3521286.42848027,
2014-02-28,145370.0,70290.0,35659.9638677987,3407746.31205269,
2014-03-01,153084.0,63402.0,28072.7375129479,2801268.27176672,
2014-03-02,134483.0,56635.0,28262.4181718192,2162848.25557079,
2014-03-03,207617.0,81264.0,26934.6535597203,2478891.43395069,
2014-03-04,201000.0,84600.0,26365.6115831065,3372548.86635277,
2014-03-05,172202.0,72392.0,30538.5860782745,3512792.10713892,
2014-03-06,169426.0,70527.0,30728.2667371457,3414702.4819434,
2014-03-07,156936.0,72345.0,31676.6700315021,4662565.81946043,
2014-03-08,149419.0,64590.0,33194.1153024722,4085715.99207135,
2014-03-09,149990.0,62161.0,31107.6280548883,3384947.78509816,
2014-03-10,171342.0,70884.0,31297.3087137595,2907116.53210744,
2014-03-11,155145.0,76204.0,31866.3506903734,3693754.50700402,
2014-03-12,166882.0,76339.0,31866.3506903734,3456434.06040891,
2014-03-13,163734.0,72805.0,35706.2319140563,4140207.61988635,
2014-03-14,135298.0,70615.0,29367.8475506144,2236559.76211021,
2014-03-15,120614.0,60308.0,36973.9087867447,2859867.31329703,
2014-03-16,120423.0,59332.0,33382.1576474609,4518329.04399226,
2014-03-17,162111.0,66396.0,37607.7472230889,3263903.59581081,
2014-03-18,118351.0,54142.0,30635.5244233027,2567790.30327641,
2014-03-19,141597.0,73804.0,32748.3192111167,2778419.64596144,
2014-03-20,136364.0,71002.0,35283.6729564935,3294476.77586909,
2014-03-21,157457.0,73091.0,38241.5856594331,3641291.59895856,
2014-03-22,135217.0,66673.0,37185.1882655261,2932911.12979362,
2014-03-23,126956.0,57811.0,43312.2931501866,4060999.45281356,
2014-03-24,169414.0,70983.0,42044.6162774982,3225418.94807707,
2014-03-25,143947.0,71883.0,37582.7508729924,2453784.16910848,
2014-03-26,146839.0,68315.0,39324.9976022039,2924721.57927278,
2014-03-27,160637.0,71719.0,41565.0291111902,3523696.71046471,
2014-03-28,158001.0,67079.0,45547.3073493881,2543758.8037429,
2014-03-29,127427.0,53250.0,42560.5986707397,2503197.58882982,
2014-03-30,147993.0,56467.0,37084.9660932176,2014745.3978967,
2014-03-31,148468.0,65448.0,41813.9215010776,2793367.55892397,
2014-04-01,155429.0,64136.0,44551.7377898386,2190656.88165462,
2014-04-02,153963.0,66862.0,46045.0921291628,3145559.90173707,
2014-04-03,125717.0,67075.0,51769.6170965723,2761931.33773585,
2014-04-04,154707.0,65692.0,50027.3703673607,2485627.48778003,
2014-04-05,131344.0,55795.0,54454.168877057,2752160.90149948,
2014-04-06,167245.0,50010.0,43198.2792209055,2355981.89585422,
2014-04-07,136394.0,65810.0,44415.1321567057,2217546.37353574,
2014-04-08,142384.0,67841.0,47457.2644962061,1829950.40502474,
2014-04-09,153632.0,65153.0,44110.9189227557,2150368.59522249,
2014-04-10,159374.0,68027.0,53237.3159412568,2604842.80916677,
2014-04-11,148338.0,65732.0,45327.7718585558,1749131.42204961,
2014-04-12,112455.0,47740.0,48674.1174320062,2110702.14307217,
2014-04-13,156895.0,51168.0,60538.4335560578,2407657.42973614,
2014-04-14,158066.0,70219.0,55366.8085789071,2731916.92231895,
2014-04-15,156359.0,72809.0,59321.5806202576,2905406.24490792,
2014-04-16,149841.0,68594.0,45327.7718585558,2689251.05713165,
2014-04-17,131868.0,65190.0,60364.1060676353,2706076.91605982,
2014-04-18,128648.0,56996.0,54119.5433709834,2772367.99110293,
2014-04-19,118692.0,53515.0,56547.9844196814,2478551.39598085,
2014-04-20,147204.0,49043.0,58976.4254683793,2903129.8029116,
2014-04-21,121759.0,58110.0,61404.8665170773,2803733.6424231,
2014-04-22,162297.0,78042.0,53425.7030713554,2101337.97656688,
2014-04-23,135242.0,73954.0,60711.0262174494,2928738.65231322,
2014-04-24,135134.0,72694.0,50997.2620226574,2506178.88523505,
2014-04-25,154706.0,72650.0,56894.9045694954,3121784.16930471,
2014-04-26,114923.0,52175.0,61751.7866668913,2216047.34576806,
2014-04-27,148161.0,52629.0,57935.6650189374,2695330.38352189,
2014-04-28,146280.0,64546.0,57588.7448691234,2002844.9734579,
2014-04-29,141443.0,65038.0,54813.3836706114,2373811.60726478,
2014-04-30,138804.0,63657.0,58067.9246280705,1798323.6098464,
2014-05-01,132989.0,59658.0,66817.8858733963,2899140.09711454,
2014-05-02,122570.0,59981.0,67613.3368956986,2738555.52006396,
2014-05-03,98010.0,54157.0,57272.4736057682,1824628.31054812,
2014-05-04,136682.0,51769.0,60454.2776949776,1996152.0366392,
2014-05-05,126823.0,67763.0,49715.688893896,1546079.10989945,
2014-05-06,144318.0,77228.0,73976.9450741173,2583817.44080909,
2014-05-07,139545.0,69825.0,64829.2583176404,2136347.09544072,
2014-05-08,140028.0,68937.0,62045.1797395822,2288273.54317903,
2014-05-09,136384.0,66293.0,66022.4348510939,2305086.13988772,
2014-05-10,115894.0,56416.0,70397.4154737568,2463259.52088618,
2014-05-11,145663.0,52590.0,66022.4348510939,2107297.0875308,
2014-05-12,128562.0,74418.0,69096.5967636062,2174293.30588062,
2014-05-13,126152.0,69357.0,74817.9710179175,2196362.32514587,
2014-05-14,136797.0,69808.0,66015.8567805155,1872053.61437355,
2014-05-15,149729.0,74893.0,73057.5481704371,2329797.59349022,
2014-05-16,123629.0,65433.0,80099.2395603588,2271665.23319837,
2014-05-17,109902.0,53511.0,80539.3452722289,2846330.18727616,
2014-05-18,151253.0,49912.0,67776.2796279959,2674403.24760663,
2014-05-19,137175.0,64094.0,77898.7110010083,2800193.45760369,
2014-05-20,162024.0,71520.0,78778.9224247485,2437309.33215951,
2014-05-21,131323.0,68905.0,78338.8167128784,2679568.52756389,
2014-05-22,137973.0,73343.0,73497.6538823072,2550796.14223453,
2014-05-23,150893.0,72810.0,69536.7024754763,2450791.24452302,
2014-05-24,103212.0,52872.0,87319.120099013,2351556.70291129,
2014-05-25,165704.0,57566.0,78483.2567556605,2685405.17828629,
2014-05-26,143041.0,67007.0,87838.876766269,2658143.76983134,
2014-05-27,150775.0,68524.0,67048.6100760278,2171401.39268694,
2014-05-28,156184.0,72338.0,91996.9301043173,2886725.31537357,
2014-05-29,145139.0,65362.0,68088.1234105399,2171411.11799255,
2014-05-30,127995.0,65127.0,84720.3367627328,2667113.68140693,
2014-05-31,123644.0,52172.0,79003.0134229165,2507046.66898787,
2014-06-01,167932.0,55222.0,93036.4434388293,3186784.51736148,
2014-06-02,149237.0,64434.0,93036.4434388293,3650788.78347102,
2014-06-03,160756.0,69655.0,97714.2534441336,3203424.7509436,
2014-06-04,148353.0,65094.0,95115.4701078534,3593888.80985165,
2014-06-05,154509.0,66945.0,75364.7167521243,2708518.43397621,
2014-06-06,143645.0,62342.0,86494.3621241971,2703361.52059781,
2014-06-07,120890.0,51210.0,89416.4689527173,2878038.64715532,
2014-06-08,153210.0,48308.0,87663.2048556052,2503351.83023013,
2014-06-09,137265.0,59875.0,79481.3057357487,3129398.32990219,
2014-06-10,146486.0,63316.0,103442.581729614,3398807.4547023,
2014-06-11,145154.0,62827.0,85325.5193927891,2732109.18704523,
2014-06-12,146361.0,64744.0,90585.3116841254,3477994.08182039,
2014-06-13,146417.0,64739.0,98182.7894382778,2666109.45247941,
2014-06-14,128268.0,53596.0,102858.16036391,3378320.32975696,
2014-06-15,156625.0,53916.0,108702.37402095,3554349.15871317,
2014-06-16,151411.0,68262.0,118637.537237919,3357698.58037231,
2014-06-17,161493.0,70077.0,104027.003095318,3465497.66274646,
2014-06-18,144626.0,63888.0,113768.842858603,2653182.8809552,
2014-06-19,132614.0,62454.0,101053.501597935,3124036.51946112,
2014-06-20,133214.0,57381.0,123807.270169656,3429551.41602032,
2014-06-21,130125.0,51173.0,126484.18411927,3180962.87500238,
2014-06-22,163514.0,50104.0,129161.098068884,3522657.11801796,
2014-06-23,136813.0,60216.0,105738.10100976,3540092.79362386,
2014-06-24,148534.0,64883.0,132507.240505902,3183637.21807602,
2014-06-25,150394.0,64397.0,124476.498657059,2925711.45846495,
2014-06-26,136793.0,61432.0,114438.071346006,2992633.06533511,
2014-06-27,144281.0,62966.0,125145.727144463,3485349.38860833,
2014-06-28,119637.0,54392.0,125145.727144463,3390821.48285489,
2014-06-29,155427.0,49922.0,145472.743415772,2867568.6921274,
2014-06-30,153158.0,69403.0,104506.281189491,2302759.22460592,
2014-07-01,157472.0,69443.0,115374.934433198,2485724.37831526,
2014-07-02,152173.0,66728.0,116210.984682714,2261661.30916854,
2014-07-03,135992.0,62849.0,111194.683185619,2560998.376542,
2014-07-04,122293.0,59494.0,133768.039922549,3298718.39247022,
2014-07-05,110447.0,49954.0,127079.637926421,2603938.92237504,
2014-07-06,163144.0,52139.0,124571.487177873,2561839.04560687,
2014-07-07,159811.0,64686.0,116210.984682714,2796222.36803611,
2014-07-08,184360.0,70117.0,135440.140421581,2661544.47118273,
2014-07-09,157335.0,68518.0,132931.989673033,3132903.82917889,
2014-07-10,147432.0,64605.0,128751.738425453,3133288.01651803,
2014-07-11,145271.0,59077.0,125407.537427389,2721173.49560002,
2014-07-12,134802.0,53454.0,137948.291170128,3223823.83970348,
2014-07-13,168917.0,52417.0,132716.120673498,2964897.50723038,
2014-07-14,138366.0,62761.0,124959.983751021,2324693.38813598,
2014-07-15,154269.0,72316.0,118927.432811316,3161553.82092972,
2014-07-16,144076.0,65571.0,142195.843578748,2629605.79883141,
2014-07-17,147920.0,66233.0,147366.601527066,3002451.26742862,
2014-07-18,141523.0,64062.0,137025.08563043,3638812.44346872,
2014-07-19,131462.0,59553.0,148228.394518452,3245599.55344,
2014-07-20,170737.0,52001.0,146504.80853568,2983207.3725258,
2014-07-21,135234.0,64190.0,128407.155716566,2938912.73316861,
2014-07-22,141538.0,66858.0,123236.397768248,2652571.36378448,
2014-07-23,151146.0,66883.0,125821.776742407,2487264.2702008,
2014-07-24,149324.0,66276.0,128407.155716566,2473403.68632031,
2014-07-25,152439.0,61498.0,135301.499647657,2769685.95930169,
2014-07-26,119755.0,56333.0,130395.098646876,2326825.30108101,
2014-07-27,162972.0,51991.0,149954.363443907,2881152.52485139,
2014-07-28,147974.0,64744.0,126669.524399822,2678343.23884442,
2014-07-29,142385.0,61607.0,138777.640702747,2587762.30485722,
2014-07-30,156102.0,66153.0,162993.873308595,3902129.78311854,
2014-07-31,148020.0,69761.0,143434.608511564,2739529.14990296,
2014-08-01,150907.0,67915.0,142503.2149498,2902813.90643991,
2014-08-02,121519.0,54989.0,157405.511938015,3148523.90950454,
2014-08-03,151735.0,53621.0,141571.821388037,2835381.94049722,
2014-08-04,134288.0,67847.0,125738.130838059,2137667.01109539,
2014-08-05,168882.0,72823.0,122943.950152769,2169992.06234937,
2014-08-06,173282.0,80402.0,142503.2149498,3093156.46034628,
2014-08-07,151230.0,69913.0,146228.789196854,2541691.97252622,
2014-08-08,149498.0,68262.0,157903.329123918,2801018.16384497,
2014-08-09,130462.0,60634.0,169672.521356757,3525377.0138246,
2014-08-10,174825.0,57913.0,175557.117473176,3264322.65956535,
2014-08-11,170341.0,75575.0,178499.415531385,3345836.1122912,
2014-08-12,175058.0,76982.0,177518.649511982,3050213.5876443,
2014-08-13,169355.0,75738.0,153980.265046305,2411608.84647239,
2014-08-14,165350.0,79082.0,166730.223298547,3004833.26150897,
2014-08-15,158933.0,73193.0,159864.861162724,2314744.7005523,
2014-08-16,146332.0,67974.0,167710.98931795,2233906.7189312,
2014-08-17,179878.0,60223.0,161826.393201531,3126169.07303607,
2014-08-18,167625.0,72758.0,171634.053395563,3269988.48354292,
2014-08-19,161716.0,74740.0,202037.799997063,2809058.54143764,
2014-08-20,163469.0,73842.0,187281.346343637,2419608.0008996,
2014-08-21,169811.0,73164.0,199134.596112222,2535647.92977324,
2014-08-22,156690.0,66998.0,190837.321274213,2285706.48261436,
2014-08-23,128246.0,57593.0,186096.021366779,2738544.90844599,
2014-08-24,185028.0,56695.0,194393.296204788,2283154.09702745,
2014-08-25,154245.0,69894.0,158833.546899034,2028245.65472511,
2014-08-26,163451.0,72660.0,196763.946158505,2551828.40649573,
2014-08-27,157523.0,74581.0,190837.321274213,2588865.36987183,
2014-08-28,167080.0,68628.0,214543.820811382,2782169.67445163,
2014-08-29,140682.0,68614.0,196763.946158505,2665982.09580596,
2014-08-30,141380.0,61214.0,203875.896019656,2780807.83499772,
2014-08-31,170749.0,57755.0,231138.3704874,2985880.98310164,
2014-09-01,167302.0,70383.0,204522.695658425,1969296.78492338,
2014-09-02,155595.0,71909.0,194978.303194365,1970993.49411983,
2014-09-03,146140.0,71868.0,216794.05739793,2527781.15522765,
2014-09-04,153958.0,70810.0,227701.934499713,2449816.0872382,
2014-09-05,156320.0,68038.0,203159.211020702,2095783.69591882,
2014-09-06,133875.0,63369.0,229065.419137436,2714423.52929315,
2014-09-07,212749.0,60352.0,223611.480586544,2324215.67135553,
2014-09-08,161630.0,75766.0,208613.149571593,2008056.38792212,
2014-09-09,174038.0,81812.0,179979.972179414,1995752.89548181,
2014-09-10,155747.0,72558.0,212703.603484762,2599268.72255829,
2014-09-11,149290.0,66026.0,220884.511311099,2298604.52435785,
2014-09-12,146245.0,68384.0,219521.026673376,2155557.16520553,
2014-09-13,132966.0,61246.0,241336.780876941,2841201.73837358,
2014-09-14,213769.0,67655.0,252083.49301791,2247599.2425394,
2014-09-15,160989.0,78666.0,219460.92333324,2259751.94511144,
2014-09-16,182666.0,87234.0,250600.648941334,2514666.70244277,
2014-09-17,163698.0,80305.0,280257.530472853,2415672.65139898,
2014-09-18,165517.0,77364.0,274326.15416655,2423050.76220762,
2014-09-19,143062.0,69437.0,240220.740405303,2164815.28037068,
2014-09-20,140496.0,63482.0,256532.025247638,2141250.18575465,
2014-09-21,183275.0,59800.0,259497.71340079,1959830.14130346,
2014-09-22,170784.0,73289.0,232806.520022423,2071257.84787157,
2014-09-23,163696.0,77283.0,223909.455562967,1965917.76079459,
2014-09-24,164370.0,74974.0,241703.584481879,1964038.52619637,
2014-09-25,168665.0,78523.0,241703.584481879,2230525.35225598,
2014-09-26,154395.0,72555.0,260177.353092678,1578605.40277308,
2014-09-27,141428.0,62973.0,220547.690038826,1451282.77889072,
2014-09-28,214115.0,62605.0,239501.007151538,1616493.01180865,
2014-09-29,159257.0,77924.0,237777.978323109,1440091.09846022,
2014-09-30,184878.0,78006.0,261900.381921106,1640655.87033377,
2014-10-01,184302.0,78779.0,249839.180122108,1673380.56721074,
2014-10-02,156333.0,72059.0,255008.266607392,1588891.9563592,
2014-10-03,150088.0,75121.0,242947.064808394,1517310.1929175,
2014-10-04,140633.0,66632.0,246393.122465251,1782063.51566212,
2014-10-05,220026.0,67330.0,306699.131460242,1621581.34116395,
2014-10-06,157072.0,78049.0,275684.612548532,1486380.20798555,
2014-10-07,171824.0,79069.0,260177.353092678,1134681.32837884,
2014-10-08,161782.0,78818.0,225716.776524111,1323978.43655011,
2014-10-09,159411.0,82789.0,247077.560329999,1540765.37320104,
2014-10-10,171643.0,81058.0,276657.26825683,1614160.61732474,
2014-10-11,139081.0,65020.0,248817.543149225,1646687.77721978,
2014-10-12,211008.0,63509.0,257517.457245351,1597326.64206677,
2014-10-13,181958.0,77942.0,266217.371341478,1766805.32533075,
2014-10-14,172300.0,81364.0,243597.594691549,1632626.00013654,
2014-10-15,180663.0,76257.0,255777.474426126,1705973.77537002,
2014-10-16,159050.0,75737.0,260997.422883802,1663592.70462545,
2014-10-17,157606.0,70839.0,233157.697776197,1444082.42449997,
2014-10-18,157606.0,66477.0,294057.096449084,1747485.79923333,
2014-10-19,208126.0,63255.0,233157.697776197,1558757.13188474,
2014-10-20,166994.0,82700.0,240117.629053098,1494910.40980512,
2014-10-21,174424.0,81651.0,243597.594691549,1903489.71658992,
2014-10-22,171493.0,79987.0,297537.062087534,1751380.64131487,
2014-10-23,164169.0,80638.0,255806.390893167,1551013.17406584,
2014-10-24,158148.0,77906.0,291583.508500603,1603289.68193289,
2014-10-25,185238.0,72515.0,271906.093816513,1716185.44470357,
2014-10-26,184703.0,70762.0,232551.264448334,1123002.29298534,
2014-10-27,189730.0,83977.0,266539.526175398,1523907.22793904,
2014-10-28,174018.0,87980.0,268328.382055769,1426312.97463687,
2014-10-29,174417.0,93667.0,257595.246773539,1740015.08019338,
2014-10-30,176402.0,92622.0,309472.067304321,1631334.81998031,
2014-10-31,170099.0,85703.0,336304.905509898,1834800.23416813,
2014-11-01,143835.0,69591.0,286216.940859487,1533208.4642665,
2014-11-02,237620.0,77170.0,293372.364380974,1391560.73540277,
2014-11-03,173647.0,90351.0,277272.661457628,1619527.51719384,
2014-11-04,172105.0,87617.0,293372.364380974,1735453.9909879,
2014-11-05,171281.0,89460.0,314993.428436733,1309127.3758616,
2014-11-06,175366.0,93387.0,285462.79452079,1571746.84605151,
2014-11-07,163758.0,84866.0,283494.08559306,1571438.07339558,
2014-11-08,134292.0,72717.0,307118.592725815,1518181.76326086,
2014-11-09,225316.0,72212.0,273650.540954412,1393115.39929542,
2014-11-10,175663.0,88994.0,311056.010581274,1533013.04907557,
2014-11-11,170263.0,85618.0,277587.958809871,1312768.2932778,
2014-11-12,196274.0,95579.0,265775.705243494,1455935.24664,
2014-11-13,183931.0,92958.0,287431.503448519,1823971.60231426,
2014-11-14,196365.0,86307.0,287431.503448519,1748676.7309056,
2014-11-15,150621.0,73242.0,295306.339159437,1561463.63238695,
2014-11-16,222035.0,76009.0,285462.79452079,1701328.2162303,
2014-11-17,177323.0,88354.0,299243.757014897,1585496.74478053,
2014-11-18,180223.0,87524.0,295306.339159437,1696963.96160251,
2014-11-19,172491.0,85271.0,274455.576194397,1401637.63134078,
2014-11-20,179016.0,89388.0,274455.576194397,1445702.43810439,
2014-11-21,171057.0,82179.0,248412.346336535,1225667.97767449,
2014-11-22,154860.0,74725.0,316525.409041714,1720539.5956743,
2014-11-23,223748.0,77283.0,282468.877689124,1381369.81458253,
2014-11-24,173690.0,85807.0,310515.432920669,1593014.46073971,
2014-11-25,175123.0,86134.0,256425.647831262,1371988.81240389,
2014-11-26,170725.0,85111.0,286475.528436488,1537906.98690018,
2014-11-27,181363.0,84682.0,262435.623952307,1481376.22009032,
2014-11-28,177683.0,85912.0,310515.432920669,1502927.50723127,
2014-11-29,155964.0,79098.0,302502.131425942,1936735.41089118,
2014-11-30,246494.0,85013.0,312518.75829435,1601182.63187674,
2014-12-01,181684.0,97623.0,286475.528436488,1434587.0265017,
2014-12-02,209968.0,99419.0,284472.203062806,1591199.52639651,
2014-12-03,194808.0,99348.0,242402.37021549,1182250.10772653,
2014-12-04,187186.0,98348.0,294339.755888874,1660936.38144759,
2014-12-05,194196.0,90900.0,298317.320157643,1608673.90086041,
2014-12-06,157776.0,81230.0,288373.409485721,1574471.78998336,
2014-12-07,229659.0,74792.0,242631.420394883,1410992.45742544,
2014-12-08,198822.0,90746.0,298317.320157643,1821805.70265682,
2014-12-09,186519.0,90220.0,276440.716679416,1475143.01528575,
2014-12-10,187861.0,88798.0,326160.270039023,1367831.71948377,
2014-12-11,181976.0,84005.0,288373.409485721,1521941.03052705,
2014-12-12,190237.0,81297.0,282407.063082569,1426533.92167311,
2014-12-13,155092.0,76207.0,284395.845216953,1642099.43255656,
2014-12-14,250811.0,79703.0,262519.241738726,1490845.67497268,
2014-12-15,202124.0,94459.0,304283.666560796,1607252.20036533,
2014-12-16,219102.0,101064.0,264508.02387311,1440953.04801868,
2014-12-17,209988.0,98444.0,252575.331066804,1308619.63642535,
2014-12-18,200207.0,95207.0,272641.755669288,1217840.34568766,
2014-12-19,189380.0,95405.0,243219.983474761,1293156.99008536,
2014-12-20,224411.0,86901.0,276564.658628559,1278678.75492542,
2014-12-21,205666.0,78963.0,284410.464547099,1363448.95268664,
2014-12-22,212181.0,96511.0,253027.240872936,1717274.500176,
2014-12-23,202314.0,99469.0,317755.139700897,1382703.23911297,
2014-12-24,161207.0,82347.0,296179.17342491,1427548.03301166,
2014-12-25,140109.0,67918.0,331485.300058343,1394962.02044135,
2014-12-26,162298.0,76198.0,282449.013067464,1333687.82891679,
2014-12-27,180035.0,76814.0,313832.236741627,1391843.04167568,
2014-12-28,238616.0,75715.0,327562.397099073,1561020.13669653,
2014-12-29,163563.0,83447.0,331485.300058343,1703669.81497197,
2014-12-30,179514.0,85049.0,286371.916026734,1673863.09268083,
2014-12-31,150108.0,77411.0,313142.288941348,1434545.8061867,
2015-01-01,117529.0,59344.0,335365.290092025,1519572.47532184,
2015-01-02,179406.0,79287.0,323243.653100747,1475784.13022053,
2015-01-03,205926.0,82227.0,331324.744428265,1586907.13151435,
2015-01-04,207255.0,85694.0,335365.290092025,1632202.97088049,
2015-01-05,200612.0,95585.0,339405.835755784,1202039.03548908,
2015-01-06,179159.0,87821.0,317182.834605108,1361861.14103894,
2015-01-07,171674.0,89916.0,299000.379118191,1052470.30059465,
2015-01-08,197689.0,107132.0,272736.832303755,1383767.09375183,
2015-01-09,202190.0,102275.0,307081.470445709,1085523.88835297,
2015-01-10,242729.0,104874.0,284858.469295033,1335502.20243442,
2015-01-11,211904.0,90630.0,296980.106286311,1225262.60743366,
2015-01-12,186352.0,98969.0,358478.281006871,1092944.81968145,
2015-01-13,213182.0,102309.0,229513.533571473,1026145.43398932,
2015-01-14,217076.0,104765.0,330062.319707546,930527.16360222,
2015-01-15,229796.0,120390.0,303832.201585092,729864.29221988,
2015-01-16,209325.0,104699.0,325690.633353804,954891.941835932,
2015-01-17,250389.0,90499.0,299460.51523135,762548.336457896,
2015-01-18,214984.0,83186.0,325690.633353804,887192.302591338,
2015-01-19,207358.0,98485.0,338805.692415031,904302.554752611,
2015-01-20,191743.0,98925.0,262301.18122454,672812.407056865,
2015-01-21,189969.0,96959.0,299460.51523135,925107.460673729,
2015-01-22,186251.0,93698.0,327876.476530675,907343.516960094,
2015-01-23,178774.0,92011.0,271044.553932025,855770.678613185,
2015-01-24,167143.0,83557.0,264487.024401411,785746.001809909,
2015-01-25,281521.0,86558.0,275416.240285767,857586.694546591,
2015-01-26,216080.0,108181.0,277602.083462638,1002878.96603735,
2015-01-27,205787.0,99393.0,316947.260646319,1300992.04050749,
2015-01-28,156833.0,85232.0,324166.338971824,1611057.54290654,
2015-01-29,178726.0,90879.0,348786.567248165,1207954.74876182,
2015-01-30,161500.0,81199.0,285184.310867618,1124241.55980927,
2015-01-31,243132.0,86312.0,318011.281902739,1195032.17185529,
2015-02-01,217101.0,78994.0,348786.567248165,1082639.78816864,
2015-02-02,184674.0,85987.0,301597.796385178,1007399.40785408,
2015-02-03,203192.0,91793.0,276977.568108837,913622.283780247,
2015-02-04,198579.0,90814.0,330321.39604091,1055456.89427536,
2015-02-05,176000.0,86567.0,301597.796385178,1085648.70840532,
2015-02-06,201370.0,85705.0,359044.995696641,1180053.9936833,
2015-02-07,159160.0,85699.0,352889.938627556,1098079.80134983,
2015-02-08,264578.0,82679.0,262615.768280972,862815.305500741,
2015-02-09,191360.0,104758.0,342533.060667745,1084298.90857245,
2015-02-10,196075.0,102975.0,331483.607097818,937991.725462956,
2015-02-11,191881.0,97048.0,331483.607097818,973022.676337063,
2015-02-12,198875.0,87427.0,300545.137102021,700112.57856552,
2015-02-13,274903.0,113660.0,309384.699957963,871174.467760856,
2015-02-14,214118.0,98773.0,355792.404951658,1034325.15626839,
2015-02-15,300913.0,85267.0,296125.35567405,1098201.7798575,
2015-02-16,227349.0,104632.0,349162.732809701,1063594.97488124,
2015-02-17,229875.0,102988.0,342533.060667745,1076991.66602969,
2015-02-18,209069.0,105719.0,355792.404951658,1187677.75371608,
2015-02-19,180964.0,94552.0,362422.077093614,1155178.61658049,
2015-02-20,196964.0,98714.0,366841.858521585,1090408.64549142,
2015-02-21,237585.0,87827.0,304964.918529992,961956.919245941,
2015-02-22,232004.0,84942.0,333693.497811803,1027780.71451474,
2015-02-23,213050.0,101515.0,317934.931985704,1030310.14904036,
2015-02-24,197476.0,105125.0,320255.624919906,833758.262454456,
2015-02-25,193898.0,105394.0,362028.097735547,1173922.80517658,
2015-02-26,190948.0,100817.0,334179.78252512,1039087.66750926,
2015-02-27,198801.0,101474.0,366669.483603951,1068531.12624588,
2015-02-28,238945.0,89632.0,313293.5461173,1138555.66311946,
2015-03-01,230566.0,88728.0,348103.940130333,979660.080977565,
2015-03-02,221621.0,104937.0,348103.940130333,1277153.04012241,
2015-03-03,218185.0,110981.0,357386.711867142,1356751.04799536,
2015-03-04,200738.0,98529.0,364348.790669749,1150222.61728387,
2015-03-05,210532.0,101115.0,264558.994499053,1112274.88396849,
2015-03-06,190781.0,93869.0,366669.483603951,1069815.36294775,
2015-03-07,213542.0,91505.0,327217.703722513,1093338.37354889,
2015-03-08,219897.0,87527.0,362028.097735547,1263093.90388293,
2015-03-09,213987.0,105536.0,311208.023870146,1228704.25963725,
2015-03-10,202831.0,105541.0,356003.118215091,1339461.47266863,
2015-03-11,202784.0,100765.0,391367.666382153,1368494.2516486,
2015-03-12,191013.0,97095.0,313565.660414617,1094308.30761627,
2015-03-13,196893.0,96036.0,327711.479681442,1124821.81863606,
2015-03-14,221145.0,89511.0,315923.296959088,1051243.33341914,
2015-03-15,219686.0,84934.0,346572.572037208,1111367.7239335,
2015-03-16,215332.0,105218.0,308850.387325675,1044154.1050261,
2015-03-17,189410.0,99561.0,337142.025859325,1118080.70032732,
2015-03-18,192033.0,99607.0,332426.752770383,1320674.89785264,
2015-03-19,191319.0,106297.0,337142.025859325,1038892.10203537,
2015-03-20,196439.0,103532.0,332426.752770383,945367.378745339,
2015-03-21,209563.0,92836.0,337142.025859325,1202959.83423877,
2015-03-22,229566.0,90586.0,313565.660414617,978614.418954976,
2015-03-23,217678.0,106019.0,358360.754759562,1149817.6092931,
2015-03-24,182247.0,92927.0,387831.112208752,1247262.44601875,
2015-03-25,186186.0,97138.0,385508.770219478,1106539.1759772,
2015-03-26,187578.0,101181.0,346028.956401821,1128027.22590663,
2015-03-27,196455.0,99491.0,399442.822155122,1268664.29226788,
2015-03-28,200239.0,87374.0,348351.298391095,1005981.65833757,
2015-03-29,231523.0,90516.0,350673.640380369,1110135.86666338,
2015-03-30,213673.0,106355.0,329772.562476903,973393.48077274,
2015-03-31,226307.0,115111.0,346028.956401821,1083199.55999248,
2015-04-01,223233.0,119343.0,329772.562476903,942541.77656054,
2015-04-02,211292.0,112070.0,341384.272423273,1199712.09749658,
2015-04-03,194634.0,104546.0,350673.640380369,1067896.69834402,
2015-04-04,215923.0,89651.0,357640.66634819,1205590.6290449,
2015-04-05,221968.0,95023.0,371157.005411998,1082160.05929545,
2015-04-06,205697.0,107449.0,317081.150318859,942391.439865455,
2015-04-07,215918.0,108714.0,390820.952718594,1229555.75469383,
2015-04-08,215255.0,110751.0,292501.216185614,1013831.8772282,
2015-04-09,201791.0,116620.0,351493.058105402,905334.768100351,
2015-04-10,218653.0,112826.0,349035.064692078,1125051.63652566,
2015-04-11,235064.0,99429.0,336745.097625455,948286.14929616,
2015-04-12,217732.0,86999.0,334287.104212131,830709.719453486,
2015-04-13,221789.0,115407.0,346577.071278753,1080582.91452837,
2015-04-14,213708.0,110150.0,388362.959305269,901375.649856275,
2015-04-15,186694.0,107606.0,302333.189838912,717156.84964451,
2015-04-16,188970.0,99046.0,339203.09103878,927077.299737437,
2015-04-17,193199.0,102755.0,329371.117385482,754220.2607667,
2015-04-18,216541.0,97709.0,326913.123972157,916061.356961556,
2015-04-19,222517.0,91134.0,334287.104212131,1081326.8690184,
2015-04-20,209796.0,116746.0,408026.906611865,983941.699833826,
2015-04-21,202389.0,112502.0,376310.705870182,996289.362301728,
2015-04-22,220819.0,111878.0,338442.961883245,1041849.93641138,
2015-04-23,217563.0,109838.0,326609.291887328,844835.494701797,
2015-04-24,204006.0,108776.0,284008.079902024,818037.569884457,
2015-04-25,230746.0,98465.0,364477.035874264,1138632.77753551,
2015-04-26,231840.0,92999.0,352643.365878346,840330.369719244,
2015-04-27,215145.0,113775.0,326609.291887328,953399.459954905,
2015-04-28,209313.0,113193.0,371577.237871815,997245.566561662,
2015-04-29,219107.0,117260.0,305308.685894676,741391.64271784,
2015-04-30,206785.0,112958.0,314775.62189141,872918.642666443,
2015-05-01,188699.0,99560.0,347909.897879979,1029919.5580613,
2015-05-02,233284.0,95102.0,347909.897879979,1002482.24492307,
2015-05-03,214577.0,84602.0,326609.291887328,944154.636483757,
2015-05-04,208572.0,104000.0,312624.333322854,901989.777103338,
2015-05-05,219742.0,115348.0,364728.388876663,980916.53417919,
2015-05-06,225289.0,111733.0,338676.361099758,1095042.63966171,
2015-05-07,220987.0,111125.0,381306.95200742,879719.261384585,
2015-05-08,258964.0,109145.0,350518.191907442,1071486.17039957,
2015-05-09,189134.0,94716.0,298414.136353633,921816.71766574,
2015-05-10,219078.0,89409.0,305519.234838243,966831.312930865,
2015-05-11,225581.0,111374.0,352886.558068979,1068466.31559159,
2015-05-12,226586.0,110101.0,374201.85352281,1064598.06412984,
2015-05-13,210288.0,108858.0,383675.318168957,1209740.0246009,
2015-05-14,200454.0,101584.0,331571.262615148,1112652.15389852,
2015-05-15,209511.0,105160.0,390780.416653567,1100858.35891009,
2015-05-16,229024.0,90686.0,303150.868676707,893513.609002344,
2015-05-17,213882.0,87162.0,419738.369701863,1144998.33057769,
2015-05-18,206913.0,98578.0,332393.969070261,970848.767929774,
2015-05-19,212508.0,107346.0,329967.735719384,818617.777220403,
2015-05-20,214856.0,106888.0,344525.13582465,969954.100248016,
2015-05-21,202037.0,98302.0,371213.702684306,992600.295782172,
2015-05-22,208304.0,102770.0,344525.13582465,908597.137475951,
2015-05-23,187976.0,86279.0,291148.002105338,791439.177905592,
2015-05-24,249786.0,94044.0,342098.902473773,954369.712057463,
2015-05-25,221655.0,106086.0,349377.602526406,932241.661014417,
2015-05-26,227723.0,108384.0,327541.502368506,1029440.19202808,
2015-05-27,214649.0,108089.0,351803.835877284,899539.373532816,
2015-05-28,212935.0,110980.0,320262.802315872,803899.965142772,
2015-05-29,243480.0,124052.0,380918.636087818,1128074.46801485,
2015-05-30,266265.0,127801.0,300852.93550885,888252.169613421,
2015-05-31,251225.0,98784.0,356656.30257904,926865.371505693,
2015-06-01,258970.0,128696.0,332393.969070261,792896.662782127,
2015-06-02,253269.0,128207.0,345390.945540338,920829.233457179,
2015-06-03,246454.0,127600.0,335928.179909096,860046.112515177,
2015-06-04,231919.0,118346.0,335928.179909096,945238.915123538,
2015-06-05,223180.0,110201.0,335928.179909096,839491.369756514,
2015-06-06,234953.0,92696.0,380876.316657496,1262209.26648019,
2015-06-07,220164.0,83627.0,395070.465104359,942417.318145213,
2015-06-08,202272.0,108173.0,333562.488501286,1021051.37608598,
2015-06-09,230578.0,121638.0,383242.008065307,954812.701541047,
2015-06-10,272533.0,131279.0,373779.242434065,1086411.51054592,
2015-06-11,233951.0,120624.0,366682.168210633,875567.013509312,
2015-06-12,248877.0,126945.0,321734.031462233,943621.951601325,
2015-06-13,239474.0,105843.0,373779.242434065,1135309.32280931,
2015-06-14,247680.0,103036.0,358182.179015018,1011033.83300274,
2015-06-15,272423.0,129389.0,370533.288636225,1026526.56898407,
2015-06-16,231099.0,121541.0,303837.296681705,866651.63510904,
2015-06-17,264842.0,133122.0,350771.513242293,1156640.63090393,
2015-06-18,234569.0,124929.0,380414.176333191,1133271.14912139,
2015-06-19,253777.0,125222.0,397705.729802882,1043809.14232646,
2015-06-20,228622.0,102012.0,331009.737848361,893986.621257645,
2015-06-21,236321.0,96654.0,301367.074757463,835797.23668661,
2015-06-22,222817.0,119345.0,365592.844787742,1122575.84082726,
2015-06-23,256698.0,125560.0,353241.735166535,1016657.5535392,
2015-06-24,224581.0,113093.0,373003.510560467,1077185.36594486,
2015-06-25,189264.0,111468.0,395235.50787864,1073298.21734134,
2015-06-26,248150.0,116432.0,365592.844787742,1094024.9937944,
2015-06-27,254786.0,106004.0,316188.406302912,860747.558580137,
2015-06-28,236527.0,99145.0,363122.622863501,1065646.02936789,
2015-06-29,240752.0,124180.0,336442.885099528,999244.94041141,
2015-06-30,257561.0,155869.0,351177.609994398,987310.631191298,
2015-07-01,253870.0,144112.0,356089.184959354,930878.951249757,
2015-07-02,267808.0,142153.0,343810.247546963,1128069.41887236,
2015-07-03,252129.0,129719.0,397837.572161486,1209697.87933563,
2015-07-04,234937.0,104582.0,380647.059784137,1054905.78005882,
2015-07-05,269467.0,115084.0,356089.184959354,1099548.27244529,
2015-07-06,290419.0,174070.0,417483.872021312,1414820.45148119,
2015-07-07,276934.0,190747.0,363456.547406789,1060705.92909097,
2015-07-08,278945.0,201747.0,378191.272301659,1177488.42525327,
2015-07-09,269424.0,191163.0,338898.672582006,950484.103208261,
2015-07-10,266692.0,193020.0,383102.847266616,1249167.49904509,
2015-07-11,275689.0,186200.0,356089.184959354,1179775.00376404,
2015-07-12,270698.0,208685.0,350384.751809399,1187913.99337887,
2015-07-13,240377.0,159695.0,368157.891393933,1315092.08234471,
2015-07-14,230438.0,122618.0,352923.771750046,1103504.05169445,
2015-07-15,231980.0,115570.0,391009.070859764,1152154.50300595,
2015-07-16,222932.0,114387.0,345306.711928103,1036399.52668594,
2015-07-17,205768.0,116906.0,365618.871453286,1208780.75198532,
2015-07-18,213960.0,130695.0,406243.190503651,1138075.97890539,
2015-07-19,248240.0,120887.0,363079.851512638,1140279.14952982,
2015-07-20,236910.0,125258.0,365618.871453286,1168610.80751842,
2015-07-21,255725.0,133785.0,355462.791690694,1047201.4931061,
2015-07-22,247466.0,131259.0,373235.931275229,1253888.34703836,
2015-07-23,208474.0,109620.0,378313.971156525,1119705.21422306,
2015-07-24,217965.0,109918.0,426555.350028833,1438918.92921829,
2015-07-25,195286.0,100544.0,397611.600337113,1408342.78252167,
2015-07-26,256518.0,92776.0,358630.070892298,1277746.10415977,
2015-07-27,236624.0,115226.0,402809.137596422,1306713.90985256,
2015-07-28,243025.0,118350.0,369025.145410916,1066597.43299379,
2015-07-29,269690.0,143200.0,387216.525818496,1320651.5092379,
2015-07-30,230385.0,123577.0,356031.302262644,1054979.16522922,
2015-07-31,253234.0,147503.0,361228.839521953,1288534.21587347,
2015-08-01,256672.0,147481.0,426198.055263311,1239800.28815435,
2015-08-02,255245.0,103600.0,408006.674855731,1333895.56796352,
2015-08-03,245877.0,119844.0,382018.988559187,1172220.41228981,
2015-08-04,252264.0,132547.0,374222.682670224,1093225.2819871,
2015-08-05,257740.0,133758.0,327444.847336446,1158064.00473945,
2015-08-06,245603.0,134838.0,363827.608151607,1043204.44745325,
2015-08-07,225700.0,111345.0,369025.145410916,1053294.04266762,
2015-08-08,232174.0,101512.0,411296.569970398,1298511.35996027,
2015-08-09,222025.0,90534.0,353662.65570703,1001685.38411781,
2015-08-10,235211.0,116841.0,458451.590731335,1180678.54211654,
2015-08-11,221431.0,114741.0,442733.250477689,1356613.92965816,
2015-08-12,234117.0,117898.0,322225.975199739,915176.452666715,
2015-08-13,228212.0,117507.0,390338.782965537,1030157.05446934,
2015-08-14,227327.0,111255.0,351042.932331422,1104647.2114158,
2015-08-15,226697.0,94944.0,351042.932331422,1036340.21339359,
2015-08-16,233711.0,89498.0,385099.336214322,1011681.12760508,
2015-08-17,233221.0,115049.0,377240.166087499,1165560.25589488,
2015-08-18,249286.0,119798.0,379859.889463106,962805.135865087,
2015-08-19,238988.0,120151.0,398197.95309236,994149.265002381,
2015-08-20,227464.0,118230.0,406057.123219183,990706.284017562,
2015-08-21,238831.0,113792.0,403437.399843575,1094121.52693361,
2015-08-22,258265.0,105665.0,412658.093587566,1114688.756514,
2015-08-23,243426.0,94529.0,369504.306022853,883287.12071523,
2015-08-24,247849.0,125368.0,423446.540478744,947272.889596924,
2015-08-25,242047.0,121973.0,372201.417745648,833857.327483683,
2015-08-26,237648.0,122852.0,418052.317033155,1111421.56469882,
2015-08-27,233997.0,119917.0,401869.646696388,894643.416716403,
2015-08-28,243645.0,120547.0,401869.646696388,996417.489798501,
2015-08-29,243100.0,107489.0,445023.434261101,1104913.11274019,
2015-08-30,245385.0,98339.0,388384.088082415,1026749.70435154,
2015-08-31,247407.0,127260.0,428840.763924333,1166315.14883878,
2015-09-01,253803.0,130410.0,409960.981864772,996219.655070932,
2015-09-02,239660.0,150066.0,415355.205310361,1028141.3362183,
2015-09-03,246972.0,128682.0,407263.870141977,946813.724187596,
2015-09-04,217670.0,103973.0,430369.769449567,983178.575379109,
2015-09-05,269716.0,124218.0,427538.389387399,1004753.90667431,
2015-09-06,252302.0,106293.0,450189.429884745,1066585.28110236,
2015-09-07,263783.0,125467.0,385067.688454876,980256.737882261,
2015-09-08,274079.0,125379.0,393561.828641381,884157.909211509,
2015-09-09,251368.0,126457.0,399224.588765717,1075638.06749423,
2015-09-10,233575.0,124951.0,478503.230506427,1395881.10717179,
2015-09-11,276094.0,180002.0,489828.750755099,1048514.72308529,
2015-09-12,229007.0,137740.0,385067.688454876,925443.559872146,
2015-09-13,277388.0,146048.0,396393.208703549,962877.92093509,
2015-09-14,251592.0,166715.0,450189.429884745,985208.4662242,
2015-09-15,268665.0,162999.0,461514.950133417,1017982.81185978,
2015-09-16,245432.0,167269.0,421875.629263062,878460.558930335,
2015-09-17,266333.0,259279.0,399224.588765717,965862.199522043,
2015-09-18,259008.0,161504.0,424738.988410217,1045660.47046356,
2015-09-19,221522.0,114851.0,389344.072709366,778412.490972329,
2015-09-20,300561.0,109158.0,353949.157008514,845718.999559717,
2015-09-21,291556.0,131679.0,389344.072709366,824073.058883626,
2015-09-22,304462.0,136784.0,471932.209344685,1007970.00409128,
2015-09-23,244535.0,131400.0,442436.446260643,1043257.70621495,
2015-09-24,243301.0,125367.0,427688.564718621,923866.457266453,
2015-09-25,243983.0,128166.0,477831.361961494,1145777.71973395,
2015-09-26,245195.0,115622.0,448335.598877451,1220066.01825703,
2015-09-27,256084.0,108749.0,424738.988410217,1029150.16396941,
2015-09-28,248280.0,138570.0,409991.106868195,1047573.37815367,
2015-09-29,273176.0,140664.0,510276.701353941,1259186.30740058,
2015-09-30,264581.0,139848.0,457184.327802664,979289.075701089,
2015-10-01,248462.0,134327.0,465548.431663339,1034425.38573053,
2015-10-02,256031.0,139746.0,377880.220505957,874869.524902395,
2015-10-03,213681.0,119567.0,459502.348135243,1015435.61556746,
2015-10-04,265061.0,103531.0,456479.306371196,991818.86960847,
2015-10-05,233960.0,125548.0,447410.181079053,1004466.6374232,
2015-10-06,251844.0,144510.0,450433.2228431,1006233.85631681,
2015-10-07,250370.0,134931.0,408110.638146433,971432.158899048,
2015-10-08,258198.0,140348.0,414156.721674529,946915.535039047,
2015-10-09,209703.0,114644.0,402064.554618338,835694.014570838,
2015-10-10,270141.0,127005.0,450433.2228431,1120907.08993729,
2015-10-11,240051.0,104550.0,453456.264607148,1027072.83493905,
2015-10-12,233677.0,134410.0,423225.846966672,971477.171299094,
2015-10-13,239237.0,134878.0,405087.596382386,919373.613058023,
2015-10-14,246958.0,141985.0,459502.348135243,1141735.68737837,
2015-10-15,303248.0,153495.0,493327.875053937,1129159.01952563,
2015-10-16,273117.0,143286.0,469115.464008345,1060255.17248348,
2015-10-17,307347.0,135911.0,396478.230871569,951378.593521099,
2015-10-18,276825.0,119706.0,432796.847439957,1073284.22200386,
2015-10-19,277830.0,143969.0,502407.529196034,1395310.92602596,
2015-10-20,303898.0,146349.0,384372.025348773,934359.939853749,
2015-10-21,289412.0,150199.0,438849.950201355,1125150.56626729,
2015-10-22,284740.0,147402.0,475168.566769743,1209253.90418724,
2015-10-23,281026.0,143468.0,466088.912627646,1142674.31870422,
2015-10-24,316588.0,140128.0,420690.641917161,1156609.25258102,
2015-10-25,296929.0,131488.0,469115.464008345,1623113.25054467,
2015-10-26,261228.0,116400.0,460035.809866248,1281251.67191498,
2015-10-27,294013.0,153740.0,478195.118150442,1240340.23588394,
2015-10-28,285466.0,160175.0,411610.987775064,1153912.62821789,
2015-10-29,292094.0,161062.0,458010.013458184,1311407.22303599,
2015-10-30,308255.0,166695.0,507524.609507718,1476152.78568562,
2015-10-31,313886.0,155400.0,470388.662470568,1383227.73410354,
2015-11-01,321892.0,152488.0,492051.298242239,1321878.78362379,
2015-11-02,309823.0,172108.0,448726.026698897,1460207.56295512,
2015-11-03,368050.0,186362.0,488956.635989143,1978231.68590037,
2015-11-04,400987.0,204198.0,479672.649229855,2315974.32092308,
2015-11-05,358734.0,182809.0,461104.67571128,1575194.38098216,
2015-11-06,358682.0,166893.0,423968.72867413,1531783.25646441,
2015-11-07,304747.0,151497.0,504429.947254622,1667996.68330699,
2015-11-08,312946.0,132550.0,433252.715433418,1423351.77150956,
2015-11-09,327911.0,159836.0,454915.351205089,1699610.87170301,
2015-11-10,311998.0,161962.0,442536.702192705,1480727.45371108,
2015-11-11,308741.0,158929.0,579380.20997339,1471948.26870717,
2015-11-12,312404.0,157847.0,477906.839865056,1465230.86176169,
2015-11-13,298854.0,154827.0,546646.864777153,1399090.31794522,
2015-11-14,328381.0,150474.0,497546.846982798,1447180.70221628,
2015-11-15,336548.0,143369.0,474633.505345433,1489093.69428171,
2015-11-16,313297.0,158316.0,576106.875453766,1662037.49136641,
2015-11-17,298212.0,156688.0,527006.857659411,1431505.22736011,
2015-11-18,324903.0,165269.0,458266.832747314,1644297.3427566,
2015-11-19,298707.0,154483.0,458266.832747314,1320320.74037509,
2015-11-20,301700.0,155774.0,520460.188620164,1620293.09565213,
2015-11-21,317723.0,151035.0,582653.544493014,1519596.75177502,
2015-11-22,319199.0,129659.0,569560.206414519,1422722.58576834,
2015-11-23,280821.0,145272.0,523733.523139788,1472916.59424886,
2015-11-24,325114.0,152324.0,549490.493161529,1358434.78067513,
2015-11-25,296736.0,151861.0,556720.631229444,1220893.92037157,
2015-11-26,314907.0,164671.0,585641.183501104,1614914.77309775,
2015-11-27,296759.0,160235.0,538645.286059657,1237283.51634607,
2015-11-28,357319.0,165676.0,527800.078957785,1632985.21338423,
2015-11-29,239211.0,129850.0,567565.838331317,1432976.02050953,
2015-11-30,409952.0,182648.0,542260.355093615,1768320.58084553,
2015-12-01,347354.0,178112.0,694093.254519827,1762207.66761779,
2015-12-02,357585.0,183523.0,531415.147991742,1605725.83636865,
2015-12-03,287996.0,164774.0,520569.94088987,1519899.93769986,
2015-12-04,329534.0,173586.0,527800.078957785,1443054.33768336,
2015-12-05,393380.0,186194.0,607331.597704848,2268019.3071972,
2015-12-06,370392.0,179712.0,621791.873840678,1668698.59313865,
2015-12-07,350186.0,192830.0,593762.303117281,1548118.40387926,
2015-12-08,388080.0,195221.0,625219.908580448,2011322.09818367,
2015-12-09,404946.0,220323.0,695999.520872574,1928283.58427873,
2015-12-10,400918.0,212036.0,770711.333847596,2394933.75130075,
2015-12-11,381204.0,210259.0,688135.119506782,1804649.21755335,
2015-12-12,445120.0,204141.0,656677.514043615,1867996.46203759,
2015-12-13,403645.0,189914.0,585897.901751489,1708678.21946461,
2015-12-14,412673.0,231477.0,692067.320189678,2388698.33163941,
2015-12-15,420762.0,223998.0,758914.731798908,2285879.63538638,
2015-12-16,396918.0,220420.0,660609.714726511,2022863.29446252,
2015-12-17,383742.0,216297.0,625219.908580448,1875537.44081037,
2015-12-18,382615.0,213847.0,629152.109263344,2034155.34189937,
2015-12-19,444349.0,213876.0,720030.586381441,2184464.32719886,
2015-12-20,409195.0,193847.0,785065.607086862,1982086.17501883,
2015-12-21,415736.0,229444.0,715385.227759626,1776647.77870964,
2015-12-22,408415.0,222717.0,654995.565676021,1818652.9814179,
2015-12-23,382171.0,221075.0,766484.172599599,1990561.11738404,
2015-12-24,382616.0,210228.0,692158.434650547,1768771.21282915,
2015-12-25,328222.0,180383.0,622478.055323311,1907156.27856526,
2015-12-26,367108.0,179363.0,864036.70365773,2206898.75650771,
2015-12-27,333548.0,160271.0,905844.931254072,2453742.10126722,
2015-12-28,335134.0,173129.0,747902.738112336,1773620.49239852,
2015-12-29,331379.0,184618.0,706094.510515994,1936191.76775738,
2015-12-30,340697.0,176447.0,803647.041574125,1932066.48256296,
2015-12-31,280589.0,155362.0,743604.444166195,1603061.39578171,
2016-01-01,263121.0,124092.0,697129.166405808,1554768.75755142,
2016-01-02,333102.0,149038.0,707457.005908116,1671419.65771845,
2016-01-03,335666.0,142608.0,769424.042921966,1720316.24243469,
2016-01-04,344268.0,181354.0,903685.956451973,2076921.46623175,
2016-01-05,359763.0,182371.0,841718.919438123,1819807.57014198,
2016-01-06,312004.0,172090.0,702293.086156962,1702648.04376976,
2016-01-07,364236.0,190234.0,743604.444166195,1851106.2358306,
2016-01-08,339456.0,181407.0,903685.956451973,2195603.80444425,
2016-01-09,390146.0,179968.0,821063.240433507,1781625.14493402,
2016-01-10,365165.0,161317.0,877866.357696202,1962534.29120554,
2016-01-11,365729.0,191196.0,877866.357696202,2152938.81762614,
2016-01-12,382496.0,194874.0,908849.876203127,1983181.23212657,
2016-01-13,339655.0,188131.0,862135.539441777,1729484.4874725,
2016-01-14,350090.0,183182.0,743803.210498788,1487692.37910672,
2016-01-15,334141.0,183642.0,693089.355237507,1269376.69776952,
2016-01-16,406524.0,191300.0,783247.320146451,1330605.24420353,
2016-01-17,462215.0,204128.0,783247.320146451,1525313.77287368,
2016-01-18,386741.0,213905.0,986102.741191575,1668226.93407003,
2016-01-19,336941.0,186858.0,839596.048214541,1307603.42428136,
2016-01-20,431135.0,209071.0,822691.429794114,1619573.12254121,
2016-01-21,415801.0,222743.0,755072.956112406,1506011.15416668,
2016-01-22,398872.0,213683.0,929754.013123485,1806867.98377984,
2016-01-23,404860.0,190400.0,1008642.23241881,1812144.66066603,
2016-01-24,421393.0,201425.0,935388.885930294,1839837.02678914,
2016-01-25,420289.0,222150.0,974832.995577957,1709654.30005389,
2016-01-26,445932.0,230523.0,978569.91544418,1707435.98861896,
2016-01-27,433098.0,229677.0,918901.018160999,1647804.54807091,
2016-01-28,430552.0,225025.0,883099.679791089,1461337.71102289,
2016-01-29,410455.0,224394.0,1014371.25381409,1750044.21085572,
2016-01-30,415762.0,194794.0,1056139.48191232,1949050.86713421,
2016-01-31,402413.0,176045.0,1068073.26136895,1789231.66455001,
2016-02-01,410364.0,222398.0,1050172.592184,1613765.19778435,
2016-02-02,488072.0,241722.0,978569.91544418,1926651.73845393,
2016-02-03,368096.0,191224.0,1038238.81272736,1939358.51591312,
2016-02-04,392766.0,200661.0,1103874.59973886,1768733.96009392,
2016-02-05,419711.0,225488.0,1074040.15109727,1995379.17486341,
2016-02-06,419675.0,224156.0,1139675.93810877,2006181.99318944,
2016-02-07,458609.0,212190.0,1303860.28146122,1802661.61108245,
2016-02-08,396885.0,224755.0,1153414.86436954,1464134.16736285,
2016-02-09,425454.0,231240.0,1210727.40421399,1753222.98567767,
2016-02-10,417816.0,235527.0,1210727.40421399,1609224.84661884,
2016-02-11,417748.0,220934.0,1375500.95626678,1934251.63630816,
2016-02-12,399936.0,202527.0,1139086.72940843,1699237.6600938,
2016-02-13,381881.0,184675.0,1096102.32452509,1784279.9863397,
2016-02-14,421715.0,186088.0,1289532.14650011,1752957.85194894,
2016-02-15,421244.0,220349.0,1060281.98712231,1552280.09414739,
2016-02-16,395344.0,215940.0,1067446.05460287,1487411.48818647,
2016-02-17,455388.0,227235.0,1002969.44727786,1622217.09511937,
2016-02-18,415599.0,212979.0,1289532.14650011,1897401.34945604,
2016-02-19,408091.0,217436.0,1129682.7804329,1602889.46259119,
2016-02-20,425551.0,215728.0,1284099.85113956,1805928.39735308,
2016-02-21,442857.0,206617.0,1024028.99521256,1426735.74026685,
2016-02-22,465054.0,237696.0,1056537.85220343,1478179.5581374,
2016-02-23,449558.0,244748.0,1097173.92344203,1519269.64747097,
2016-02-24,382913.0,224927.0,999647.352469403,1283176.88337384,
2016-02-25,420045.0,216290.0,1178446.06591922,1682349.25056426,
2016-02-26,391078.0,203635.0,1219082.13715781,1586359.0966024,
2016-02-27,386100.0,182177.0,1064665.06645115,1648617.78551953,
2016-02-28,417877.0,233436.0,1210954.92291009,1607228.49144493,
2016-02-29,473553.0,265320.0,1097173.92344203,1478331.67942042,
2016-03-01,483492.0,277094.0,1040283.423708,1666885.76819113,
2016-03-02,460661.0,270206.0,1275972.63689184,1732093.70686982,
2016-03-03,451340.0,221652.0,1080919.49494659,1509986.8712148,
2016-03-04,377324.0,207485.0,1235336.56565325,1646394.13086879,
2016-03-05,411654.0,234992.0,1292227.06538728,1560093.31900579,
2016-03-06,339111.0,161739.0,1094688.8032164,1506590.24991306,
2016-03-07,327348.0,183255.0,1220696.14747152,1395555.07369046,
2016-03-08,377293.0,200298.0,1055311.50813667,1624142.06222708,
2016-03-09,337006.0,190388.0,1299450.73763098,1833517.33163624,
2016-03-10,366983.0,188726.0,1267948.9015672,1663384.8986263,
2016-03-11,353190.0,189816.0,1283699.81959909,1698526.22555897,
2016-03-12,311881.0,168013.0,1141941.55731207,1523923.19793845,
2016-03-13,351625.0,149803.0,1031685.13108884,1408430.95627883,
2016-03-14,372768.0,191341.0,1189194.31140774,1591449.5456802,
2016-03-15,372120.0,202426.0,1197069.77042369,1733877.6950389,
2016-03-16,371938.0,211992.0,1338828.0327107,1660327.56166116,
2016-03-17,397923.0,208319.0,1063186.96715262,1535746.08174758,
2016-03-18,368378.0,206022.0,1135311.13692768,1421213.43305208,
2016-03-19,358458.0,177478.0,1110630.46003795,1397614.32979625,
2016-03-20,365674.0,178143.0,1242260.73678319,1573282.93989296,
2016-03-21,355209.0,199006.0,1036588.42936875,1440493.04973998,
2016-03-22,391714.0,205208.0,1225806.95219003,1575608.81685465,
2016-03-23,358206.0,186808.0,1242260.73678319,1633014.90774603,
2016-03-24,346163.0,190094.0,1242260.73678319,1648883.85586512,
2016-03-25,332910.0,172309.0,1192899.38300372,1529331.78758435,
2016-03-26,319631.0,159049.0,1209353.16759688,1627195.0051157,
2016-03-27,333879.0,160266.0,1258714.52137634,1494367.76722401,
2016-03-28,355562.0,196080.0,1168218.70611399,1843050.64211507,
2016-03-29,384087.0,197409.0,1398571.69041816,1685402.33992106,
2016-03-30,348944.0,201028.0,1308075.8751558,1535014.08389477,
2016-03-31,340536.0,206476.0,1028361.53707217,1368870.75063678,
2016-04-01,388740.0,211922.0,1136310.01873561,1653575.35497218,
2016-04-02,349858.0,183503.0,1244135.05700979,1775950.81331598,
2016-04-03,362201.0,178429.0,1219252.35586959,1527746.7022819,
2016-04-04,395904.0,208929.0,1360254.32899737,1864182.28252061,
2016-04-05,372056.0,216176.0,1235840.82329639,1675042.62859603,
2016-04-06,400648.0,219290.0,1285606.22557678,1703077.74932614,
2016-04-07,374629.0,218463.0,1210958.12215619,1524704.23553882,
2016-04-08,369066.0,214191.0,1169486.9535892,1535340.2633668,
2016-04-09,353010.0,196441.0,1343665.86157057,1744821.9160503,
2016-04-10,369611.0,186954.0,1443196.66613135,1849714.70662907,
2016-04-11,383925.0,230040.0,1252429.29072319,1760063.14577406,
2016-04-12,418258.0,240206.0,1260723.52443658,1617822.82632772,
2016-04-13,392831.0,223506.0,1302194.69300358,1760973.81845251,
2016-04-14,386126.0,227928.0,1465554.23046872,1759740.83015229,
2016-04-15,368762.0,212178.0,1287911.29344221,1635538.84372571,
2016-04-16,337492.0,182004.0,1270146.99973955,1502139.35296911,
2016-04-17,392585.0,192428.0,1358968.46825281,1710232.83511893,
2016-04-18,391408.0,220395.0,1199089.82492895,1478746.25211548,
2016-04-19,399580.0,226511.0,1332322.02769883,1696206.85354848,
2016-04-20,373801.0,216780.0,1465554.23046307,1832539.79336054,
2016-04-21,401683.0,212795.0,1341204.17454499,1700340.26831736,
2016-04-22,360541.0,210976.0,1270146.99973466,1780084.41598157,
2016-04-23,365592.0,185216.0,1279029.14658595,1632732.39419212,
2016-04-24,377166.0,183155.0,1172443.38437046,1524430.62208016,
2016-04-25,403588.0,217564.0,1128032.650114,1511285.52745621,
2016-04-26,438403.0,250744.0,1341204.17454499,1989524.25548891,
2016-04-27,386129.0,239435.0,1145796.94381658,1604017.73514968,
2016-04-28,376362.0,247957.0,1207843.18309188,1546945.81020272,
2016-04-29,432470.0,261884.0,1403229.58035675,1870335.26271789,
2016-04-30,370399.0,215712.0,1296655.18184864,1670773.98764185,
2016-05-01,368769.0,191430.0,1376585.98072972,1871929.73891462,
2016-05-02,395720.0,223785.0,1394348.38048107,1812582.09284387,
2016-05-03,374877.0,235609.0,1341061.18122702,1703857.25537367,
2016-05-04,393861.0,233691.0,1492041.5791135,2071544.22122565,
2016-05-05,374113.0,229573.0,1385467.1806054,1777313.43296302,
2016-05-06,374471.0,233232.0,1438754.37985945,1922038.9319142,
2016-05-07,337983.0,202062.0,1332179.98135134,1740688.07438266,
2016-05-08,363477.0,189025.0,1447635.57973513,1989166.5650913,
2016-05-09,405890.0,226449.0,1536447.57849188,2007975.36233487,
2016-05-10,405685.0,245721.0,1403229.58035675,1822228.2693226,
2016-05-11,383096.0,234412.0,1284309.11258538,1525267.31928856,
2016-05-12,373340.0,228409.0,1342247.86954412,1677295.06474701,
2016-05-13,379120.0,232146.0,1467781.84295472,1841534.81442935,
2016-05-14,372390.0,211280.0,1390530.16700974,1732518.8218621,
2016-05-15,350006.0,200171.0,1342247.86954412,1630707.25784764,
2016-05-16,428469.0,239809.0,1361560.78853037,1636434.02969314,
2016-05-17,390061.0,238626.0,1361560.78853037,1623754.46176097,
2016-05-18,413891.0,235083.0,1487094.76194097,1922740.52136182,
2016-05-19,373229.0,219145.0,1168431.5986679,1415299.1043766,
2016-05-20,352825.0,209396.0,1438812.46447535,1660231.90590849,
2016-05-21,358023.0,191461.0,1361560.78853037,1622037.95339863,
2016-05-22,337746.0,184348.0,1776788.54673466,2084432.9315678,
2016-05-23,412183.0,222754.0,1747819.1682553,2024580.43243308,
2016-05-24,407284.0,246517.0,1456454.92275853,1700948.82194883,
2016-05-25,397789.0,247841.0,1377192.06981929,1612802.54919923,
2016-05-26,364856.0,220091.0,1357376.35658448,1544642.46973921,
2016-05-27,407025.0,215296.0,1377192.06981929,1754891.30091071,
2016-05-28,378992.0,193054.0,1317744.93011486,1698374.90534981,
2016-05-29,342422.0,178742.0,1456454.92275853,2057252.27903373,
2016-05-30,415243.0,211368.0,1436639.20952372,2018224.67513172,
2016-05-31,385667.0,215249.0,1258297.79041043,1778686.46398968,
2016-06-01,411100.0,234384.0,1426731.35290631,2013539.9424602,
2016-06-02,388996.0,231099.0,1367284.21320188,1975979.77430595,
2016-06-03,406598.0,234669.0,1406915.6396715,2039808.39737328,
2016-06-04,368222.0,196665.0,1179034.93747119,1744238.04390032,
2016-06-05,370336.0,189802.0,1694243.48157625,2522539.86191635,
2016-06-06,413551.0,221171.0,1684335.62495884,2559529.57997022,
2016-06-07,424459.0,231016.0,1406915.6396715,2112246.9920755,
2016-06-08,393284.0,229933.0,1403462.33970866,2145380.92356513,
2016-06-09,433264.0,236353.0,1608133.93091617,2457044.36954684,
2016-06-10,409704.0,228367.0,1403462.33970866,2173991.83633509,
2016-06-11,375798.0,213159.0,1520417.53468438,2349957.48801954,
2016-06-12,412969.0,210711.0,1422954.87220461,2439077.77485954,
2016-06-13,450475.0,251354.0,1569148.86592427,2856721.9388474,
2016-06-14,407360.0,246829.0,1296253.41098092,2450970.35291901,22322873.0
2016-06-15,456788.0,259202.0,1500925.00218843,2663305.40030289,25245901.0
2016-06-16,472980.0,267870.0,1452193.67094854,2869711.66643136,26139658.5
2016-06-17,456749.0,253752.0,1452193.67094854,2906753.58159383,24574073.0
2016-06-18,425975.0,235317.0,1549656.33342831,3023654.81312615,7506246.0
2016-06-19,415726.0,218298.0,1725089.1258919,3437265.72513248,1037185.0
2016-06-20,465872.0,249334.0,1598387.6646682,3373515.51632661,3434666.0
2016-06-21,466563.0,248164.0,1551383.97529172,2775119.94524628,4046894.0
2016-06-22,412966.0,235641.0,1343144.51552102,2188906.86421333,13922033.0
2016-06-23,442288.0,241300.0,1457676.2183949,2108466.94761902,12381982.0
2016-06-24,437712.0,237625.0,1353556.48850955,2182850.42645951,10953236.0
2016-06-25,410558.0,206919.0,1728387.51609681,2763256.93758464,1869440.0
2016-06-26,387274.0,181348.0,1530560.02931465,2371668.56970925,904641.5
2016-06-27,381090.0,217029.0,1530560.02931465,2391834.81733159,797625.0
2016-06-28,428793.0,212607.0,1551383.97529172,2439741.46224226,2894291.0
2016-06-29,370956.0,224112.0,1520148.05632611,2683107.4031348,1227681.0
2016-06-30,404729.0,231960.0,1561795.94828025,2633620.98633594,1853263.5
2016-07-01,369568.0,205801.0,1634679.7592,2764288.96679377,3889244.0
2016-07-02,348963.0,198875.0,1551383.97529172,2670572.17736555,2240036.0
2016-07-03,349825.0,177127.0,1603443.84023439,2740471.37629679,2084141.0
2016-07-04,406696.0,213900.0,1601825.83564846,2700421.99441035,4193777.0
2016-07-05,384212.0,214959.0,1538177.1269472,2605017.70598256,1473100.5
2016-07-06,373739.0,214691.0,1485136.53636281,2396656.07126144,1075519.5
2016-07-07,364951.0,215548.0,1463920.30012906,2261647.9229562,1886989.0
2016-07-08,363255.0,210701.0,1538177.1269472,2475149.39324244,1818056.5
2016-07-09,356931.0,185405.0,1580609.5994147,2183467.64173552,1920614.5
2016-07-10,324972.0,162608.0,1654866.42623285,1302059.98664871,1147332.5
2016-07-11,392909.0,218089.0,1516960.89071344,1228801.46825101,2115719.5
2016-07-12,382315.0,219034.0,1516960.89071344,1208033.63462136,1382999.0
2016-07-13,367230.0,216503.0,1379055.35519404,1122089.40705959,5041059.0
2016-07-14,369011.0,217695.0,1506352.77259656,1195721.66045832,1494702.5
2016-07-15,367025.0,216081.0,1432095.94577842,1173602.64682308,1563270.0
2016-07-16,356242.0,182192.0,1665474.54434972,1368206.70391263,1916870.5
2016-07-17,327405.0,171013.0,1580609.5994147,1302807.64960481,2129789.0
2016-07-18,388294.0,222835.0,1581302.69929601,1315012.07276704,1699613.5
2016-07-19,372107.0,222146.0,1358434.53362342,1116148.16735075,2157789.0
2016-07-20,378263.0,227429.0,1591915.46908995,1316402.11844625,2856068.0
2016-07-21,359014.0,217606.0,1411498.38259309,1161033.13308396,4397129.0
2016-07-22,370239.0,221404.0,1369047.30341735,1107969.92834577,6101433.0
2016-07-23,338444.0,195796.0,1390272.84300522,1125668.79916968,1360786.5
2016-07-24,345915.0,183890.0,1337208.99403555,1067915.61424964,3446177.0
2016-07-25,395753.0,239715.0,1400885.61279915,1153071.35165051,5160706.0
2016-07-26,407264.0,237673.0,1369047.30341735,1097353.61936999,6079923.5
2016-07-27,373465.0,235603.0,1358434.53362342,1144988.34874322,6466662.5
2016-07-28,395387.0,234863.0,1453949.46176882,1162120.40106215,2587483.0
2016-07-29,358526.0,231414.0,1560077.15970815,1303077.23490882,2624923.5
2016-07-30,362121.0,199484.0,1262919.60547802,1051981.06383704,7893505.0
2016-07-31,344641.0,192254.0,1634366.54826568,1268565.34183433,2418627.5
2016-08-01,401276.0,225049.0,1623753.77847174,1263152.05726083,4702237.5
2016-08-02,412747.0,251098.0,1555605.72192362,1192809.47297064,5995735.5
2016-08-03,407728.0,241782.0,1686075.87924624,1188501.68506983,5447626.5
2016-08-04,384713.0,231835.0,1535533.39002783,1121450.88469978,5952123.5
2016-08-05,382173.0,228244.0,1696112.04519414,1242755.64397669,5324477.0
2016-08-06,344354.0,195669.0,1676039.71329835,1222113.38649704,1782204.0
2016-08-07,344197.0,192414.0,1485352.56028836,1141124.52928231,1561753.0
2016-08-08,412180.0,235295.0,1495388.72623625,1155198.82591718,1569372.0
2016-08-09,390239.0,231400.0,1254520.74348679,966415.459013121,6571671.5
2016-08-10,409835.0,244740.0,1525497.22407993,1156905.9662556,8436887.5
2016-08-11,420150.0,254515.0,1505424.89218414,1158024.44083935,1274614.0
2016-08-12,389404.0,232973.0,1495388.72623625,1132020.0574617,1015713.5
2016-08-13,361767.0,214569.0,1645931.21545466,1246207.63593223,1466170.5
2016-08-14,363865.0,200174.0,1645931.21545466,1221143.85479657,1508906.5
2016-08-15,354911.0,202896.0,1577645.90337332,1075738.8686402,11020699.0
2016-08-16,423764.0,254431.0,1469587.96478611,1025918.18680799,6870287.0
2016-08-17,415204.0,238003.0,1329112.64462273,937466.832930533,973541.0
2016-08-18,405863.0,239541.0,1664092.25424309,1175744.73944837,2436368.0
2016-08-19,402063.0,246095.0,1664092.25424309,1176985.7122929,1657293.0
2016-08-20,399739.0,208224.0,1685703.84196053,1153764.11771597,1085410.0
2016-08-21,359919.0,184904.0,1761344.39897158,1226001.05087731,1625981.5
2016-08-22,408558.0,228373.0,1718121.2235367,1187049.47846855,1230904.5
2016-08-23,396831.0,239021.0,1588451.69723204,1216079.79066823,2895092.5
2016-08-24,408587.0,235130.0,1653286.46038437,1166209.72683511,2163355.5
2016-08-25,393474.0,234009.0,1404753.20163378,999130.047657512,4426688.0
2016-08-26,382302.0,226767.0,1426364.78935122,1031828.28690519,3086623.5
2016-08-27,365095.0,191098.0,1556034.31565588,1074187.61363033,4113501.0
2016-08-28,331778.0,174489.0,1642480.66652565,1110157.40925665,1787343.5
2016-08-29,372022.0,225282.0,1635101.5230873,1163538.90681157,7378024.5
2016-08-30,435638.0,252002.0,1810682.89469399,1276013.34389926,3675656.5
2016-08-31,390847.0,225360.0,1481467.82293144,996156.215479853,1792389.0
2016-09-01,385974.0,237466.0,1547310.83728395,1035320.33588952,1531420.5
2016-09-02,384392.0,225856.0,1678996.86598897,1168675.05010076,3449497.0
2016-09-03,361959.0,182204.0,1382703.30140268,954626.193137187,1568057.5
2016-09-04,349000.0,183244.0,1964316.59484984,1380345.26421974,1447457.0
2016-09-05,422188.0,227683.0,1536337.00155853,1113759.73722878,1696874.0
2016-09-06,413110.0,232118.0,1492441.65865686,1069697.01779606,2369762.0
2016-09-07,405005.0,250809.0,1668023.03026355,1227879.9212051,1538593.0
2016-09-08,397984.0,227006.0,1580232.34446021,1169617.72190821,1560711.0
2016-09-09,380834.0,220534.0,1569258.50873479,1157646.00172084,2099492.0
2016-09-10,354816.0,193320.0,1700944.53743981,1270465.14445106,1529734.5
2016-09-11,372934.0,180391.0,1799709.05896857,1361698.80676195,1353982.5
2016-09-12,393992.0,208649.0,1829872.71366204,1370352.4124918,3941756.0
2016-09-13,410171.0,239886.0,1863551.35256379,1290425.53589363,2331545.5
2016-09-14,391216.0,231800.0,1751289.22289128,1220655.05340674,2093115.0
2016-09-15,398012.0,233488.0,1728836.79695677,1218166.34954387,2036274.5
2016-09-16,358967.0,211128.0,1571669.81541525,1121897.37515543,11085343.5
2016-09-17,394081.0,215529.0,1829872.71366204,1266257.82710608,1892468.0
2016-09-18,366454.0,191603.0,1627800.88025151,1130889.27081297,1888818.5
2016-09-19,397745.0,223540.0,1493086.32464449,1050392.16564215,4078021.5
2016-09-20,425244.0,244315.0,1717610.58398952,1186651.77858515,2319681.5
2016-09-21,408745.0,239216.0,1863551.35256379,1270877.51763904,1423691.5
2016-09-22,390664.0,231227.0,1582896.0283825,1130268.14869535,3223450.0
2016-09-23,388020.0,223187.0,1526764.96354624,1066390.24163683,1380324.0
2016-09-24,368915.0,208650.0,1874777.56553105,1328177.02590705,1389312.0
2016-09-25,377263.0,195642.0,2230413.26476147,1430506.21156199,1397526.5
2016-09-26,424003.0,230769.0,1834694.78230379,1203421.87947542,3191361.5
2016-09-27,429499.0,240335.0,2026558.28894994,1300095.42739402,1652971.0
2016-09-28,430960.0,234995.0,1774737.43647687,1169060.70236937,2309016.5
2016-09-29,438502.0,242730.0,1714780.09064995,1121004.32180228,3316898.5
2016-09-30,446430.0,250943.0,1702788.62148456,1115142.13838442,1743180.5
2016-10-01,393902.0,213930.0,1882660.65896533,1254664.0524631,1720092.0
2016-10-02,366925.0,194823.0,1690797.15231918,1131200.930422,8297901.0
2016-10-03,494066.0,256665.0,1822703.31313841,1206848.12820648,3456462.0
2016-10-04,481501.0,264662.0,1894652.12813071,1244767.25236389,2749562.0
2016-10-05,466804.0,266811.0,2002575.35061917,1316947.96851393,1650150.5
2016-10-06,499902.0,274486.0,1930626.53562686,1335294.42831591,1628406.0
2016-10-07,470157.0,266324.0,1726771.55981533,1140029.908164,2138275.0
2016-10-08,444224.0,250672.0,2171858.80432592,1341669.22650482,1648499.0
2016-10-09,410025.0,210548.0,2056197.68456892,1292901.5453841,1420672.5
2016-10-10,394805.0,222996.0,1606404.44106947,994860.923783746,11522623.0
2016-10-11,456719.0,263565.0,1786321.73846925,1145287.98184433,11236039.0
2016-10-12,413349.0,233440.0,1863429.15164058,1236297.9955292,1834872.0
2016-10-13,398109.0,229703.0,1644958.14765514,1124610.24223968,4560835.0
2016-10-14,421160.0,239724.0,1747768.03188358,1140527.31006577,7086638.0
2016-10-15,390688.0,210448.0,1824875.44505492,1173084.48254233,1774629.5
2016-10-16,379932.0,197876.0,1670660.61871225,1089308.27431962,3082436.5
2016-10-17,419627.0,237232.0,1606404.44106947,1040267.86487848,7789963.0
2016-10-18,450933.0,251521.0,1991941.50692614,1280096.20431063,3372612.5
2016-10-19,340010.0,199083.0,1619255.67659802,1025580.94892297,19592234.5
2016-10-20,475343.0,270380.0,1722065.56082647,1105524.36919576,5214314.5
2016-10-21,458618.0,265355.0,2107602.62668314,1337225.23260072,2066418.5
2016-10-22,389920.0,216708.0,1878507.28210418,1234167.03593925,3687585.0
2016-10-23,370500.0,191578.0,1815470.12498659,1238346.54510843,3404675.0
2016-10-24,406335.0,226980.0,1802862.69356308,1212723.46130469,12956268.0
2016-10-25,426577.0,237030.0,1752432.967869,1198651.51325496,19781373.0
2016-10-26,390127.0,223316.0,1752432.967869,1225525.90699722,35163327.0
2016-10-27,544308.0,326388.0,2042403.89060992,1472099.83342669,4703265.0
2016-10-28,444636.0,250876.0,1916329.57637474,1374557.9766865,2256258.5
2016-10-29,419590.0,229689.0,1878507.28210418,1385240.01796821,2250034.0
2016-10-30,359909.0,207982.0,2130655.91057455,1557511.31311322,2131930.5
2016-10-31,456149.0,241778.0,1853292.41925715,1356064.41434344,3494418.5
2016-11-01,437870.0,246650.0,1815470.12498659,1361972.77932251,5371340.0
2016-11-02,455987.0,268418.0,1676788.3793279,1264758.56416812,4645824.0
2016-11-03,466632.0,271998.0,1966759.30206881,1465722.49495801,1968459.5
2016-11-04,429052.0,248043.0,1462462.04512809,1069025.79055043,6588638.0
2016-11-05,438573.0,238215.0,1885928.48644027,1338541.70057247,2145754.0
2016-11-06,410270.0,225786.0,1949214.67726041,1398507.93276922,4431500.0
2016-11-07,490444.0,274281.0,1847956.77194818,1383893.2973044,7506392.0
2016-11-08,515899.0,296060.0,2139073.24972084,1552167.96521807,3211853.0
2016-11-09,471046.0,270095.0,1860614.01011221,1411825.60284686,2800456.5
2016-11-10,480416.0,271374.0,2126416.01155681,1561547.59528767,1890707.5
2016-11-11,438416.0,254619.0,2063129.82073667,1544865.43788623,2632630.5
2016-11-12,441806.0,228886.0,2126416.01155681,1553329.97702898,3111801.5
2016-11-13,420695.0,219657.0,1809985.0574561,1293790.37331889,2815016.5
2016-11-14,489541.0,270506.0,2177044.96421293,1565494.16935848,2644794.5
2016-11-15,514156.0,280352.0,1974529.15358847,1446536.15839886,2401873.5
2016-11-16,481300.0,289789.0,2177044.96421293,1610431.45475799,4771823.0
2016-11-17,483350.0,277460.0,2012500.86808055,1569383.41259187,7891533.0
2016-11-18,493764.0,275925.0,2073243.13718006,1459383.09526013,6020811.0
2016-11-19,458553.0,249760.0,1989192.73972682,1383144.3251755,6736559.5
2016-11-20,452258.0,243591.0,1807083.54524478,1238419.33684534,6061729.0
2016-11-21,488212.0,285793.0,1961175.94057573,1397668.69518897,19798375.0
2016-11-22,491371.0,285635.0,1877125.54312249,1316852.60132128,36406240.5
2016-11-23,478502.0,276924.0,2059234.73760452,1465121.43453299,45713114.0
2016-11-24,555782.0,328538.0,2297377.53038872,1627500.36901964,30713090.5
2016-11-25,525260.0,315387.0,2129276.73548223,1529894.90367721,24767709.0
2016-11-26,501367.0,277608.0,2157293.53463331,1474013.03718897,8052543.5
2016-11-27,434305.0,237389.0,2017209.5388779,1373271.48889146,12201912.0
2016-11-28,531725.0,298530.0,2297377.53038872,1597296.21486173,6595937.5
2016-11-29,498908.0,289650.0,2115268.33590669,1434742.80343235,6092237.0
2016-11-30,497916.0,292654.0,1989192.73972682,1403948.03317051,8202144.0
2016-12-01,408505.0,239682.0,2045226.33802898,1463645.44942327,29543409.5
2016-12-02,579169.0,315478.0,2052749.31684044,1466287.62234334,23628216.0
2016-12-03,520037.0,287988.0,2451895.01733719,1739298.91235309,6177643.5
2016-12-04,440364.0,245650.0,2109770.13119712,1483715.011258,9070861.0
2016-12-05,517986.0,278001.0,2166790.94555379,1552837.33794235,16756597.0
2016-12-06,569492.0,319762.0,2138280.53837545,1505792.02940228,11296241.0
2016-12-07,560156.0,310754.0,2494660.6281047,1755763.96567812,6178181.5
2016-12-08,493590.0,282711.0,2238066.96349964,1739442.31525962,4454953.0
2016-12-09,471691.0,268815.0,1924452.48453791,1391454.01813442,6768092.5
2016-12-10,456468.0,250241.0,1881686.8737704,1343110.88425076,3224217.5
2016-12-11,440785.0,229933.0,2679978.2747639,1927032.75663099,2637766.0
2016-12-12,491332.0,268662.0,2223811.75991047,1582652.84350321,4998579.5
2016-12-13,507067.0,291757.0,2537426.23887221,1827022.88954622,4912192.0
2016-12-14,495462.0,286328.0,1981473.29889459,1423000.53395811,10760016.5
2016-12-15,479423.0,282685.0,1958064.6377955,1311989.79252931,17928847.0
2016-12-16,495267.0,279361.0,2050571.62855749,1370894.32487847,11573708.5
2016-12-17,458681.0,238130.0,2235585.61008148,1482780.18654429,11078586.5
2016-12-18,418499.0,235789.0,2173914.28290682,1552267.90632871,9523691.0
2016-12-19,508682.0,282129.0,2343510.43263714,1655157.98436667,9829904.0
2016-12-20,508909.0,296473.0,2127660.78752582,1446090.60333747,14408217.5
2016-12-21,540311.0,325677.0,2451435.25519279,1773147.30675459,9982283.0
2016-12-22,528879.0,314644.0,2451435.25519279,1862227.14911738,5478889.5
2016-12-23,522517.0,304997.0,2343510.43263714,1799933.61503585,11685281.0
2016-12-24,420207.0,240820.0,2112242.95573216,1621324.26453935,4228325.0
2016-12-25,353857.0,197364.0,2574777.90954212,1979342.87428383,2144484.5
2016-12-26,448558.0,244914.0,2189332.11470048,1683253.41220312,5203521.0
2016-12-27,509116.0,296546.0,2405181.7598118,2034777.5281031,3069866.5
2016-12-28,514773.0,305394.0,2589949.6705277,2109464.64662514,4049696.0
2016-12-29,512157.0,304605.0,2368856.40597046,1966088.79433389,3663632.0
2016-12-30,496025.0,286818.0,2479403.03824908,1988622.5339292,3271426.0
2016-12-31,449832.0,250273.0,2337271.65389085,1895472.30273961,2517529.5
2017-01-01,355325.0,180502.0,2463610.66220928,1970085.32495516,11205337.0
2017-01-02,529709.0,290951.0,2526780.16636849,2138666.02144959,2906392.5
2017-01-03,515024.0,301664.0,2589949.6705277,2245225.0916189,4141873.5
2017-01-04,545609.0,328642.0,2432025.91012967,2332472.03537403,8284131.5
2017-01-05,495910.0,288501.0,2210932.64557243,2009800.81508544,34000699.5
2017-01-06,562750.0,346405.0,2542572.54240829,1998357.99063241,20770751.0
2017-01-07,503341.0,282060.0,2195140.26953263,1591509.29207556,15979668.0
2017-01-08,455739.0,260101.0,2637326.79864711,1990960.48636603,6858141.5
2017-01-09,475572.0,269947.0,2147763.14141322,1630568.17954383,18723160.0
2017-01-10,541168.0,323888.0,2679581.83959097,1939796.80987879,9292268.5
2017-01-11,491693.0,303058.0,2562350.13410886,1724412.85485079,12672826.5
2017-01-12,483078.0,295125.0,2897297.86405773,1782924.4669254,4629972.5
2017-01-13,466561.0,272747.0,2528855.36111398,1590739.0391092,8085794.5
2017-01-14,446469.0,242269.0,2880550.47756029,1922419.87738231,2019020.0
2017-01-15,417279.0,235999.0,2796813.54507307,1759094.94140748,1567437.0
2017-01-16,473647.0,267640.0,2830308.31806796,1890860.27174246,5885098.5
2017-01-17,502462.0,292697.0,2646087.06659608,1911475.33973285,4265504.0
2017-01-18,500306.0,297100.0,2528855.36111398,1743249.94841247,5635444.5
2017-01-19,516339.0,300605.0,2914045.25055518,2054585.92331712,5075362.5
2017-01-20,516010.0,298377.0,3165256.04801683,2264569.90227644,1573183.5
2017-01-21,484669.0,263562.0,3031276.95603728,2201839.33023417,1215757.5
2017-01-22,428798.0,236886.0,3398969.89226469,2075068.61317516,1757514.0
2017-01-23,425650.0,235530.0,2715269.05186662,1683925.09571495,27107087.0
2017-01-24,497859.0,278177.0,2910612.14912321,1810841.27035711,29726616.0
2017-01-25,514639.0,304727.0,2930146.45884887,1783698.25711042,19033603.5
2017-01-26,518117.0,313755.0,3066886.62692848,1864867.30879591,8855915.0
2017-01-27,462951.0,263332.0,3320832.65336205,2050038.68072294,7844625.5
2017-01-28,461292.0,246395.0,2969215.07830019,1879276.99660809,7813926.0
2017-01-29,438728.0,241627.0,3262229.72418507,2072803.25974792,1333922.0
2017-01-30,449342.0,247408.0,2852009.21994623,1795537.90492621,30432113.5
2017-01-31,523037.0,307683.0,2832474.91022057,1941511.11537906,34017474.0
2017-02-01,599053.0,350560.0,3750587.46732655,2481667.38481435,14628585.0
2017-02-02,452586.0,259559.0,3066886.62692848,2186504.05543344,31019234.0
2017-02-03,560375.0,323563.0,2910612.14912321,2050478.54314309,30974417.0
2017-02-04,500098.0,284778.0,3043000.84286989,1975355.92149189,26407829.5
2017-02-05,510278.0,292101.0,3336807.82080216,2203638.3140676,23480043.0
2017-02-06,440410.0,230027.0,2623276.58868094,1757705.55725816,45683940.0
2017-02-07,557391.0,325268.0,3168918.11912658,2175238.10451828,41687495.5
2017-02-08,516491.0,308316.0,3063987.05557934,2085023.01932909,42346874.0
2017-02-09,575008.0,346544.0,3546669.94789663,2395178.56798342,32258569.0
2017-02-10,507436.0,301789.0,3105959.48099823,1972446.17663961,24611926.5
2017-02-11,474677.0,262686.0,2917083.5666132,1853403.10750002,13831839.5
2017-02-12,422085.0,237744.0,2959055.9920321,1849457.27798897,3524330.0
2017-02-13,503161.0,288290.0,3420752.67163994,2178384.19906273,13465196.0
2017-02-14,530240.0,315084.0,3546669.94789663,2357500.75735773,10351976.0
2017-02-15,495897.0,294786.0,2917083.5666132,1906440.00391577,17930921.0
2017-02-16,489190.0,283203.0,3189904.33183602,2102990.20200481,22323877.5
2017-02-17,550073.0,319767.0,3168918.11912658,2146125.84434262,25827726.0
2017-02-18,510386.0,286143.0,3330515.74407375,2210588.07426995,20824077.0
2017-02-19,458999.0,251721.0,2936112.56385449,2008419.45710556,15067342.5
2017-02-20,503953.0,282728.0,3242870.59291391,2148454.96743745,26017339.5
2017-02-21,487721.0,279090.0,3023757.71501432,2107035.34411835,48725192.5
2017-02-22,489248.0,282194.0,3045669.00280428,2152117.27459859,60303061.0
2017-02-23,551455.0,325913.0,3286693.16849383,2411188.06820923,57311999.5
2017-02-24,590852.0,343805.0,3637273.77313317,2699193.33772453,51828600.5
2017-02-25,561872.0,326521.0,3659185.06092313,2897863.03706052,29412533.5
2017-02-26,462927.0,265203.0,3900209.22661268,2837916.15793509,8063146.5
2017-02-27,501497.0,284555.0,3155225.44175408,2365572.16922033,29517749.0
2017-02-28,542157.0,325414.0,3352427.03186371,2548889.19696578,42333995.0
2017-03-01,531643.0,315883.0,3155225.44175408,2448421.99923073,56728249.5
2017-03-02,565742.0,329428.0,3440072.18302354,2775953.23922825,61318957.5
2017-03-03,583123.0,337310.0,3458650.32318652,2741612.92575066,61414866.0
2017-03-04,489858.0,265780.0,3069265.84971519,2424004.59063409,62827797.5
2017-03-05,524843.0,280739.0,3367030.44707561,2599170.73441836,52237487.0
2017-03-06,537229.0,287731.0,3252505.60193699,2635445.79832531,61379136.5
2017-03-07,571329.0,327902.0,3504460.26124197,2870767.75288175,62275498.5
2017-03-08,526233.0,297108.0,3252505.60193699,2442222.93782909,61264188.0
2017-03-09,541482.0,303632.0,3389935.41610334,2451454.02995886,51694292.0
2017-03-10,551015.0,308482.0,3573175.16832514,2659880.94752163,56159234.0
2017-03-11,518976.0,280681.0,3412840.38513106,2432383.77414662,51103208.0
2017-03-12,422479.0,221110.0,3550270.19929742,2573064.17280145,31848052.5
2017-03-13,516185.0,273079.0,3321220.50902016,2616524.97282541,30765806.5
2017-03-14,561535.0,310395.0,3573175.16832514,2813129.1106143,31638010.5
2017-03-15,526479.0,292434.0,3252505.60193699,2585616.41375917,30804284.5
2017-03-16,594406.0,327034.0,3504460.26124197,2731477.73133023,30698878.5
2017-03-17,532934.0,292196.0,3641704.83720129,2500138.20176983,30233636.5
2017-03-18,505651.0,263530.0,3712647.13922469,2307093.25713339,20059138.5
2017-03-19,512176.0,269336.0,3925474.04529489,2330150.15719242,1391068.0
2017-03-20,512638.0,277033.0,3216051.02506088,2014133.75075982,10315753.5
2017-03-21,541182.0,288055.0,3357935.62910768,2221575.56090287,11740836.5
2017-03-22,572753.0,316593.0,3807236.87525589,2425381.94528102,6363517.0
2017-03-23,537475.0,287871.0,3499820.23315448,2160694.82563264,4448626.0
2017-03-24,540390.0,289521.0,4161948.3853729,2405463.76315141,2267958.0
2017-03-25,490877.0,242975.0,3145108.72303748,1714220.76165261,2051436.5
2017-03-26,462863.0,221915.0,3925474.04529489,2211048.92844111,1126974.5
2017-03-27,459508.0,232291.0,3121461.28902967,1843886.29357483,18683998.0
2017-03-28,553957.0,294001.0,3665352.27120909,2264423.9847332,17127773.0
2017-03-29,534780.0,283931.0,3263345.89307648,2063813.43903711,18139531.0
2017-03-30,521048.0,288788.0,4073274.03319987,2413075.13239019,3884608.5
2017-03-31,489452.0,259403.0,3352999.96635355,2209101.93465589,14798644.5
2017-04-01,502791.0,255871.0,3278488.85599014,2025106.75893696,10095935.5
2017-04-02,501563.0,244203.0,3924251.81247304,2378690.40697005,4307275.5
2017-04-03,564025.0,288141.0,4371318.47465352,2916926.0233745,8519266.0
2017-04-04,496731.0,256015.0,3104629.59847551,2045569.04519407,25881134.0
2017-04-05,577217.0,316555.0,4023599.95962426,2673677.81014339,13863050.5
2017-04-06,548640.0,290465.0,3651044.4078072,2432718.25899512,11552468.5
2017-04-07,542132.0,295463.0,4023599.95962426,2835523.66877157,38701345.5
2017-04-08,468194.0,226959.0,3402674.03992916,2302445.27107197,18189048.5
2017-04-09,489533.0,238286.0,3949088.84926085,2639028.47971234,1895424.5
2017-04-10,548201.0,273384.0,3675881.444595,2501424.10992396,14007341.5
2017-04-11,582104.0,307893.0,4147785.14356328,2847416.31547419,14318255.0
2017-04-12,548652.0,278093.0,3526859.22386818,2459161.23770251,20367224.0
2017-04-13,449522.0,228679.0,3287972.00662321,2152057.9103319,44300450.5
2017-04-14,558991.0,290208.0,3598646.52693406,2375849.27766758,32547486.0
2017-04-15,520822.0,270705.0,3909321.04724491,2472770.08792718,11951980.5
2017-04-16,429264.0,211829.0,3779873.33044872,2422454.87110332,1269053.5
2017-04-17,469210.0,245184.0,3572756.98357482,2405342.14992486,12984630.0
2017-04-18,553139.0,303091.0,3779873.33044872,2573482.22738259,17843691.5
2017-04-19,566249.0,310104.0,3702204.70037101,2444733.65965674,17376094.0
2017-04-20,491206.0,267915.0,3598646.52693406,2424413.35644996,31244496.0
2017-04-21,612636.0,330354.0,4323553.74099272,2938953.71533901,19635999.0
2017-04-22,530090.0,268712.0,3753983.78708949,2504139.26343094,27076432.5
2017-04-23,490004.0,245039.0,3961100.13396339,3003304.22483801,7244280.5
2017-04-24,449880.0,222671.0,3210303.37654549,2166919.0113154,34017346.0
2017-04-25,580199.0,325387.0,3831652.4171672,2730056.14610532,32662070.5
2017-04-26,606557.0,334471.0,3961100.13396339,2834899.00327354,31801977.0
2017-04-27,554692.0,297884.0,3814281.63369607,2802873.46151354,35730426.0
2017-04-28,582827.0,305271.0,3528859.19852154,2599659.64724063,42614596.0
2017-04-29,634026.0,341319.0,4488916.48047225,3282240.04874294,19233679.5
2017-04-30,526653.0,281489.0,3918071.61012318,2841932.31112448,6772519.5
2017-05-01,542848.0,294786.0,3892124.1160164,3028192.09419664,21604045.5
2017-05-02,609091.0,333161.0,4099704.06887061,3252918.8674867,35676390.0
2017-05-03,547222.0,295149.0,3425069.22209443,2801412.84630984,53010540.5
2017-05-04,676231.0,354737.0,4359179.00993837,3837374.260237,61525635.0
2017-05-05,523630.0,267193.0,3347226.73977411,2992751.47780483,95889725.0
2017-05-06,677422.0,363022.0,4359179.00993837,3736751.78381375,72314359.5
2017-05-07,581370.0,316011.0,4333231.51583159,3798375.63516212,54743345.0
2017-05-08,691481.0,365096.0,4670548.93921968,4358595.02512714,55704229.0
2017-05-09,621157.0,332879.0,4021861.58655028,3851908.9605326,72412767.0
2017-05-10,592447.0,311391.0,4119773.00240534,3872761.35724353,102492561.0
2017-05-11,568522.0,294743.0,3757901.04949136,3603539.08867485,102621628.0
2017-05-12,600569.0,317698.0,4286790.82682718,4010123.29189492,101568419.0
2017-05-13,623294.0,329266.0,4398136.0431084,3887658.1693149,105198099.5
2017-05-14,691331.0,369098.0,4565153.86753024,4502606.74509519,87300835.0
2017-05-15,636240.0,329229.0,4732171.69195208,4329595.85547557,104896648.0
2017-05-16,453277.0,233977.0,3674392.13728044,3642086.24030577,97374552.0
2017-05-17,591516.0,317527.0,4314627.13089748,4421399.76340616,102760185.0
2017-05-18,570190.0,288904.0,3952755.1779835,4037060.37897186,92739743.0
2017-05-19,633618.0,319502.0,4565153.86753024,4815456.24257254,101998834.0
2017-05-20,646322.0,352805.0,4592990.17160055,4886339.56454024,105205747.0
2017-05-21,608720.0,326057.0,4091936.69833503,4467333.32139705,106730017.5
2017-05-22,604611.0,327868.0,4064100.39426473,4964459.57266732,110588239.0
2017-05-23,687291.0,367710.0,4976737.78165219,5849528.14907328,108749493.0
2017-05-24,631836.0,338642.0,4562009.63318118,5777645.70954402,103859983.0
2017-05-25,659056.0,350114.0,4828620.58576969,6652086.79657236,105995018.0
2017-05-26,641521.0,333340.0,4532386.19400468,5857614.17179412,111260829.0
2017-05-27,651462.0,331914.0,4976737.78165219,5550225.48785938,93911009.0
2017-05-28,592663.0,308143.0,4887867.46412269,5637036.09336445,92156326.5
2017-05-29,594356.0,321638.0,4473139.31565167,5363911.6870551,97184159.5
2017-05-30,634489.0,347961.0,5302595.6125937,6715480.58337219,105101865.5
2017-05-31,614127.0,321634.0,4858244.02494618,5896299.59870206,103198925.0
2017-06-01,610355.0,319709.0,5035984.6600052,6453340.2971392,99374637.0
2017-06-02,534562.0,271539.0,4325022.11976917,5582333.53083948,106900597.5
2017-06-03,601584.0,305320.0,5687700.32188822,7556602.02583455,93923067.5
2017-06-04,537388.0,266044.0,5432357.04184814,6277178.51580928,72107245.0
2017-06-05,576033.0,289930.0,5533581.08610618,6653843.25890711,67302424.0
2017-06-06,617594.0,297416.0,5094943.56098801,6998125.22728295,78180356.0
2017-06-07,657365.0,339720.0,5567322.4341922,7719493.89799982,69923244.0
2017-06-08,609713.0,307377.0,5567322.4341922,7029707.6002043,53700002.5
2017-06-09,571965.0,282184.0,5094943.56098801,6703956.91372409,53125702.5
2017-06-10,516466.0,254993.0,4757530.08012788,6249243.42805614,46698231.0
2017-06-11,467562.0,222892.0,4926236.82055794,6463254.63954548,41325745.0
2017-06-12,538625.0,269098.0,4959978.16864396,6495311.58752569,51368318.0
2017-06-13,611163.0,291776.0,4757530.08012788,6081318.61351558,59359382.5
2017-06-14,565825.0,287644.0,4723788.73204186,5950179.96751802,64477860.0
2017-06-15,573732.0,293141.0,5162426.25716004,5519035.46403947,51839476.5
2017-06-16,536166.0,269937.0,4993719.51672997,5412747.31911236,49188800.0
2017-06-17,477379.0,236554.0,5129905.64429561,5553872.73489071,32693505.0
2017-06-18,433247.0,209359.0,5129905.64429561,5352903.24473236,16210473.0
2017-06-19,532520.0,269774.0,5342177.6019906,5967196.34476597,10403037.0
2017-06-20,591484.0,269438.0,4882255.02698479,5831891.72450183,25086706.0
2017-06-21,585195.0,280203.0,4953012.34621645,6054325.83660712,27580989.5
2017-06-22,534178.0,269685.0,4917633.68660062,5940316.94676479,24098810.0
2017-06-23,506613.0,259938.0,5660585.53853309,6351539.58948352,14191717.0
2017-06-24,469728.0,227127.0,5165284.30391144,5726988.95952891,14028936.0
2017-06-25,378449.0,180719.0,4316196.47313148,4568837.75041699,17169229.0
2017-06-26,515884.0,261906.0,5023769.66544811,5353248.87332519,18112329.5
2017-06-27,556139.0,259737.0,4634604.40967396,4795574.54295835,20156055.0
2017-06-28,549137.0,279811.0,5554449.55968559,6013686.13596844,9918102.5
2017-06-29,467648.0,231054.0,4245439.15389981,4992120.70897841,29522663.0
2017-06-30,533428.0,267360.0,5448313.58083809,5808462.21420621,10777198.0
2017-07-01,440617.0,221856.0,5802100.17699641,5723792.55869157,4033508.5
2017-07-02,409306.0,196539.0,6622798.79067395,6234521.40998292,5533407.5
2017-07-03,497459.0,253244.0,5988701.03412006,6150160.47587895,2429737.5
2017-07-04,548402.0,255483.0,5389830.93070805,5722827.44966135,11408225.5
2017-07-05,476017.0,237008.0,5248920.31814053,5452524.49486299,8443452.0
2017-07-06,459295.0,225106.0,5002326.74614734,5302487.88461233,23460709.0
2017-07-07,559414.0,243614.0,5213692.66499864,5325202.36289879,18991105.0
2017-07-08,451049.0,220835.0,5812562.76841065,6009727.18023164,2188488.0
2017-07-09,390403.0,188124.0,4861416.13357982,4856461.58253827,6595228.5
2017-07-10,567053.0,251722.0,6939847.66895089,6632606.65260221,24874823.0
2017-07-11,563335.0,265759.0,6094383.99354571,5605340.88589458,20309430.5
2017-07-12,513003.0,257138.0,6235294.60611324,5756410.92076747,32803741.0
2017-07-13,489849.0,245895.0,5530741.54327559,5143505.4391091,30639938.5
2017-07-14,473083.0,227903.0,5559049.84406697,4517081.23146398,38734041.0
2017-07-15,446600.0,221851.0,5079131.8719173,4159161.40474086,30749124.0
2017-07-16,406437.0,203165.0,6518885.7883663,4283016.91517419,31422410.0
2017-07-17,475432.0,230315.0,5918988.32317922,4205460.83287287,36703256.5
2017-07-18,561056.0,260575.0,6598872.11705791,5318674.73797644,35200084.0
2017-07-19,519401.0,253768.0,5958981.48752502,4764906.23361071,30641510.5
2017-07-20,477428.0,230199.0,6478892.62402049,5545614.34077037,44292621.5
2017-07-21,542765.0,268443.0,6158947.30925405,6018796.60358341,31315386.0
2017-07-22,433136.0,223358.0,6398906.29532888,6110647.80474536,10701409.5
2017-07-23,353198.0,181031.0,6878824.26747855,6298100.87074725,19901659.0
2017-07-24,469353.0,240072.0,7118783.25355338,6819394.90780593,4971073.0
2017-07-25,511832.0,244036.0,5918988.32317922,5561050.82150866,28514787.0
2017-07-26,460147.0,237853.0,5878995.15883341,5002271.53846552,12953378.5
2017-07-27,443426.0,225369.0,6585327.48529789,5771434.9816966,5304334.5
2017-07-28,487087.0,247207.0,6414280.01814729,5722925.45554355,9251289.0
2017-07-29,416823.0,211134.0,6713613.08566083,5834980.15888111,4934908.0
2017-07-30,386559.0,184145.0,6285994.41778435,5356955.02068304,5462879.5
2017-07-31,485989.0,231012.0,6200470.68420905,5611505.18567494,4463871.5
2017-08-01,301132.0,131875.0,6371518.15135964,5340232.19381795,8119854.5
2017-08-02,403176.0,209321.0,6499803.75172259,5580585.36103613,9661656.0
2017-08-03,427729.0,213017.0,5901137.61669551,5137047.94922252,28958857.5
2017-08-04,467901.0,235792.0,7654374.1549891,6640166.26029489,24479281.5
2017-08-05,463850.0,239771.0,7568850.42141381,7486508.3617512,655839.0
2017-08-06,408436.0,199627.0,5986661.3502708,5937807.54411719,6729821.5
2017-08-07,512718.0,249002.0,6542565.61851024,6910134.93728859,46043950.5
2017-08-08,587788.0,275574.0,7012946.15317437,7561715.6925808,46432868.5
2017-08-09,532300.0,260955.0,6333394.73736857,6474128.57297675,47007301.0
2017-08-10,550475.0,257965.0,6149818.07831441,6425354.78193725,51848458.5
2017-08-11,580988.0,284001.0,6608759.72594982,7518972.01439316,57729585.5
2017-08-12,530700.0,260521.0,6195712.24307795,7177458.75281039,10600097.0
2017-08-13,516471.0,263310.0,6792336.38500398,8678087.32745057,26692608.0
2017-08-14,542910.0,255362.0,5966241.41926025,7951134.22504383,47611269.5
2017-08-15,650900.0,311002.0,6975913.04405814,9519693.7153427,53153819.5
2017-08-16,543437.0,274866.0,5966241.41926025,8485087.62084421,62104275.5
2017-08-17,631516.0,347319.0,8215055.49267373,11714248.9006644,42723568.5
2017-08-18,580733.0,312250.0,6838230.54976752,9384491.83962616,50598379.0
2017-08-19,535351.0,266832.0,6930018.8792946,8768479.01278978,48699054.5
2017-08-20,444726.0,210852.0,5966241.41926025,7630711.0097859,41775165.5
2017-08-21,501756.0,236772.0,5277828.94780714,6995369.37030488,69187858.0
2017-08-22,419159.0,196283.0,4084580.66395509,5699902.8638271,95421687.5
2017-08-23,628517.0,315734.0,7297172.19740292,10516192.9367837,67762351.5
2017-08-24,423333.0,203805.0,4459277.5076504,7293876.044236,88092493.0
2017-08-25,471225.0,208169.0,4459277.5076504,7365237.84019435,103740662.0
2017-08-26,472785.0,226485.0,4635882.55745833,7490392.364138,90558465.5
2017-08-27,509083.0,261891.0,6843445.68005754,9978452.55324677,63645705.5
2017-08-28,504371.0,223771.0,5695512.85630595,8575624.62760921,72530291.0
2017-08-29,593018.0,281116.0,6578538.10534563,10414805.8736964,12143778.5
2017-08-30,565809.0,271466.0,7417412.09193333,11654892.529929,30773304.5
2017-08-31,589298.0,280724.0,7196655.77967341,11477924.6362609,35865079.0
2017-09-01,591521.0,283670.0,7682319.66664524,12687490.9230696,11801487.5
2017-09-02,536082.0,236811.0,7240807.04212539,11028567.4852437,4553808.0
2017-09-03,437077.0,195289.0,6799294.41760555,9941124.52617333,5686527.0
2017-09-04,561329.0,269280.0,7726470.92909722,11230260.0600448,10946812.0
2017-09-05,601577.0,277948.0,8697798.70304087,12122198.042234,5532005.5
2017-09-06,587814.0,276225.0,7430760.7659943,10596679.5576122,7759786.0
2017-09-07,526960.0,256374.0,8072925.27663579,11388138.0706551,15860067.5
2017-09-08,606486.0,279488.0,8027056.38301854,11151766.5641362,6148815.0
2017-09-09,452504.0,217890.0,7751843.02131504,9960595.28251571,4191247.5
2017-09-10,412030.0,193240.0,6329907.31918033,7986083.41753111,7640372.0
2017-09-11,537475.0,253492.0,7981187.48940129,9856433.08844799,8963622.5
2017-09-12,549110.0,256230.0,8623352.00004277,10615411.2036899,4217018.5
2017-09-13,543778.0,263320.0,8715089.78727727,10157696.5552383,5030402.5
2017-09-14,552955.0,268068.0,7981187.48940129,8831890.22231134,8504036.0
2017-09-15,637365.0,292079.0,8256400.85110478,8179314.31459802,8435823.0
2017-09-16,486763.0,228257.0,7751843.02131504,8409604.1044016,3931125.5
2017-09-17,433779.0,197683.0,8072925.27663579,8420246.46027889,4091247.5
2017-09-18,481945.0,218204.0,6965995.45167762,6915897.47097349,22682161.5
2017-09-19,578179.0,282917.0,8556655.83040715,8616020.84684647,4238828.5
2017-09-20,480583.0,235723.0,6417491.87280536,6356831.37323994,6159253.0
2017-09-21,533109.0,255257.0,9653662.98815166,8852045.82866589,4149377.0
2017-09-22,515184.0,227615.0,7624199.74632432,6725660.40718536,5066406.0
2017-09-23,427805.0,203861.0,9105159.40927941,8189263.43790887,4035932.5
2017-09-24,383449.0,185277.0,7953301.89364767,6998744.17063086,4548455.0
2017-09-25,505249.0,226603.0,6856294.73590317,6662197.50759276,15237305.0
2017-09-26,544622.0,263648.0,7569349.3884371,7447375.63477086,3987233.5
2017-09-27,548155.0,257961.0,8063002.60942212,7976853.33046631,6910209.5
2017-09-28,561793.0,275976.0,9708513.34603889,9951711.28319571,2438653.5
2017-09-29,569238.0,254438.0,9269710.48294108,9243216.05366442,3493393.0
2017-09-30,467808.0,212678.0,7569349.3884371,7783987.87833436,9966405.0
2017-10-01,416590.0,203653.0,7130546.52533929,7508761.40733887,14566554.5
2017-10-02,606138.0,295002.0,8380132.03961296,9042032.79197735,24843013.5
2017-10-03,591542.0,282132.0,10223761.0883278,10862816.3669827,6281309.5
2017-10-04,496068.0,232826.0,7486251.28872091,7937087.7926728,18954821.5
2017-10-05,552623.0,273243.0,6983443.36634413,7562750.52994914,13557907.5
2017-10-06,609683.0,283699.0,8882939.96198973,9444311.29584243,5826355.5
2017-10-07,505785.0,231226.0,8827072.41505898,9178387.06113139,6852817.0
2017-10-08,496286.0,238385.0,10167893.5413971,10982026.6986365,5437058.5
2017-10-09,585028.0,296946.0,8994675.05585124,10167276.2906667,14508911.5
2017-10-10,613364.0,303101.0,8938807.50892049,10589103.2255027,11805229.0
2017-10-11,604455.0,292459.0,7765589.02337467,9171956.33224448,14210822.5
2017-10-12,588010.0,293164.0,8547734.68040521,10642773.5937714,25093158.5
2017-10-13,660222.0,309819.0,7597986.38258241,11205665.7502199,43017594.0
2017-10-14,594482.0,293140.0,7877324.11723618,11510644.7555848,30075066.5
2017-10-15,578165.0,283473.0,11601113.0653046,14834968.3667177,6017027.0
2017-10-16,643476.0,314725.0,10351762.4275025,13619475.7440538,14765915.0
2017-10-17,670982.0,334438.0,9756833.55235872,13032444.8256605,10257227.5
2017-10-18,646494.0,329579.0,8983426.01467175,11245621.2524095,26308359.0
2017-10-19,692419.0,356985.0,10589733.9775601,13803228.0972498,31412892.5
2017-10-20,644681.0,312409.0,10649226.8650745,13887260.4956728,35533084.0
2017-10-21,606428.0,312257.0,9102411.78970051,12830906.7197494,50350223.5
2017-10-22,573815.0,289131.0,10827705.5276176,14386157.8993985,30373543.0
2017-10-23,640565.0,316096.0,10173283.7649594,13668326.7206145,47101748.0
2017-10-24,716464.0,347220.0,9935312.21490186,13135948.051234,44612915.5
2017-10-25,636265.0,315415.0,11006184.1901607,13615215.0956177,970.0
2017-10-26,555570.0,265827.0,12999790.2869909,14196709.0848065,18262804.5
2017-10-27,552393.0,246692.0,7510989.94359475,8529517.93616475,35963341.5
2017-10-28,440634.0,207066.0,6138789.85774571,7127115.61427759,50944061.0
2017-10-29,666758.0,334025.0,11122042.8010922,13129615.2522256,21761196.0
2017-10-30,672661.0,316077.0,10616495.4010426,12873410.4360565,20421299.0
2017-10-31,611388.0,277535.0,9966505.88669303,12195846.9847584,41332055.5
2017-11-01,733925.0,351529.0,7872095.2293445,14990408.2326317,42141778.5
2017-11-02,705011.0,341474.0,10833158.5724924,15012708.8262624,47827589.5
2017-11-03,670963.0,277598.0,8594305.80084399,12745769.1613126,67075550.0
2017-11-04,588106.0,294121.0,9388737.42949343,14231239.1618025,48866497.5
2017-11-05,555522.0,251728.0,10183169.0581429,15064674.2892577,48074793.5
2017-11-06,608698.0,271029.0,9605400.60094328,13802573.4124617,57885913.0
2017-11-07,714417.0,335636.0,11266484.9153921,15916555.6435329,43863534.0
2017-11-08,646147.0,301346.0,10399832.2295927,15423711.1757483,67479860.0
2017-11-09,727946.0,341281.0,11049821.7439423,16678466.0012752,66005488.0
2017-11-10,619944.0,271745.0,8139094.7449613,12713071.4989362,94380927.0
2017-11-11,459977.0,197081.0,5426063.16330753,8785091.45149512,115393868.5
2017-11-12,463412.0,183519.0,5426063.16330753,9479344.92774956,87310487.0
2017-11-13,694905.0,309299.0,9495610.53578818,16209519.4612957,108747188.0
2017-11-14,604148.0,271995.0,8681701.06129205,14792712.3267353,106580718.0
2017-11-15,709294.0,321788.0,10309520.0102843,17885007.8421946,102919381.5
2017-11-16,677402.0,310396.0,10309520.0102843,17978355.3482826,96938484.0
2017-11-17,684299.0,306617.0,11326906.8534045,19741865.1639389,97343831.0
2017-11-18,614840.0,270874.0,9224307.3776228,15573684.4202293,83371512.5
2017-11-19,603430.0,264855.0,10852126.3266151,17836891.9126454,60597161.0
2017-11-20,734768.0,336204.0,11869513.1697352,20867770.6104635,61378293.0
2017-11-21,753814.0,371091.0,11733861.5906525,20674487.3514705,70899025.5
2017-11-22,673819.0,312033.0,8342572.11358533,17481272.6055298,74893294.0
2017-11-23,747162.0,352207.0,10648648.957991,18447902.2439344,66129611.5
2017-11-24,698359.0,305735.0,9977010.84137572,17352431.9783599,74344409.0
2017-11-25,697526.0,336689.0,10445729.4715075,18139440.136098,57782188.0
2017-11-26,712607.0,329677.0,10244850.0585939,19771137.9101486,64216453.0
2017-11-27,829651.0,379256.0,11383166.7317709,22731345.2947229,67947688.0
2017-11-28,816745.0,365977.0,10445729.4715075,21683705.0389404,88709748.5
2017-11-29,903005.0,398090.0,11584046.1446846,26294380.2040648,109732834.5
2017-11-30,851420.0,384386.0,11182287.3188573,23742417.1937056,105063590.0
2017-12-01,869275.0,412908.0,12253644.1877299,25856448.1705625,92820787.5
2017-12-02,683883.0,326354.0,10780528.4930301,24108052.6110006,85621242.0
2017-12-03,762993.0,353044.0,11784925.5575982,27678238.9264086,81796567.0
2017-12-04,885110.0,400686.0,12119724.5791208,28891001.9578248,85674415.0
2017-12-05,891236.0,405709.0,11918845.1662072,29210388.2872577,95234234.0
2017-12-06,978252.0,443587.0,14867776.0589056,33116592.8460115,119631328.0
2017-12-07,869099.0,374917.0,11941671.1962486,34256501.8456203,86810502.0
2017-12-08,902012.0,385092.0,12337090.7722833,41311081.4101853,83959386.0
2017-12-09,877575.0,403399.0,13760601.2460083,42165253.3814881,68162206.5
2017-12-10,739392.0,341420.0,12969762.0939389,38120250.2377464,97583547.5
2017-12-11,867655.0,368598.0,13523349.5003875,44253709.9617747,123038203.0
2017-12-12,867772.0,372977.0,12337090.7722833,42937956.7643401,118029472.5
2017-12-13,958477.0,424579.0,14709608.2284917,50475052.9011524,117622520.5
2017-12-14,1072862.0,490644.0,14630524.3132847,49974171.3334026,107596183.0
2017-12-15,942514.0,405676.0,13365181.6699736,48342967.7609509,107591744.5
2017-12-16,819305.0,364222.0,13523349.5003875,49815223.7422835,102265295.0
2017-12-17,877465.0,391910.0,14630524.3132847,55498368.9347384,116050212.0
2017-12-18,922524.0,394239.0,16946489.2356708,54532107.9700656,108558831.0
2017-12-19,887698.0,378622.0,13035760.950516,44228748.1746236,102019392.0
2017-12-20,853864.0,370277.0,12663310.6376441,44203326.9660163,107199193.0
2017-12-21,840740.0,335482.0,12290860.3247722,46165232.3021406,101387690.0
2017-12-22,890732.0,380648.0,14432449.6237856,48973790.4176209,111261995.0
2017-12-23,729638.0,308211.0,12942648.372298,41645027.4925059,121893810.5
2017-12-24,652210.0,279523.0,14153111.8891317,38398460.7292659,115995896.5
2017-12-25,565075.0,228926.0,12570198.0594261,33837650.8285438,115876676.0
2017-12-26,605854.0,247440.0,13221986.1069519,38650262.934002,112754632.5
2017-12-27,749192.0,307642.0,14525562.2020035,43901419.4766467,115054992.5
2017-12-28,741489.0,305053.0,13873774.1544777,37806663.7832782,111202614.5
2017-12-29,838926.0,353824.0,15363575.4059653,41872625.551997,112557307.0
2017-12-30,815100.0,344407.0,13687548.9980418,34517255.3487837,110227131.5
2017-12-31,678713.0,290422.0,15177350.2495293,34803527.1470655,107670152.5
2018-01-01,593283.0,241757.0,14975580.9596883,32858099.4405417,125684565.5
2018-01-02,850802.0,340980.0,16415540.6673506,39946758.985841,117150060.5
2018-01-03,937531.0,395963.0,15071578.2735325,41037010.8705439,114702614.5
2018-01-04,1054712.0,425008.0,16127548.7258182,42724771.8663199,115921630.5
2018-01-05,888403.0,342707.0,13727615.8797143,39205380.0155258,103610899.0
2018-01-06,889099.0,358847.0,16127548.7258182,46563789.9760972,103392707.5
2018-01-07,910005.0,368187.0,15551564.8427532,44912742.3337695,106485814.0
2018-01-08,895997.0,345672.0,15935554.0981299,42902516.8338494,121865994.0
2018-01-09,919150.0,360265.0,15743559.4704415,43234479.1223377,136122024.0
2018-01-10,876990.0,347393.0,15935554.0981299,39636974.2597653,134889559.0
2018-01-11,822011.0,337959.0,18527481.5719221,43029257.7252294,140265557.0
2018-01-12,746540.0,300091.0,17087521.8642597,38771602.2774424,128385049.5
2018-01-13,652050.0,265735.0,16501289.1137539,34057401.8694134,130442211.0
2018-01-14,592042.0,235045.0,17165770.5545763,33285730.8286788,120353744.5
2018-01-15,670840.0,273623.0,16612036.0205577,33038806.9201573,5580087.5
2018-01-16,737399.0,303725.0,17608758.1817911,31344417.4170149,112522455.0
2018-01-17,768382.0,315771.0,18494733.4362209,31114647.1407057,116197028.5
2018-01-18,744190.0,309495.0,19159214.8770432,32739932.5047795,114103157.0
2018-01-19,578407.0,243619.0,18273239.6226134,30328455.6576096,97805195.5
2018-01-20,559712.0,240611.0,19712949.4110618,33422916.9660763,111360108.0
2018-01-21,522862.0,215622.0,20709671.5722952,31881234.2280697,123065633.0
2018-01-22,574421.0,245562.0,18494733.4362209,27049040.6377818,119188487.0
2018-01-23,547569.0,271936.0,19602202.504258,26654950.1831213,136265554.0
2018-01-24,576213.0,250423.0,19491455.5974543,27243321.4419195,129002719.5
2018-01-25,539582.0,236580.0,20445148.5647756,24802466.4469755,108683172.0
2018-01-26,514622.0,220459.0,20056949.5413938,23885798.1844209,96317575.5
2018-01-27,541700.0,193578.0,20315748.890315,23938854.8917502,81121232.5
2018-01-28,492739.0,213446.0,20445148.5647756,25365404.7629694,59961781.5
2018-01-29,532631.0,232176.0,19151151.8201696,22393670.4573925,51460714.5
2018-01-30,531441.0,236609.0,21609745.6349211,24473743.4213841,45575357.5
2018-01-31,481101.0,204276.0,15139761.9118908,16505765.2319171,61335577.5
2018-02-01,591551.0,257664.0,20703947.9136968,21564268.9326553,44034742.0
2018-02-02,551199.0,235918.0,21739145.3093817,20349765.9537948,60178793.0
2018-02-03,436197.0,194891.0,20445148.5647756,19143008.6973898,41683044.5
2018-02-04,396695.0,173687.0,23033142.0539877,20590452.2721636,21558328.5
2018-02-05,486554.0,216363.0,23938939.775212,19165215.2614707,21361528.0
2018-02-06,589897.0,244120.0,24293141.3193202,15587109.3084814,30010610.5
2018-02-07,489403.0,213719.0,20149017.2119067,15016975.9975587,23819837.0
2018-02-08,398608.0,173289.0,18720008.8990056,14093910.2289136,19294326.0
2018-02-09,462087.0,177860.0,19291612.224166,14654771.0556346,34800199.5
2018-02-10,421548.0,181783.0,20434818.874487,17003760.4952525,25418099.0
2018-02-11,368625.0,147208.0,21578025.5248079,16243960.9275333,30229742.5
2018-02-12,437381.0,186918.0,23721537.9941597,18718332.5740756,15236305.5
2018-02-13,414750.0,182984.0,23435736.3315795,18275325.065837,24168245.0
2018-02-14,450368.0,196417.0,25579248.8009313,20752674.9936762,64425221.5
2018-02-15,475030.0,198183.0,18720008.8990056,16956455.4438234,3005081.0
2018-02-16,422416.0,187738.0,22435430.5125487,20250868.4877061,26307394.5
2018-02-17,401861.0,173789.0,21292223.8622277,20350444.8424035,38721499.5
2018-02-18,378870.0,159495.0,23149934.6689992,23072914.4326253,35081599.5
2018-02-19,436342.0,187367.0,23149934.6689992,23360784.6795428,22401802.0
2018-02-20,455117.0,198455.0,21079198.6660777,20908106.0649931,2880522.5
2018-02-21,459676.0,205201.0,25265138.8267172,23304639.0999643,23194238.0
2018-02-22,499534.0,183235.0,22275181.5691176,19598925.7553184,6000177.0
2018-02-23,424503.0,185193.0,22125683.7062376,19432244.5627423,28250467.5
2018-02-24,355222.0,154534.0,21677190.1175976,18950033.89873,45469039.5
2018-02-25,355806.0,144869.0,25564134.5524772,21134989.7819502,170468.0
2018-02-26,435990.0,186474.0,21079198.6660777,18189790.7038972,81776905.0
2018-02-27,494788.0,219624.0,23919658.0607974,21628887.7869834,49828897.5
2018-02-28,469401.0,189223.0,23172168.7463975,21634661.2243493,54521548.0
2018-03-01,514905.0,233744.0,24667147.3751973,23098876.8038155,1924481.0
2018-03-02,524247.0,195073.0,23321666.6092775,22178930.8207862,30972933.5
2018-03-03,416967.0,177024.0,26909615.3183971,26214536.4268542,28526225.5
2018-03-04,383192.0,160231.0,22125683.7062376,21193664.6514841,28248682.5
2018-03-05,457317.0,201438.0,24372959.7309369,21974887.3290891,27445168.0
2018-03-06,453774.0,206016.0,25517998.1075581,21958387.1614346,26469535.5
2018-03-07,474917.0,213978.0,25681575.018504,21157511.2468039,21900277.0
2018-03-08,439934.0,196422.0,26499459.5732334,20427544.5522535,17719848.0
2018-03-09,487167.0,198180.0,23882228.9980992,16855150.3795833,14065654.0
2018-03-10,354483.0,156228.0,22900767.5324239,16539689.0997224,11919726.0
2018-03-11,349041.0,150884.0,25027267.3747204,18210037.1103318,2144840.5
2018-03-12,426765.0,188394.0,26335882.6622875,19331971.3140078,183966.5
2018-03-13,419995.0,196140.0,25845151.9294498,18857575.5936039,609061.0
2018-03-14,418369.0,191042.0,23555075.1762075,16628207.7251464,2326218.5
2018-03-15,459150.0,206186.0,23555075.1762075,14891789.5575998,203022.5
2018-03-16,457061.0,186979.0,25517998.1075581,16433524.3290414,328746.5
2018-03-17,352699.0,154496.0,24372959.7309369,15253956.5768365,81102.0
2018-03-18,382258.0,164401.0,25990711.2963892,14858429.9832526,284955.0
2018-03-19,421648.0,191528.0,26679206.9598697,16605902.4023534,394019.5
2018-03-20,423963.0,195168.0,21859737.3155061,14186967.874644,329186.0
2018-03-21,424456.0,194846.0,26162835.2122593,17547837.7941897,794123.5
2018-03-22,418188.0,185187.0,24613719.9694282,15970290.9102052,141833.5
2018-03-23,430897.0,179818.0,22892480.8107269,14416156.914284,208792.5
2018-03-24,360667.0,157087.0,26851330.8757398,17932503.4804805,514503.5
2018-03-25,318933.0,135274.0,23236728.6424672,14782031.2754538,1460755.5
2018-03-26,416732.0,187850.0,25818587.3805191,15836955.2390767,296559.0
2018-03-27,414091.0,187065.0,26162835.2122593,15343941.6498773,123677.0
2018-03-28,395196.0,177521.0,23236728.6424672,13721935.6203732,857303.0
2018-03-29,428778.0,192411.0,26162835.2122593,14889676.7701514,340344.5
2018-03-30,449630.0,185940.0,27884074.3709606,14139824.0095985,322012.0
2018-03-31,332753.0,148617.0,22031861.2313763,11496221.1522506,254692.5
2018-04-01,316429.0,135129.0,28274794.2168317,13925230.1575455,556088.5
2018-04-02,377674.0,168178.0,27227579.6162083,13937108.1865593,315066.5
2018-04-03,435411.0,198919.0,28449329.9836022,15280200.9895155,115248.5
2018-04-04,432978.0,185710.0,25656757.7152732,13317444.6543738,180393.5
2018-04-05,398398.0,181832.0,27227579.6162083,13335649.4596023,899920.5
2018-04-06,471571.0,172889.0,24085935.8143381,11856536.2728565,482813.0
2018-04-07,331189.0,154639.0,31416438.0187018,15810472.7254065,130585.0
2018-04-08,311300.0,138535.0,28100258.4500611,14381384.2556293,391449.5
2018-04-09,384890.0,176563.0,25656757.7152732,12870549.029244,440069.0
2018-04-10,414049.0,186415.0,28623865.7503728,14212196.9640589,202435.5
2018-04-11,399073.0,183248.0,28100258.4500611,14153735.4143258,152735.0
2018-04-12,442158.0,210879.0,26878508.0826671,14467514.3872462,693156.0
2018-04-13,503406.0,217282.0,28798401.5171434,16743292.6560078,173384.0
2018-04-14,363643.0,161843.0,26146926.5194725,13886865.8879943,27670765.0
2018-04-15,408545.0,174031.0,31109116.953825,17099064.2208301,284742.0
2018-04-16,433712.0,196106.0,26910340.4324498,14466032.4235628,175709.5
2018-04-17,451453.0,201820.0,30918263.4755807,16690427.1207468,206118.5
2018-04-18,451617.0,200740.0,30536556.519092,16302064.2693652,145107.5
2018-04-19,499810.0,213523.0,33971919.1274899,18490345.7646953,551385.0
2018-04-20,509923.0,207777.0,26146926.5194725,14670398.2209767,8171284.5
2018-04-21,437088.0,193975.0,30345703.0408477,18417858.1100073,440971.0
2018-04-22,396698.0,171870.0,30536556.519092,18212921.6189653,848948.5
2018-04-23,488406.0,226353.0,29200582.1713817,17276582.7361094,1649937.0
2018-04-24,548252.0,254493.0,30345703.0408477,19313819.5456429,479454.5
2018-04-25,476860.0,213155.0,23474977.824052,15079053.7777244,7566312.0
2018-04-26,482589.0,216732.0,26910340.4324498,16228099.344968,839175.0
2018-04-27,502992.0,211119.0,28391145.8892854,16863598.9093141,10138710.5
2018-04-28,429929.0,203681.0,25592018.8297784,15653776.3788926,714035.0
2018-04-29,415427.0,180798.0,31590148.2430077,19062958.9541718,363766.0
2018-04-30,480943.0,215107.0,30990335.3016848,18355130.6040407,592111.5
2018-05-01,490969.0,199959.0,31590148.2430077,18261853.150436,136926.0
2018-05-02,468951.0,212296.0,27991270.5950701,16550285.1275183,458632.5
2018-05-03,501840.0,228521.0,30190584.7132542,18065019.7593026,7737596.0
2018-05-04,513488.0,219069.0,27591395.3008549,17306276.9658842,3187284.5
2018-05-05,450118.0,202703.0,32189961.1843307,20833828.1418501,492526.5
2018-05-06,386315.0,171761.0,27391457.6537472,16838802.1726855,354416.0
2018-05-07,450524.0,205063.0,29990647.0661466,18103183.2869905,346686.5
2018-05-08,480690.0,217810.0,27791332.9479625,16408115.8781141,399925.5
2018-05-09,459143.0,206579.0,31990023.537223,19367520.3701015,940048.0
2018-05-10,465046.0,208961.0,30790397.6545772,19067802.4806501,747768.0
2018-05-11,510499.0,213624.0,26161151.1691398,14126392.4253011,6932344.5
2018-05-12,434891.0,182054.0,33988897.1882526,18033347.7293567,329679.0
2018-05-13,364085.0,158794.0,30487010.8112811,15995382.6618611,244113.5
2018-05-14,469798.0,209697.0,27191117.750602,14739381.0305533,455026.0
2018-05-15,477899.0,214779.0,30075024.1786962,16103188.3153369,266925.0
2018-05-16,455067.0,208463.0,36872803.6163467,19398271.8614679,727601.0
2018-05-17,420625.0,192683.0,27191117.750602,14350337.7490409,9120951.5
2018-05-18,499648.0,211496.0,30487010.8112811,15763512.3289478,237479.5
2018-05-19,378136.0,173274.0,31722970.7090357,16144063.7583699,128663.5
2018-05-20,369971.0,158663.0,29663037.5461113,15235623.0821206,2650405.5
2018-05-21,445196.0,202647.0,32340950.657913,17282837.0820059,250389.0
2018-05-22,441616.0,203337.0,31104990.7601584,15794378.6165236,2031102.5
2018-05-23,481669.0,223196.0,33370917.2393752,15983293.2896781,207470.0
2018-05-24,447546.0,206825.0,30616246.3183454,13875883.1127304,320731.0
2018-05-25,464174.0,196181.0,37681533.9302713,16707898.3872744,205335.0
2018-05-26,356716.0,158783.0,34684139.1858179,15506006.4825006,109171.5
2018-05-27,337618.0,144304.0,35112338.4350255,15313094.104962,399761.5
2018-05-28,407911.0,189063.0,33399541.438195,14547701.9131361,2826239.0
2018-05-29,442314.0,204769.0,29759847.8199301,12836137.4531791,107348.0
2018-05-30,443065.0,204077.0,37253334.6810636,16513656.6717777,467084.0
2018-05-31,454486.0,209526.0,36396936.1826484,16302254.4158229,111730.0
2018-06-01,551183.0,205481.0,35540537.6842331,15642337.9880188,534733.0
2018-06-02,386674.0,174497.0,32543142.9397797,14536335.5297674,217550.5
2018-06-03,369975.0,163443.0,34898238.8104217,16165187.1658882,42178176.0
2018-06-04,449728.0,209916.0,39180231.302498,17479742.989664,6218167.5
2018-06-05,460260.0,212901.0,42980660.1034435,16505061.8327038,10150879.5
2018-06-06,451994.0,206417.0,36103754.4868926,14329592.5450201,35583452.0
2018-06-07,433804.0,207627.0,35121339.3988139,13918250.6520602,20816264.5
2018-06-08,477386.0,200379.0,35612546.9428532,14114417.177542,410996.0
2018-06-09,370067.0,171306.0,35121339.3988139,13978762.823424,435564.0
2018-06-10,392109.0,179809.0,31191679.046499,11638700.4682901,427681.0
2018-06-11,446188.0,213196.0,34384528.0827548,11987207.9874201,444365.5
2018-06-12,447810.0,214595.0,35612546.9428532,12573789.8257324,9990689.5
2018-06-13,458587.0,211829.0,35121339.3988139,11932624.9425915,464806.0
2018-06-14,440336.0,210029.0,37577377.1190106,12563621.7041841,2590077.5
2018-06-15,476263.0,205861.0,37577377.1190106,13178785.7305518,173990.5
2018-06-16,343365.0,159090.0,40770226.1552664,13504867.2356099,116129.0
2018-06-17,326154.0,144908.0,38559792.2070893,13246220.7271786,308156.0
2018-06-18,424739.0,196305.0,40279018.6112271,13469448.2687865,196947.0
2018-06-19,413610.0,191805.0,39122596.140543,13569989.109128,6725868.5
2018-06-20,425849.0,198889.0,39122596.140543,14482144.8535347,1518309.0
2018-06-21,421062.0,198113.0,42908653.8315633,14808109.3756117,202119.5
2018-06-22,469523.0,204144.0,38112980.7562709,12460024.7147648,162591.5
2018-06-23,368137.0,163295.0,40384615.3708831,13084984.3584379,380174.5
2018-06-24,350052.0,158022.0,43161057.6776313,13455402.0964478,669033.5
2018-06-25,415603.0,200173.0,39627403.832679,12514807.2617257,1553486.5
2018-06-26,410398.0,195404.0,36850961.5259308,11522845.2247558,16078068.0
2018-06-27,397242.0,188510.0,30540865.3742303,9410792.753692,11370938.0
2018-06-28,396406.0,187624.0,39627403.832679,12428430.3582216,830821.5
2018-06-29,453051.0,197881.0,38112980.7562709,11427014.5125669,731132.0
2018-06-30,368308.0,181065.0,35588942.2955907,11359646.682706,1398372.0
2018-07-01,341862.0,156247.0,37103365.3719988,11937510.4443779,888370.0
2018-07-02,433258.0,199294.0,37594816.2562869,11654033.0293607,17359848.0
2018-07-03,456150.0,216747.0,30929068.6931155,9914650.33867422,21981560.5
2018-07-04,435402.0,206788.0,35728406.9385989,11310340.4852283,1094476.0
2018-07-05,413998.0,199600.0,36528296.6461795,11406742.2965554,277784.0
2018-07-06,529418.0,200993.0,42660784.4042972,13385359.5510441,500322.5
2018-07-07,357621.0,170160.0,41594264.7941898,13246362.8842491,314449.5
2018-07-08,350857.0,155685.0,42127524.5992435,13573744.7619332,376209.0
2018-07-09,425385.0,206546.0,36261666.7436526,11538923.6101558,11030802.5
2018-07-10,445234.0,216063.0,39727855.4765018,12706743.0565668,2590538.5
2018-07-11,413229.0,202603.0,35995036.8411258,11007393.2006476,20544300.5
2018-07-12,405288.0,203535.0,37594816.2562869,11243498.5172732,41334099.0
2018-07-13,473175.0,207904.0,38128076.0613406,11580161.27454,44006230.0
2018-07-14,362896.0,176475.0,35461777.0360721,10454811.3292918,16837032.0
2018-07-15,346483.0,161151.0,35461777.0360721,10753180.2948952,281915.0
2018-07-16,431583.0,207842.0,31995588.3032229,9907260.87328925,2207576.0
2018-07-17,487160.0,233966.0,40931868.4915103,14162648.5568392,8067630.5
2018-07-18,494823.0,238769.0,44793365.5190113,17110731.1022447,4629340.5
2018-07-19,465957.0,225039.0,44021066.1135111,16004613.1001464,1049798.5
2018-07-20,496860.0,225529.0,39644702.8156767,14466795.3986963,380832.5
2018-07-21,385950.0,184803.0,35268339.5178422,12868685.0037298,248878.0
2018-07-22,366446.0,167129.0,46852830.6003451,17426428.2747925,261250.0
2018-07-23,473606.0,229480.0,42733900.4376774,16326406.797981,4149102.5
2018-07-24,532884.0,259358.0,40931868.4915103,16222402.2983168,4318521.0
2018-07-25,525952.0,250208.0,45565664.9245115,18521932.1199499,344668.0
2018-07-26,479850.0,231679.0,42476467.3025107,17302326.280585,354493.0
2018-07-27,517778.0,229397.0,42991333.5728441,17336563.9502542,267842.5
2018-07-28,395734.0,188238.0,37327804.5991761,15379062.9397877,283490.0
2018-07-29,380501.0,168407.0,50277183.1008373,17783188.6373367,173776.0
2018-07-30,479275.0,230924.0,39630250.2088953,13844660.4345173,290217.5
2018-07-31,500312.0,242977.0,43474975.9754299,14743282.0602165,2220032.5
2018-08-01,495640.0,241044.0,44362220.3830918,14364964.4006987,3464248.5
2018-08-02,470017.0,224873.0,45249464.7907536,14896249.0194185,138547.5
2018-08-03,537623.0,229859.0,49094190.5572882,15553038.2159899,271393.5
2018-08-04,416161.0,191657.0,52051671.9161698,16086605.4056142,1070154.5
2018-08-05,374557.0,172181.0,47319701.7419725,14248433.3225004,814586.0
2018-08-06,452410.0,218607.0,38743005.80124,11561668.3213017,15651716.0
2018-08-07,477951.0,233045.0,44657968.5189865,13496173.2906021,316918.0
2018-08-08,498558.0,235311.0,46432457.3343105,12946324.4208638,267566.0
2018-08-09,467197.0,222326.0,44066472.2472119,12039937.0283364,211431.0
2018-08-10,510030.0,226148.0,52051671.9161698,14364533.2889265,642991.0
2018-08-11,389256.0,192438.0,52376369.8984008,13368973.044828,475905.5
2018-08-12,361544.0,165044.0,49230273.0794216,12290113.44632,334567.5
2018-08-13,459526.0,222229.0,47642199.754279,12178415.4735653,215312.5
2018-08-14,514445.0,247622.0,43195594.4438796,10463532.7086275,447750.5
2018-08-15,539383.0,246066.0,51135961.0695928,13104013.770886,1150729.0
2018-08-16,479347.0,232335.0,50183117.0745072,12659503.8533433,212856.0
2018-08-17,512305.0,233794.0,48277429.084336,12438186.3901863,1028125.5
2018-08-18,399289.0,190935.0,50818346.4045642,13176949.401446,697804.5
2018-08-19,402087.0,167400.0,46054126.4291363,11859087.978662,1703924.5
2018-08-20,459856.0,214983.0,47642199.754279,12603282.3247694,200523.0
2018-08-21,449916.0,217777.0,47006970.4242219,11982908.8447179,780890.0
2018-08-22,484463.0,230333.0,50818346.4045642,13754538.29512,424100.0
2018-08-23,444346.0,217352.0,47324585.0892504,12091834.7282683,193231.0
2018-08-24,487991.0,219848.0,47211617.4407006,12238689.2251961,1210330.0
2018-08-25,415348.0,196420.0,45145645.9144977,11462792.4453193,458329.5
2018-08-26,368938.0,172747.0,57853309.2089489,14782108.510734,1564163.0
2018-08-27,464084.0,223656.0,61866255.5124598,16066331.7938682,272094.0
2018-08-28,488605.0,238039.0,51165065.369764,13671393.3547545,4654904.0
2018-08-29,509197.0,237508.0,46483294.6823347,12427793.5368428,189644.0
2018-08-30,463657.0,231391.0,51499477.5617233,13524159.9511415,472815.5
2018-08-31,511307.0,237076.0,51833889.7536825,13715513.6566594,155241.5
2018-09-01,437404.0,213331.0,50496240.9858456,13547550.913617,654574.5
2018-09-02,387889.0,187145.0,48155355.6421309,13150417.7856014,107584.0
2018-09-03,455957.0,222897.0,48155355.6421309,13221829.9042709,563108.5
2018-09-04,474899.0,232265.0,42135936.1868645,11701743.2339903,1186476.0
2018-09-05,497298.0,246477.0,44142409.33862,11985554.4900887,2412281.5
2018-09-06,501001.0,252261.0,50161828.7938863,12250781.5532615,336274.5
2018-09-07,539383.0,230790.0,52673943.1674501,12582725.3198711,824171.0
2018-09-08,414919.0,204428.0,52338942.9548846,12048687.1478142,295317.0
2018-09-09,387389.0,188912.0,56874984.6776413,13080457.3585849,160285.5
2018-09-10,451965.0,222866.0,47105048.6593962,10889256.6129215,8177356.5
2018-09-11,474061.0,237571.0,49198606.3775916,11243962.7129766,1342079.5
2018-09-12,461586.0,233275.0,58619616.1094708,13463775.4691272,210417.5
2018-09-13,466217.0,234209.0,51641090.3821529,12034014.0992328,179715.5
2018-09-14,471373.0,223250.0,46058269.8002985,11020990.7438311,10270568.0
2018-09-15,427958.0,211071.0,48849680.0912257,11500218.9046532,265454.0
2018-09-16,370212.0,179483.0,48500753.8048598,11508923.5203562,952766.0
2018-09-17,481968.0,240152.0,47105048.6593962,10885340.8378286,383561.5
2018-09-18,479309.0,244259.0,49547532.6639575,11443545.954193,2049466.0
2018-09-19,480228.0,251037.0,54432500.67308,13390617.4929546,160573.5
2018-09-20,493141.0,253674.0,53827510.7460175,12451118.6507425,1111246.0
2018-09-21,563131.0,273051.0,51200543.8778585,12165754.7145117,269923.0
2018-09-22,445042.0,225537.0,55111696.535195,13446563.414452,457702.0
2018-09-23,401264.0,200319.0,53333899.8727693,12664817.2593975,181842.0
2018-09-24,469029.0,237670.0,52622781.2077991,12554837.9484404,361162.5
2018-09-25,490589.0,252113.0,60089527.1899868,14010771.0450735,229354.0
2018-09-26,474080.0,243927.0,49422747.2154329,11668565.4156512,1428067.0
2018-09-27,481908.0,248686.0,50844984.5453734,11811663.0811172,541099.0
2018-09-28,527058.0,254239.0,54756137.2027098,13204326.5707306,269399.5
2018-09-29,429819.0,218339.0,54045018.5377396,12553831.9780196,616413.0
2018-09-30,413889.0,208210.0,57956171.195076,13520452.4014684,259284.0
2018-10-01,484983.0,242820.0,56178374.5326503,13302756.841859,2171585.5
2018-10-02,484847.0,244772.0,48711628.5504627,11376483.8858544,593027.0
2018-10-03,552113.0,242303.0,51556103.2103437,12003041.5148518,159533.0
2018-10-04,506880.0,243157.0,54911962.6283177,12562461.6316862,249800.5
2018-10-05,533087.0,244719.0,48176505.2061266,10781240.5783847,3471342.5
2018-10-06,441965.0,214843.0,46323562.6981987,10527206.7148305,180861.5
2018-10-07,444618.0,219731.0,52623567.2251537,12012909.058277,3888237.5
2018-10-08,477298.0,248041.0,50029447.7140546,11390596.3257734,217642.0
2018-10-09,463257.0,235862.0,48176505.2061266,10819341.6623845,290741.5
2018-10-10,482435.0,244945.0,53364744.2283249,11849538.474848,346781.5
2018-10-11,499968.0,262467.0,58923571.7521087,12798532.0061516,744976.0
2018-10-12,498115.0,243174.0,48917682.2092978,10340801.3185147,2231156.5
2018-10-13,400481.0,205097.0,52252978.7235681,11153382.1683486,159299.0
2018-10-14,378043.0,191259.0,42247089.1807572,8943885.14525063,960472.0
2018-10-15,502796.0,266945.0,60035337.2568655,13207214.2058592,1500522.5
2018-10-16,490756.0,257967.0,50029447.7140546,10986126.9450593,1264924.5
2018-10-17,490531.0,260362.0,51141213.2188113,11388324.9367584,572701.0
2018-10-18,479720.0,253450.0,50951835.5499124,11365265.4685435,2686598.0
2018-10-19,504471.0,253826.0,50702736.5834647,11605843.6408558,1421342.0
2018-10-20,428970.0,227821.0,51059798.1087004,11688690.9616224,1771790.5
2018-10-21,403199.0,211505.0,49274490.4825221,11177638.2230549,668087.0
2018-10-22,489860.0,255324.0,55344536.4115284,12520199.9094473,612663.0
2018-10-23,487826.0,253463.0,54987474.8862927,12421483.0739698,2211706.5
2018-10-24,478551.0,254091.0,40347952.3516304,9185666.64055766,3016330.0
2018-10-25,474715.0,254599.0,48917428.9572864,11078368.7086216,640825.5
2018-10-26,503384.0,253002.0,51059798.1087004,11721332.382434,381134.5
2018-10-27,418914.0,233749.0,48560367.4320507,11140721.6138833,505769.0
2018-10-28,403764.0,219860.0,49988613.5329934,11312884.7907702,222268.5
2018-10-29,495174.0,269754.0,52130982.6844074,11701707.396594,2437127.5
2018-10-30,505404.0,283327.0,54987474.8862927,12343537.160952,317576.0
2018-10-31,510367.0,288283.0,58201028.6134137,12904937.9077428,384468.5
2018-11-01,505058.0,281941.0,54988709.7918046,12416572.2474633,1732357.5
2018-11-02,565269.0,292704.0,51070835.0767129,11791348.731355,655418.0
2018-11-03,453208.0,249564.0,57499331.7996558,12840788.9076941,261861.5
2018-11-04,418053.0,229291.0,44285199.6469399,9959012.66897705,3606119.5
2018-11-05,531376.0,293239.0,51070835.0767129,11736833.1320736,458396.5
2018-11-06,519342.0,285451.0,45713754.4742605,10388473.3176845,7657797.0
2018-11-07,522948.0,293734.0,46428031.8879208,10876602.4539338,3643764.5
2018-11-08,498004.0,277597.0,43213783.5264494,9902899.04333268,5064268.5
2018-11-09,541364.0,283896.0,45356615.7674304,10262802.9310726,3391901.5
2018-11-10,448643.0,252499.0,46785170.594751,10836466.3614449,489762.0
2018-11-11,422963.0,246991.0,52142251.1972034,11660743.772251,2001444.0
2018-11-12,510342.0,300006.0,49999418.9562224,11404614.5659448,432484.0
2018-11-13,491741.0,279160.0,42856644.8196192,9557212.46284918,4411693.5
2018-11-14,524970.0,292755.0,48213725.4220716,10486098.1233794,10492148.0
2018-11-15,523899.0,291525.0,45356615.7674304,8932985.47548184,7504231.0
2018-11-16,533315.0,283124.0,44946674.6331138,8908268.51787117,478549.5
2018-11-17,428640.0,262649.0,47956936.4976083,10338423.7285062,209253.5
2018-11-18,393876.0,239803.0,40680711.6496954,8599720.95927254,596113.5
2018-11-19,470247.0,267971.0,41672924.1289562,8462806.97951401,20951178.5
2018-11-20,543711.0,288450.0,43657349.0874779,7923554.71569229,22813291.0
2018-11-21,472552.0,254942.0,34727436.7741302,6049615.52431331,21318125.0
2018-11-22,467175.0,266116.0,40349974.1566084,6996199.90465438,4623166.0
2018-11-23,479022.0,275261.0,41342186.6358693,6900149.06328676,1427765.0
2018-11-24,406861.0,250017.0,47295461.5114344,7770115.71803217,418735.5
2018-11-25,410530.0,239256.0,42003661.6220432,6188075.90968278,1371372.0
2018-11-26,469613.0,257062.0,36711861.7326519,5473562.85458386,577047.5
2018-11-27,462322.0,268533.0,43326611.594391,6208586.79845478,1999265.0
2018-11-28,454764.0,254456.0,39027024.1842606,6083835.51046033,11528272.0
2018-11-29,461335.0,246226.0,34727436.7741302,5723625.76989976,4242899.5
2018-11-30,460123.0,250157.0,33404486.8017824,5401820.88924666,8279233.0
2018-12-01,420225.0,241847.0,41011449.1427823,6537919.26876445,2253867.5
2018-12-02,364379.0,222673.0,37704074.2119128,5968275.42689432,472278.5
2018-12-03,426800.0,240652.0,35101305.9820655,5738092.55036062,11060920.0
2018-12-04,492965.0,270189.0,38734427.5898666,7036398.75283324,918368.5
2018-12-05,438438.0,256501.0,36488953.5266859,6291958.87095126,3125723.0
2018-12-06,480400.0,279654.0,37892374.8161739,6343227.25560129,1660130.0
2018-12-07,495221.0,253890.0,31998005.4003246,4960658.03065221,1811827.5
2018-12-08,382550.0,231104.0,35646900.7529932,5447972.13209918,3042281.5
2018-12-09,364579.0,238569.0,35927585.0108908,5614631.98059117,410514.5
2018-12-10,443067.0,258353.0,34804847.9793004,5539420.91983261,2243279.5
2018-12-11,432511.0,251487.0,35085532.237198,5337996.89872892,2472272.5
2018-12-12,439270.0,261423.0,33682110.9477101,5160390.73972739,2939476.5
2018-12-13,439018.0,268422.0,36769637.7845835,5827864.07679684,437874.0
2018-12-14,464524.0,275801.0,40979901.6530473,5982323.51585555,1570658.5
2018-12-15,397644.0,262879.0,41821954.42674,6057975.8545267,1087153.0
2018-12-16,364388.0,226453.0,32278689.6582222,4666604.25778655,2826943.0
2018-12-17,466784.0,298823.0,44909481.2636135,6740883.10593796,768284.0
2018-12-18,461773.0,266245.0,35766529.4260719,5692744.16182017,5090554.5
2018-12-19,495568.0,302392.0,37822407.4037378,7089582.70129913,727790.0
2018-12-20,475406.0,287273.0,34268624.157749,6721946.32294331,3207188.5
2018-12-21,492726.0,280588.0,35537832.4598879,7076086.73385245,676454.0
2018-12-22,386813.0,251216.0,44422290.5748598,8594155.30261391,212663.5
2018-12-23,371648.0,250739.0,44676132.2352876,8916949.29743681,365452.0
2018-12-24,419725.0,272297.0,38583932.3850211,8231393.77197834,1818236.5
2018-12-25,353052.0,265052.0,40360824.0080155,7569827.66594972,1060135.0
2018-12-26,397075.0,281305.0,39853140.68716,7478293.74229318,1438518.0
2018-12-27,434318.0,300020.0,44168448.9144321,8145258.25043105,1454848.0
2018-12-28,485694.0,308267.0,42391557.2914377,7898836.22197374,544554.5
2018-12-29,423956.0,264980.0,35030149.1390323,6745781.21785835,1737979.5
2018-12-30,391259.0,267639.0,44676132.2352876,8578278.95546906,620794.0
2018-12-31,391031.0,259684.0,40440248.2951255,7453243.5205335,527824.0
2019-01-01,310120.0,234725.0,41615985.2733737,7012103.64869832,895326.5
2019-01-02,415822.0,271696.0,42174589.1025465,7474829.0609802,604496.0
2019-01-03,450626.0,291016.0,43291796.7608921,7679486.80141432,615711.5
2019-01-04,454702.0,281772.0,41615985.2733737,7115351.21898818,2267290.5
2019-01-05,385489.0,265192.0,45526212.0775833,8052390.56037927,2619524.0
2019-01-06,389294.0,258522.0,39381569.9566825,7171471.57828049,494052.0
2019-01-07,448076.0,284782.0,39381569.9566825,7286414.81783128,3076878.5
2019-01-08,465085.0,318524.0,47202023.5651017,8944897.01275319,529379.5
2019-01-09,463346.0,319056.0,45805513.9921697,8518054.36444044,522329.5
2019-01-10,489566.0,327338.0,43571098.6754785,7609635.02307813,353972.0
2019-01-11,486650.0,308372.0,41336683.3587873,6809814.94266555,1533573.0
2019-01-12,396628.0,281502.0,38543664.2129233,6407919.17001489,551597.0
2019-01-13,372207.0,276997.0,38264362.2983369,6266417.92080623,942632.5
2019-01-14,455377.0,326685.0,43423390.2168908,6736884.25294018,512695.0
2019-01-15,466212.0,302279.0,38609293.9848521,6183026.05905401,5342024.5
2019-01-16,493982.0,305702.0,38901788.6362525,6073704.51253915,645095.0
2019-01-17,462879.0,296695.0,37146820.7278501,5891153.31180589,811132.5
2019-01-18,484530.0,305965.0,40364261.8932544,6307175.11619796,520503.0
2019-01-19,400053.0,282188.0,38901788.6362525,6354782.86391987,232526.5
2019-01-20,379374.0,294118.0,45921660.2698619,7150096.95018807,1556423.5
2019-01-21,449404.0,315202.0,43874197.7100592,6879083.71968765,446819.0
2019-01-22,450118.0,296040.0,38024304.6820513,5844342.94107825,468699.0
2019-01-23,482794.0,293494.0,42704219.1044576,6683461.53319797,5417994.0
2019-01-24,470446.0,308146.0,47384133.5268639,7364947.5714072,431437.5
2019-01-25,492261.0,301085.0,40364261.8932544,6309969.92281265,475086.0
2019-01-26,444594.0,288285.0,43874197.7100592,6857448.82582505,242469.0
2019-01-27,383276.0,276651.0,40071767.241854,6393436.19789755,199337.5
2019-01-28,481279.0,308062.0,42070546.8156134,6318406.83135573,1713109.0
2019-01-29,480702.0,326162.0,42201068.245197,6364552.33446091,786174.5
2019-01-30,462721.0,321980.0,39310584.1188136,5884537.24604336,3021927.0
2019-01-31,487936.0,353945.0,44802503.958942,6731427.32322348,1542996.5
2019-02-01,502881.0,339341.0,45669649.196857,6857975.37196296,1063898.0
2019-02-02,418174.0,322032.0,41622971.4199203,6325531.02417506,2456398.5
2019-02-03,389608.0,300171.0,39888680.9440903,6044025.21308595,443261.5
2019-02-04,456122.0,335288.0,42490116.6578353,6411524.44993395,1684670.5
2019-02-05,503603.0,354069.0,42490116.6578353,6422102.20494889,2419748.0
2019-02-06,482655.0,349596.0,47403939.672687,6985845.57387517,1213212.0
2019-02-07,474847.0,353046.0,50294423.7990704,7375022.02374828,1206448.0
2019-02-08,516886.0,335280.0,47114891.2600487,7184754.2731582,1137365.5
2019-02-09,422178.0,310892.0,43357261.8957503,6845104.34819661,1063139.5
2019-02-10,380922.0,299609.0,41018987.2961362,6454979.70124316,1142781.0
2019-02-11,463119.0,315725.0,43691361.6410373,6693602.40799548,23538665.5
2019-02-12,486292.0,271573.0,38568926.138295,6031364.55755759,14360848.5
2019-02-13,546276.0,352651.0,46101919.5246807,6976103.87653069,498744.5
2019-02-14,473265.0,354483.0,42486082.6992156,6566282.2719383,2032676.5
2019-02-15,467228.0,296729.0,38267606.4028396,5762323.41641078,10519062.0
2019-02-16,452438.0,332137.0,45197960.3183144,6898485.34101117,310326.5
2019-02-17,393160.0,327463.0,47909837.9374133,7185045.4307252,1976996.0
2019-02-18,508261.0,344274.0,46704558.9955916,7556019.10851886,5253499.5
2019-02-19,538532.0,348242.0,47005878.731047,7748245.9382798,3297310.0
2019-02-20,521878.0,314320.0,39171565.6092058,6596656.21482153,5449410.5
2019-02-21,491327.0,297595.0,35857048.5191961,6051778.48558182,11684430.0
2019-02-22,542172.0,350306.0,48813797.1437796,8096363.88186099,362463.0
2019-02-23,441275.0,328239.0,43088722.1701264,7190247.7828969,3204384.5
2019-02-24,433694.0,320446.0,41298258.2978092,7119748.03220931,1837348.5
2019-02-25,502106.0,336634.0,43162133.913638,6913971.36597182,5542787.5
2019-02-26,532149.0,366568.0,48595129.7908791,7878415.30725483,572362.0
2019-02-27,519740.0,344560.0,42558467.7050556,6801908.84662639,278213.0
2019-02-28,523892.0,367827.0,45274965.6436762,7350871.43467336,5535790.5
2019-03-01,552623.0,354422.0,48896962.8951703,7830758.1178926,3351761.0
2019-03-02,481021.0,335864.0,39841969.766435,6565214.95545392,2770149.5
2019-03-03,420093.0,353683.0,44067633.2265115,7016670.61795451,1663398.0
2019-03-04,506186.0,304188.0,41351135.2878909,6497311.76435429,3162366.0
2019-03-05,536821.0,285716.0,44973132.539385,7114388.35176686,1139078.0
2019-03-06,524992.0,277863.0,38634637.3492703,6388631.33749861,2669854.0
2019-03-07,524085.0,282523.0,42860300.8093468,7588198.87987363,3745444.5
2019-03-08,545571.0,285264.0,44067633.2265115,7193574.07638771,107308.0
2019-03-09,458538.0,239492.0,41652968.3921821,7087594.99280831,614776.5
2019-03-10,392557.0,212877.0,41045042.9709582,6690849.40826923,3914362.0
2019-03-11,554792.0,294741.0,42839445.3543434,6977449.87654973,553161.5
2019-03-12,532589.0,285653.0,43141131.5892332,7088005.70444551,7027592.5
2019-03-13,515962.0,285957.0,40727641.7101152,6637474.19377045,6769628.5
2019-03-14,551001.0,299929.0,46761366.4079101,7600598.59424684,907127.5
2019-03-15,558693.0,296970.0,46157993.9381306,7723228.79179382,1179905.0
2019-03-16,468300.0,262267.0,49174856.287028,8496146.10726474,215854.5
2019-03-17,413098.0,227290.0,44046190.2939024,7297849.33901329,398036.5
2019-03-18,533680.0,291505.0,48571483.8172485,8269486.75644039,578932.0
2019-03-19,551374.0,304744.0,52493404.8708152,8830120.09324167,346966.5
2019-03-20,538723.0,304960.0,48571483.8172485,8742662.15328318,271275.0
2019-03-21,535702.0,300712.0,43141131.5892332,7388901.05848648,365031.5
2019-03-22,550986.0,298524.0,48571483.8172485,8113657.07200504,471307.5
2019-03-23,450872.0,251573.0,43744504.0590126,7382484.15111263,221373.5
2019-03-24,417726.0,226166.0,47490106.9905989,7499624.0874357,1619110.5
2019-03-25,530401.0,322191.0,46933020.833036,7512795.86116405,4003347.5
2019-03-26,522961.0,366415.0,42493410.7542353,6780907.83753621,12311344.5
2019-03-27,569697.0,383186.0,47250135.8386646,7721974.78508324,13235896.5
2019-03-28,578059.0,393698.0,46298790.8217788,7609348.21050804,16408045.5
2019-03-29,563925.0,369817.0,46615905.8274074,7807462.60003831,21256188.0
2019-03-30,513840.0,377783.0,44078985.7823784,7321449.75025686,17532713.5
2019-03-31,459478.0,381652.0,44078985.7823784,7280099.53845046,14274089.0
2019-04-01,528288.0,368904.0,43127640.7654926,7260086.68771618,31582290.5
2019-04-02,666741.0,401507.0,49787055.8836936,9796335.10708989,33671212.5
2019-04-03,626468.0,360250.0,45030330.7992643,9794906.73422098,42549042.5
2019-04-04,603757.0,354660.0,44396100.788007,9872137.44577406,37742757.0
2019-04-05,632546.0,387090.0,50104170.8893222,10526385.5093253,14460671.0
2019-04-06,478034.0,359569.0,44081037.5636847,9151289.67996446,7434930.5
2019-04-07,447559.0,350631.0,44809649.5150327,9465714.63768817,1985402.5
2019-04-08,579028.0,372417.0,47034242.0441478,10509444.218827,3972614.5
2019-04-09,572096.0,346071.0,41949459.1204562,9214713.9963386,8333875.5
2019-04-10,593178.0,396501.0,47034242.0441478,10332304.7364178,5227888.0
2019-04-11,620631.0,402802.0,49894432.4387244,10673185.0684278,3196457.5
2019-04-12,578099.0,376767.0,47987638.84234,10032844.6937624,1189552.5
2019-04-13,458376.0,367076.0,42902855.9186484,8912797.68267318,1673872.0
2019-04-14,430064.0,337030.0,38771469.7931489,8025830.56805046,4165783.0
2019-04-15,576183.0,381473.0,46080845.2459556,9812670.32039005,6110126.0
2019-04-16,560007.0,358517.0,46080845.2459556,9626718.55527819,6331183.0
2019-04-17,555678.0,350737.0,43856252.7168405,9679415.78377375,7551137.0
2019-04-18,563075.0,382981.0,47352040.9768785,10319254.1749627,3685519.0
2019-04-19,597098.0,362128.0,48305437.7750707,10531918.6568264,2522311.5
2019-04-20,456520.0,319840.0,41631660.1877254,9275897.46327422,17090802.5
2019-04-21,426630.0,390735.0,51199133.0238072,11248346.3029415,1265087.0
2019-04-22,498668.0,342014.0,42318655.5416624,9411111.8267204,9080130.5
2019-04-23,548492.0,311753.0,36634060.0211406,8538019.90240713,28763654.0
2019-04-24,645489.0,404279.0,51477170.5469476,12202481.9130956,10423143.5
2019-04-25,577184.0,384089.0,45160953.3019234,10225360.6553522,11057366.5
2019-04-26,593570.0,381209.0,47687440.1999331,10183521.9482851,7077232.0
2019-04-27,460846.0,359008.0,43266088.1284161,9112041.03117378,4201391.0
2019-04-28,445722.0,383291.0,51477170.5469476,10771720.9485933,330991.0
2019-04-29,573010.0,363207.0,51477170.5469476,11244134.7806778,4001219.0
2019-04-30,604307.0,346486.0,44213520.7151697,9672352.74232865,11578268.0
2019-05-01,565408.0,439549.0,54003657.4449573,11945018.6431959,2315321.0
2019-05-02,584864.0,452646.0,58109198.6542231,12941749.3453502,1974226.0
2019-05-03,615404.0,383032.0,48003251.0621843,11122649.2294458,6844013.5
2019-05-04,508298.0,355910.0,43006075.3622154,10035261.3673471,6783937.5
2019-05-05,460613.0,330732.0,42978500.6950398,9591032.60781153,3612197.0
2019-05-06,573048.0,378476.0,50308167.4802404,11100910.0764288,2661446.0
2019-05-07,578857.0,329943.0,42312167.3509307,10026818.2871987,16625793.0
2019-05-08,635596.0,393081.0,50641334.152295,11731703.7301483,11909386.5
2019-05-09,619054.0,361569.0,49975000.8081859,12149462.758915,3748327.0
2019-05-10,618182.0,322963.0,41645834.0068216,10770042.575463,24138164.0
2019-05-11,573741.0,344957.0,43311667.3670944,11877938.2790655,21309333.5
2019-05-12,551654.0,338571.0,52640334.1846224,15580744.7153727,6212691.0
2019-05-13,648734.0,390428.0,55638834.2331136,16443665.5226962,7363963.0
2019-05-14,669376.0,367370.0,50641334.152295,16211651.6224218,19654411.0
2019-05-15,675925.0,368901.0,49641834.1361313,16983774.4918891,32907291.5
2019-05-16,682196.0,375062.0,48642334.1199676,16642489.0435273,39774819.5
2019-05-17,676115.0,361654.0,50308167.4802404,15398528.2663666,43159093.0
2019-05-18,588499.0,359704.0,50986743.450853,14984659.8529589,10538696.5
2019-05-19,516859.0,346859.0,54326123.0260958,17128952.0847312,2023041.5
2019-05-20,617241.0,381582.0,53659544.8294566,17411194.2865449,10121023.5
2019-05-21,657474.0,380889.0,50993232.0428998,16828129.8548241,10701565.5
2019-05-22,646106.0,394887.0,55659279.4193742,18104557.6470407,5996103.5
2019-05-23,630228.0,389343.0,52659677.5344978,16469421.0512328,3743603.5
2019-05-24,644200.0,373882.0,50993232.0428998,16833084.3068115,7850914.5
2019-05-25,511153.0,338398.0,46660473.7647449,15115205.1345969,543360.0
2019-05-26,476819.0,374072.0,54992701.222735,17530637.7421003,1082891.5
2019-05-27,644814.0,399584.0,55659279.4193742,20943626.1747347,7564513.5
2019-05-28,685040.0,390427.0,54659412.1244154,20098452.3035233,4829829.0
2019-05-29,680323.0,405155.0,57992303.1076115,20660475.7496612,408230.5
2019-05-30,642352.0,376874.0,53664058.5059824,18924858.1213242,7686651.0
2019-05-31,598627.0,298997.0,43386260.5763838,13928405.3729962,30927788.0
2019-06-01,578368.0,332092.0,55994233.735333,17500366.3831521,8635888.5
2019-06-02,489569.0,301003.0,48577778.9359511,15462127.8066285,3060861.0
2019-06-03,550346.0,294009.0,44127906.056322,14378777.9286266,15872074.0
2019-06-04,687738.0,374763.0,57106701.9552403,17028462.3207378,6383681.0
2019-06-05,631420.0,372948.0,59331638.3950548,16774166.520507,1977070.0
2019-06-06,602273.0,364526.0,58219170.1751475,16576546.9153716,1779441.5
2019-06-07,619327.0,350011.0,58589992.9151166,16904713.8524406,785947.5
2019-06-08,471819.0,294369.0,45982019.7561675,12882272.7216123,1052912.5
2019-06-09,438208.0,300917.0,54510942.7754566,15040475.2089595,2021975.0
2019-06-10,607094.0,353629.0,58219170.1751475,16318423.0157517,2667163.0
2019-06-11,623398.0,340449.0,53027651.8155803,14984664.3562564,2437707.5
2019-06-12,601949.0,328464.0,48577778.9359511,14041153.3883298,8385695.0
2019-06-13,667841.0,364373.0,55994233.735333,16311181.085572,9617940.0
2019-06-14,731367.0,364383.0,62264123.1632496,18846894.0773128,12712319.0
2019-06-15,601012.0,330954.0,53775192.2320125,16609185.0992313,3483170.5
2019-06-16,520293.0,295254.0,47882020.4805591,15480924.6966563,8458911.5
2019-06-17,628484.0,321072.0,48986990.1839566,16680372.7946155,21986097.0
2019-06-18,696937.0,394843.0,60036687.2179318,19759220.101567,8916838.0
2019-06-19,664204.0,401032.0,65193212.5004535,21219685.8900861,304652.0
2019-06-20,635532.0,330103.0,53038545.7630809,17906834.4189632,14232970.5
2019-06-21,654639.0,337741.0,48986990.1839566,17538287.9154746,25605878.0
2019-06-22,643642.0,354075.0,51933576.0596833,20226178.7284416,26553182.0
2019-06-23,596158.0,380088.0,66666505.4383169,25447586.8029726,520259.0
2019-06-24,659329.0,388342.0,65193212.5004535,25683149.7809107,2986502.5
2019-06-25,682866.0,361385.0,53775192.2320125,22012700.0893407,18490416.0
2019-06-26,768792.0,399624.0,60773333.6868635,28602342.1291297,35981027.5
2019-06-27,694016.0,361050.0,55539973.1845089,23684931.4245074,46349716.0
2019-06-28,729817.0,407094.0,64293187.5738079,25937334.7871369,26677771.5
2019-06-29,573175.0,356682.0,68631991.643206,27405858.844721,401440.0
2019-06-30,497075.0,330731.0,59954383.5044098,23170049.1634577,680103.0
2019-07-01,624927.0,336862.0,56404452.902175,20510124.4180096,15464276.5
2019-07-02,671396.0,373409.0,62321003.9058997,21634656.1809865,6036312.0
2019-07-03,651074.0,397554.0,67843118.1760427,25660429.8291376,1590430.5
2019-07-04,603018.0,370704.0,65870934.5081345,25608368.4262575,1231000.5
2019-07-05,617685.0,378453.0,74548542.6469306,27132379.4818537,277305.0
2019-07-06,523872.0,348674.0,70209738.5775326,26335706.9788643,508206.5
2019-07-07,447034.0,313273.0,60348820.2379915,22174981.6766463,1087542.0
2019-07-08,622449.0,378966.0,70209738.5775326,27968213.8393009,1317626.0
2019-07-09,623107.0,365588.0,65740170.4585491,25335914.8683845,9613933.0
2019-07-10,616784.0,315664.0,58125055.9333793,21508972.6758214,20304455.5
2019-07-11,598394.0,325776.0,58125055.9333793,19960968.6079638,25433377.0
2019-07-12,637928.0,360899.0,73895419.9463116,24773188.3315347,4144813.0
2019-07-13,472491.0,304545.0,63532037.8806704,20609810.0301931,751488.0
2019-07-14,437636.0,303287.0,65334365.1964341,20182908.1297771,1480855.5
2019-07-15,585913.0,349111.0,65784947.025375,19638311.2811761,762370.0
2019-07-16,595749.0,363337.0,72994256.2884298,22149573.0409782,657234.0
2019-07-17,569185.0,324892.0,59927383.249143,16501101.4444106,30234097.0
2019-07-18,588257.0,315745.0,54520401.3018519,15933222.4948449,40520894.5
2019-07-19,566404.0,299891.0,53168655.8150291,16208139.7509873,39014904.0
2019-07-20,488968.0,323002.0,79752983.7225436,24399901.5665187,787227.5
2019-07-21,400500.0,283934.0,67136692.5121977,20103997.7422695,2487265.5
2019-07-22,533399.0,319399.0,71191928.9726661,21529384.3624169,3808238.5
2019-07-23,531460.0,320352.0,64212845.1846116,18769327.203324,464760.0
2019-07-24,490408.0,295589.0,62282811.3455415,17345757.0026475,9812696.5
2019-07-25,568629.0,336536.0,67211666.9196491,19605754.2098214,436401.5
2019-07-26,563023.0,319612.0,74380911.3910783,20745948.0011575,375651.0
2019-07-27,445312.0,283892.0,68107822.4785777,18834366.1429315,694605.5
2019-07-28,391947.0,272974.0,78413611.4062573,20994348.8070565,360906.5
2019-07-29,521007.0,333619.0,75277066.950007,20887751.4846716,948325.0
2019-07-30,548807.0,328375.0,63627044.6839344,17750997.0400789,314912.5
2019-07-31,573802.0,361337.0,76621300.2883999,21676009.1554116,265287.0
2019-08-01,558918.0,335943.0,63627044.6839344,18606541.3941747,2315593.5
2019-08-02,581154.0,349556.0,75725144.7294713,22617508.8714294,544785.0
2019-08-03,470981.0,327588.0,77517455.8473286,23901417.8952569,808447.5
2019-08-04,421536.0,298805.0,74828989.1705426,23105969.697715,181778.5
2019-08-05,583599.0,339136.0,70305379.0080994,22256372.3249701,6905988.0
2019-08-06,617620.0,368348.0,79916269.034042,24239820.6588186,1125200.5
2019-08-07,545941.0,370909.0,75945274.2994312,23489547.2769286,13839525.0
2019-08-08,568245.0,336181.0,70485156.5393414,22052437.2260143,647703.0
2019-08-09,562840.0,341125.0,72967028.2484731,22823177.0107999,345139.5
2019-08-10,453016.0,304138.0,74952525.6157785,22285954.3660375,460699.0
2019-08-11,414832.0,273280.0,75945274.2994312,22402406.2328598,689504.5
2019-08-12,459560.0,297446.0,66017787.4629043,19835024.1828409,21114661.5
2019-08-13,566410.0,370747.0,77930771.6667366,23339417.3415891,3220465.5
2019-08-14,554189.0,359997.0,75448899.9576049,20751478.0270537,632522.0
2019-08-15,538837.0,355644.0,77930771.6667366,20403806.3045699,181448.5
2019-08-16,533245.0,323625.0,72967028.2484731,20175209.2411482,401514.0
2019-08-17,441149.0,288256.0,63535915.7537725,16818757.380567,781332.0
2019-08-18,407213.0,276365.0,62740159.3489764,16497323.400871,1119322.5
2019-08-19,517545.0,330473.0,82514504.7903757,22512416.2143436,1224484.5
2019-08-20,558999.0,333304.0,77452265.232684,21381940.8221323,2023038.5
2019-08-21,599152.0,308808.0,68846457.984608,18133519.9255694,6280364.5
2019-08-22,609067.0,322453.0,71377577.7634539,18244786.7421254,389421.5
2019-08-23,564675.0,340220.0,77452265.232684,20303216.6174991,1187925.0
2019-08-24,452008.0,304481.0,80995832.9230682,20913191.154222,240976.0
2019-08-25,393555.0,288934.0,78464713.1442223,20023054.2210009,467802.0
2019-08-26,539168.0,318219.0,69352681.9403772,18051599.1536065,720769.0
2019-08-27,535379.0,325984.0,68340234.0288388,17790117.8193427,348474.5
2019-08-28,526015.0,341200.0,76439817.3211456,19285143.4357694,474198.5
2019-08-29,545362.0,346734.0,83526952.7019141,20199158.8493224,467439.0
2019-08-30,543570.0,349200.0,80995832.9230682,19625872.0325795,415821.5
2019-08-31,464447.0,342195.0,84033176.6576833,20380765.5464991,253699.5
2019-09-01,423910.0,285468.0,75959123.8204752,17386554.1806439,272054.0
2019-09-02,529944.0,327248.0,79786349.9315495,19567794.8424031,1139243.0
2019-09-03,595785.0,370631.0,87818532.8105646,22232234.965443,1481604.0
2019-09-04,544449.0,324741.0,72825124.7697365,18375693.837806,1455578.0
2019-09-05,550315.0,352410.0,88354011.6691656,22456931.6286019,2653944.0
2019-09-06,601748.0,365531.0,84605659.6589586,21464687.5948385,576297.0
2019-09-07,472297.0,314429.0,80321828.7901505,20094042.8606613,445160.5
2019-09-08,436798.0,288507.0,94779757.9723776,23644815.6797411,564011.0
2019-09-09,536567.0,316852.0,78179913.3557465,19160369.4909431,1458538.0
2019-09-10,564563.0,339858.0,97457152.2653826,23662199.3205437,993191.5
2019-09-11,556853.0,338276.0,98528109.9825847,23997270.4992307,163266.5
2019-09-12,564060.0,335868.0,84605659.6589586,20481339.8621805,299846.0
2019-09-13,546950.0,308856.0,81711974.361587,19643241.8545153,5341918.5
2019-09-14,491282.0,299894.0,91618125.6260619,20523303.2794348,228950.5
2019-09-15,422886.0,274146.0,86889448.1743942,19411747.0473599,1764134.5
2019-09-16,562077.0,347341.0,96346803.0777296,21460937.0914746,4639360.0
2019-09-17,567927.0,343778.0,87480532.8558527,19262723.365071,277088.0
2019-09-18,578686.0,363185.0,102848734.573773,22533478.5270288,778837.5
2019-09-19,552276.0,346110.0,87480532.8558527,19373703.7112655,751495.0
2019-09-20,557003.0,340929.0,89253786.9002281,19539823.5858986,562136.5
2019-09-21,493311.0,336013.0,98120057.122105,21079948.1168425,184831.5
2019-09-22,456990.0,318713.0,98120057.122105,21169975.568586,627579.0
2019-09-23,544681.0,288149.0,67383653.6862649,14647183.7982298,13895770.0
2019-09-24,596954.0,353263.0,92800294.9889788,19220354.7854656,2215602.0
2019-09-25,571599.0,347747.0,92209210.3075204,17222704.4025811,2098081.0
2019-09-26,554702.0,355775.0,102155715.0684,18142040.4350672,254018.0
2019-09-27,532292.0,303903.0,83726816.3184488,13731933.7325467,4553852.0
2019-09-28,474974.0,314433.0,100852756.01995,16399123.5708253,850233.0
2019-09-29,435119.0,285542.0,86263992.570523,14292283.4733979,196802.0
2019-09-30,540376.0,311396.0,82458228.1924117,13436667.5184307,3306909.0
2019-10-01,573854.0,337244.0,90704051.0116529,15347785.3282141,393559.0
2019-10-02,535484.0,326557.0,93875521.3267456,15983802.9460234,1181512.5
2019-10-03,525476.0,326514.0,93241227.2637271,15446657.0071901,329243.5
2019-10-04,545609.0,337222.0,93241227.2637271,15198779.2000248,1178966.0
2019-10-05,480438.0,326683.0,100218461.956931,16377861.1718337,1034778.5
2019-10-06,435006.0,277613.0,94509815.3897642,15379216.3300375,1224988.5
2019-10-07,538987.0,328803.0,98315579.7678755,15743886.0120569,262567.5
2019-10-08,534935.0,336354.0,102755638.209005,17060959.4496355,444932.0
2019-10-09,524494.0,311049.0,87532580.6965601,14626389.9733706,292373.5
2019-10-10,549668.0,345048.0,103681264.292523,17831123.6787614,443787.0
2019-10-11,547368.0,345425.0,100875176.08461,17060812.1042193,531737.0
2019-10-12,452069.0,301693.0,86002553.9695715,14021139.9221787,1124980.5
2019-10-13,417760.0,279487.0,91822275.6667605,15185999.1606783,3403525.0
2019-10-14,513254.0,304466.0,87295825.4578357,14628224.1898534,2014211.0
2019-10-15,533673.0,339698.0,98935268.8522138,16240085.9584146,890497.5
2019-10-16,545056.0,338473.0,92468911.4108927,14633533.2162171,321162.5
2019-10-17,528543.0,334105.0,96995361.6198175,15858419.0770184,320085.0
2019-10-18,518606.0,339390.0,103461719.061139,16329289.2152908,1160621.0
2019-10-19,486396.0,304736.0,91822275.6667605,14484979.8988221,693492.5
2019-10-20,437713.0,289796.0,94408818.643289,14984777.0324384,294121.5
2019-10-21,545843.0,351791.0,102815083.317007,16722180.4358311,482016.5
2019-10-22,541300.0,341464.0,109281440.758328,17496598.3543647,222950.5
2019-10-23,544470.0,349320.0,109144376.317496,17079475.3941129,3740557.5
2019-10-24,515253.0,303843.0,90520752.8588387,12594197.4342478,6799099.0
2019-10-25,570469.0,328598.0,93923788.6805996,13909079.2686761,4700766.0
2019-10-26,541095.0,305722.0,95285003.0093039,16769057.9170478,260209.5
2019-10-27,438755.0,256253.0,78269823.9004996,13879519.9511491,2194813.0
2019-10-28,540579.0,309611.0,91201360.0231908,16254462.7222859,1464647.0
2019-10-29,527526.0,307953.0,90520752.8588387,15907595.3936571,1831570.5
2019-10-30,536888.0,314163.0,91201360.0231908,15935289.7344978,380784.5
2019-10-31,504880.0,293779.0,89840145.6944865,15460313.802921,9044166.0
2019-11-01,563151.0,316187.0,88478931.3657822,15476389.7763189,1790907.5
2019-11-02,472031.0,284443.0,91201360.0231908,16052149.3645515,3896725.0
2019-11-03,465534.0,294367.0,93923788.6805996,16402669.8082591,202903.0
2019-11-04,549112.0,310979.0,89840145.6944865,15941423.7726535,3867379.5
2019-11-05,576664.0,332839.0,98007431.6667126,17451427.0960617,2846322.5
2019-11-06,559293.0,314698.0,89840145.6944865,15769410.013443,562260.0
2019-11-07,553447.0,324487.0,91737090.3690835,15970955.4356528,1198205.0
2019-11-08,541512.0,311441.0,80936306.1161364,14762408.0373763,7380017.0
2019-11-09,519291.0,306163.0,91053344.3806535,16111246.6162539,1035625.0
2019-11-10,435494.0,299712.0,104964271.994364,18896479.028929,1302000.0
2019-11-11,511673.0,326707.0,95479548.6213797,16881322.7128666,1551606.0
2019-11-12,501680.0,301382.0,85362510.3568626,14989182.4021882,11190727.0
2019-11-13,555616.0,318945.0,85362510.3568626,15067619.9304147,691992.0
2019-11-14,535548.0,350023.0,106861216.668961,18779474.737608,1253242.5
2019-11-15,575887.0,325145.0,99905752.8621059,17351278.970832,85984716.0
2019-11-16,495077.0,283468.0,93582603.9467827,15864379.2041146,46270862.0
2019-11-17,430853.0,264370.0,97376493.2959766,16582477.2990228,2639557.0
2019-11-18,510494.0,304671.0,88524084.8145242,14963381.5186087,14199973.0
2019-11-19,561226.0,327630.0,92950289.0552504,15599060.2593914,2350974.0
2019-11-20,525739.0,321086.0,89788714.5975888,14807093.0673851,518820.5
2019-11-21,584765.0,323954.0,87143254.9641945,13715760.945241,1797671.5
2019-11-22,607299.0,310539.0,85127203.6530772,12538677.9776505,585044.5
2019-11-23,514757.0,306424.0,111568229.030169,16178363.034655,649316.0
2019-11-24,436089.0,267368.0,84482300.5950993,11832812.5764915,278080.5
2019-11-25,495578.0,279470.0,80612882.2472322,11205569.8205629,19280353.0
2019-11-26,576620.0,321310.0,78678173.0732986,11167150.5679495,11653065.0
2019-11-27,566552.0,317597.0,89641525.0589222,12848987.4919461,1409950.5
2019-11-28,533010.0,309623.0,105119198.450391,15917751.9149121,1314208.0
2019-11-29,543960.0,311290.0,87706815.8849886,14142605.488628,6367657.5
2019-11-30,493866.0,277458.0,81257785.30521,12281980.5701858,1720677.0
2019-12-01,468193.0,274621.0,89641525.0589222,12925726.3722973,863635.0
2019-12-02,552276.0,314730.0,93510943.4067893,13446041.6564058,3684741.5
2019-12-03,565368.0,336512.0,101894683.160501,14637722.1146156,328328.0
2019-12-04,569753.0,337284.0,107698810.682302,15591131.4044838,160011.5
2019-12-05,535061.0,311468.0,93386357.4980277,13451289.4192284,1344455.5
2019-12-06,534431.0,315386.0,92816137.3771571,13603961.7470767,697322.0
2019-12-07,465570.0,285284.0,99217250.2997196,15286888.4929326,258822.0
2019-12-08,434939.0,278853.0,94736471.2539258,13969510.4009207,196078.5
2019-12-09,538820.0,313629.0,94736471.2539258,13970881.9664841,6011037.0
2019-12-10,548706.0,320064.0,94736471.2539258,13646564.1053916,699426.5
2019-12-11,521113.0,291248.0,84494690.5778258,12062018.8328855,1599860.5
2019-12-12,531404.0,311795.0,85134801.870082,12076200.2025003,433978.5
2019-12-13,547987.0,322888.0,97296916.4229509,14060284.4659923,314505.0
2019-12-14,475246.0,293496.0,96656805.1306946,13824044.9576452,763647.5
2019-12-15,434034.0,263441.0,79373800.2397757,11126047.8730105,4888217.5
2019-12-16,549300.0,327085.0,100497472.884232,14132643.7105247,1878695.5
2019-12-17,557300.0,319254.0,90255692.208132,12121833.9540971,8015728.0
2019-12-18,560284.0,314249.0,85774913.1623382,11695182.7772287,987390.5
2019-12-19,539310.0,319555.0,100622310.115052,14591652.0228841,1117492.5
2019-12-20,539310.0,332657.0,100413778.963629,14124384.4575268,2074347.5
2019-12-21,479841.0,311118.0,113287340.369223,15844785.3183124,884966.5
2019-12-22,432257.0,281070.0,108781593.877265,15337832.9734668,189136.0
2019-12-23,518639.0,304845.0,92045964.0499934,13758030.7646397,5210910.0
2019-12-24,493086.0,290436.0,80459758.7849593,11525831.9084891,256210.0
2019-12-25,401735.0,244666.0,82390792.9957983,11634910.2863679,848607.5
2019-12-26,476783.0,296063.0,107494237.736706,15752637.611085,423025.0
2019-12-27,539658.0,322204.0,93333320.1905527,13514433.1871364,189681.5
2019-12-28,490465.0,298287.0,95908032.4716714,13698700.7384132,931221.0
2019-12-29,449701.0,279925.0,99770100.8933494,14317659.0176258,458174.5
2019-12-30,544505.0,324497.0,106850559.666426,15446347.0361434,479555.5
2019-12-31,489182.0,293447.0,93333320.1905527,13152944.2201164,619750.0
2020-01-01,389706.0,251735.0,112718458.532564,15907075.7858818,160866.0
2020-01-02,475461.0,295567.0,96717718.3123778,12576131.2232563,794830.5
2020-01-03,523231.0,316517.0,115924073.721928,15705586.471209,230654.0
2020-01-04,465366.0,287215.0,115238132.457301,15650931.3942571,266549.5
2020-01-05,459065.0,287779.0,111808426.134167,15404396.6232259,339525.5
2020-01-06,522665.0,299146.0,92602070.7246171,13051403.0811154,1169555.0
2020-01-07,576831.0,344079.0,120725662.574316,17646229.3032322,728918.5
2020-01-08,558689.0,318019.0,97403659.5770046,14890476.7245234,5400595.5
2020-01-09,553318.0,322057.0,107692778.546407,15730239.7133437,1344853.5
2020-01-10,590633.0,330734.0,102205248.429392,15541380.5657432,1182050.0
2020-01-11,509544.0,309070.0,111808426.134167,16893865.3907386,289912.5
2020-01-12,450668.0,283136.0,103577130.958646,15625350.6674988,617550.5
2020-01-13,501600.0,291597.0,98089600.8416314,14633330.0813923,11528072.5
2020-01-14,616194.0,346953.0,99607271.2200415,15748081.3734265,2542286.0
2020-01-15,580574.0,332658.0,110915119.366187,16792710.0748656,2294006.0
2020-01-16,555072.0,325947.0,116791417.080951,17478168.636505,550765.0
2020-01-17,562153.0,323992.0,116791417.080951,17783148.0200682,737158.5
2020-01-18,491063.0,287237.0,96958912.29362,14834325.0760483,3882928.5
2020-01-19,477110.0,283960.0,110180582.151841,16961771.1248425,321368.0
2020-01-20,532773.0,313661.0,111649656.580532,16034934.2929324,479119.0
2020-01-21,544525.0,315210.0,112384193.794878,16708344.241405,6311564.5
2020-01-22,544484.0,328586.0,114587805.437915,17310387.5912493,853195.5
2020-01-23,535923.0,329918.0,116791417.080951,17169132.3178694,229854.0
2020-01-24,534403.0,313887.0,111649656.580532,16478219.0489395,8081969.0
2020-01-25,461312.0,285584.0,120464103.152679,17146239.26569,2777100.0
2020-01-26,429535.0,261247.0,105038821.651422,15373871.852787,467331.0
2020-01-27,504693.0,279240.0,94755300.6505832,14226813.8664812,11536920.5
2020-01-28,589168.0,340052.0,107321517.0167,16242549.0084109,1551641.0
2020-01-29,573372.0,340562.0,123011831.712795,18887556.2843298,1651041.5
2020-01-30,570253.0,332558.0,119936535.919975,18922276.3946485,368092.0
2020-01-31,572887.0,334434.0,110710648.541515,17040641.8640666,416020.5
2020-02-01,523782.0,303724.0,116092416.17895,17858163.3183205,10313285.0
2020-02-02,501222.0,290879.0,109941824.59331,16944231.593907,1077397.5
2020-02-03,573277.0,331012.0,113785944.334335,17467129.7546416,2214147.0
2020-02-04,555771.0,309190.0,101484761.163056,15415016.36326,7029874.0
2020-02-05,618126.0,368604.0,122243007.76459,19130672.8183499,857644.0
2020-02-06,552411.0,315370.0,103791233.007671,17105098.5956135,29546122.5
2020-02-07,599280.0,334938.0,106866528.80049,17296713.6149433,13933493.0
2020-02-08,529398.0,318363.0,106866528.80049,17511947.9489374,1859275.5
2020-02-09,508254.0,317070.0,117630064.07536,19747647.2563808,136144.5
2020-02-10,526825.0,298104.0,93796521.681006,15671545.1161284,18909532.5
2020-02-11,641161.0,365583.0,114190850.876276,19051941.2100874,1711066.5
2020-02-12,612313.0,344615.0,109742275.18922,18763378.4859796,7193752.5
2020-02-13,608036.0,340081.0,108969442.265353,18474198.4419548,1765277.0
2020-02-14,564227.0,326078.0,104332444.722146,17892676.3265022,13462180.0
2020-02-15,563001.0,322721.0,109742275.18922,18294966.9414571,1156981.5
2020-02-16,474183.0,292236.0,109742275.18922,17801511.08347,1796248.5
2020-02-17,584197.0,341491.0,121334769.047237,19823862.1987849,2088733.5
2020-02-18,569291.0,331050.0,115924938.580162,19007001.5279857,2871875.0
2020-02-19,580124.0,334805.0,108969442.265353,18406770.3412521,307550.5
2020-02-20,563175.0,316626.0,97376948.4073364,15368284.8740307,2923242.0
2020-02-21,574950.0,338484.0,119016270.275633,18886942.6943443,1376566.0
2020-02-22,525819.0,304597.0,114379272.732427,18051502.9659413,1063692.0
2020-02-23,465169.0,285579.0,109742275.18922,17684305.8236258,885234.0
2020-02-24,558687.0,328890.0,108969442.265353,17377835.2213733,738263.0
2020-02-25,566484.0,334593.0,111020255.745151,17822599.4317669,648291.5
2020-02-26,588558.0,329967.0,104700775.427287,15629013.6810431,1512580.5
2020-02-27,578398.0,338781.0,113169220.498612,16401715.3340557,2283452.5
2020-02-28,611266.0,368590.0,121637665.569937,17412081.0567263,1066365.5
2020-02-29,519628.0,307527.0,107010351.35583,15277906.3501235,4137980.5
2020-03-01,505885.0,309849.0,136264979.784043,19058740.702697,588549.5
2020-03-02,608032.0,342821.0,114708937.784307,16697791.7547892,3824929.0
2020-03-03,593725.0,342324.0,117788372.355698,17037037.2303219,16411304.0
2020-03-04,625096.0,358745.0,128566393.355566,18948989.9695022,2525983.0
2020-03-05,603996.0,349529.0,125486958.784175,18562608.9764852,832982.5
2020-03-06,601698.0,338383.0,119328089.641393,18084440.7557398,1296426.5
2020-03-07,526880.0,313312.0,120867806.927089,18200369.580492,1800053.5
2020-03-08,501571.0,302694.0,121637665.569937,17385259.2570763,498171.5
2020-03-09,606002.0,348211.0,119877105.097528,15003719.0413104,9008817.5
2020-03-10,601526.0,329698.0,108616241.391911,13309094.5286119,8110037.0
2020-03-11,528053.0,287492.0,97919187.3154346,11906436.352487,19758536.0
2020-03-12,653156.0,349978.0,124250397.349837,13544827.8769228,14296728.0
2020-03-13,653156.0,276798.0,102856289.196885,8634486.98165652,26170455.5
2020-03-14,517382.0,279828.0,105324840.13761,8986521.2261113,3142681.0
2020-03-15,413935.0,223230.0,97919187.3154346,8103100.66412195,4066596.5
2020-03-16,532450.0,270399.0,97919187.3154346,7889846.94060429,11876327.5
2020-03-17,540902.0,278326.0,101210588.569735,8477516.57450476,2486835.0
2020-03-18,476482.0,231254.0,82285031.3575081,6941254.71929466,13365011.5
2020-03-19,525607.0,265689.0,88044983.5525337,7981376.24196957,17357413.0
2020-03-20,564748.0,284594.0,89690684.1796838,9446456.6579134,15857963.0
2020-03-21,469859.0,245896.0,102033438.88331,9873966.12841585,482315.5
2020-03-22,409829.0,209154.0,104501989.824035,9996191.20726949,1650161.0
2020-03-23,509038.0,259816.0,92159235.1204091,8912695.38775182,3808516.5
2020-03-24,528586.0,278131.0,108616241.391911,11290318.1081887,633959.0
2020-03-25,456328.0,218176.0,75702228.8489074,8111093.56505244,14950038.0
2020-03-26,539881.0,292828.0,112492821.358516,13691118.2118555,11508146.5
2020-03-27,529197.0,276546.0,107197274.863781,13411241.2554212,672302.5
2020-03-28,469113.0,240627.0,93365368.4297446,10989618.9333618,877119.0
2020-03-29,428425.0,232820.0,104430893.576974,11822813.2911171,1100505.5
2020-03-30,535787.0,276828.0,101664512.290166,11637863.3799015,823730.5
2020-03-31,546702.0,290227.0,109963656.150588,13165642.8313156,601731.0
2020-04-01,544088.0,281855.0,105814084.220377,12386579.1867395,2491073.0
2020-04-02,569905.0,299176.0,105814084.220377,13018917.4093132,4415705.5
2020-04-03,548300.0,278763.0,91290582.4646392,11436511.5514712,15038507.0
2020-04-04,479599.0,253274.0,108580465.507185,13560678.0014824,937578.5
2020-04-05,452282.0,240259.0,121029181.297817,14957634.8766792,344487.5
2020-04-06,557192.0,280470.0,88524201.1778319,11485342.6768563,20076063.0
2020-04-07,598670.0,312770.0,116188014.045904,15735459.9608062,280909.5
2020-04-08,554336.0,286563.0,103061194.836332,13302461.4215237,439364.0
2020-04-09,544185.0,286706.0,112650577.826398,14241012.6272215,682637.5
2020-04-10,550585.0,288585.0,119234053.153915,14368680.593185,286390.5
2020-04-11,474445.0,247852.0,116308064.119463,13917060.6896329,251748.0
2020-04-12,437242.0,228529.0,111919080.567785,13349664.7131069,1586020.0
2020-04-13,549230.0,288113.0,125086031.222819,14683700.7327373,408627.0
2020-04-14,583665.0,299391.0,122891539.44698,14587959.1353395,1554240.0
2020-04-15,612959.0,310253.0,123623036.705593,14558871.7374524,438537.0
2020-04-16,635870.0,322903.0,112650577.826398,13495677.8347836,4716625.5
2020-04-17,579437.0,284222.0,92900151.843848,11584618.6908067,15705899.0
2020-04-18,562996.0,289134.0,115576566.86085,14261973.7785588,976233.0
2020-04-19,485888.0,251984.0,111187583.309172,13731416.2140145,994550.0
2020-04-20,619559.0,310810.0,117771058.636689,14513595.7291591,219994.5
2020-04-21,610555.0,310851.0,115730561.554044,13280755.4956055,565482.5
2020-04-22,574265.0,278755.0,103923467.233466,11597010.0622321,38224236.0
2020-04-23,666919.0,329045.0,112649865.245436,13203833.9171429,30601036.5
2020-04-24,641059.0,320055.0,114236483.065795,14000287.8021753,22288085.5
2020-04-25,554934.0,280805.0,107890011.784362,13029925.9247904,9811180.5
2020-04-26,499998.0,252833.0,108683320.694541,13360910.3301689,3065035.5
2020-04-27,629817.0,311217.0,111856556.335257,13997087.9010893,6456303.5
2020-04-28,644967.0,323475.0,122169572.167586,15084394.0350117,5160085.0
2020-04-29,679872.0,331401.0,115029791.975974,15737371.4387275,21313551.5
2020-04-30,687395.0,321972.0,107096702.874182,16397343.7651328,64511256.0
2020-05-01,680654.0,340574.0,111856556.335257,17578400.0138616,52197963.5
2020-05-02,578296.0,286773.0,117409718.706511,17019209.5407702,22089334.0
2020-05-03,553075.0,281752.0,133275896.910094,19630255.3423323,457382.0
2020-05-04,651350.0,326098.0,125342807.808302,17898623.6303281,8055548.5
2020-05-05,652289.0,329075.0,126294576.814336,18282730.7640675,6885048.5
2020-05-06,671519.0,333395.0,123288445.655594,20611754.9554308,13855886.0
2020-05-07,696092.0,341986.0,117684425.398522,18246780.7005844,25147834.5
2020-05-08,670883.0,323625.0,109678682.174133,18271845.620501,53220963.5
2020-05-09,631542.0,312399.0,108878107.851694,17375844.0015605,43862835.0
2020-05-10,571802.0,286789.0,136097634.814617,19252835.575272,16802112.5
2020-05-11,645065.0,305839.0,125690168.622911,17168436.3390022,23799823.5
2020-05-12,686850.0,345215.0,116883851.076083,8950520.33366681,21029407.5
2020-05-13,619855.0,296796.0,95268344.370232,7822621.0542868,37357351.0
2020-05-14,593862.0,268750.0,91265472.7580373,8245134.85128987,68653684.0
2020-05-15,644507.0,310642.0,100071790.304866,8969982.47707204,68042997.5
2020-05-16,589910.0,296555.0,100872364.627304,8429266.32745205,54006608.5
2020-05-17,495954.0,236808.0,81658580.8887703,7112392.24211133,69081491.0
2020-05-18,602631.0,273723.0,102473513.272182,9800851.10620265,74488155.5
2020-05-19,581379.0,274897.0,92066047.0804763,8879553.7575469,80909109.5
2020-05-20,604523.0,280037.0,86971887.3185643,8810740.96343472,80494789.5
2020-05-21,624412.0,298483.0,98579623.7035512,9450405.20057815,77939688.0
2020-05-22,624412.0,278784.0,83529299.4740014,7770388.92415917,92643318.0
2020-05-23,558174.0,269230.0,89549429.1658213,7843058.63019165,80455558.0
2020-05-24,458476.0,214530.0,87291880.5313888,7286826.33878152,68811137.5
2020-05-25,551378.0,265875.0,94064526.4346863,7689659.79284451,60928979.5
2020-05-26,605213.0,295782.0,93312010.2232088,7687822.76814688,54535667.5
2020-05-27,603823.0,292927.0,103847237.183894,9241012.00693874,40862641.5
2020-05-28,617362.0,299910.0,98579623.7035512,8457127.38821037,32992200.5
2020-05-29,591013.0,280960.0,95569558.8576412,8526743.18954307,29809213.5
2020-05-30,556912.0,286046.0,117392528.990488,9913195.96576446,2156738.5
2020-05-31,495162.0,258427.0,112877431.721623,9542417.4585863,536319.0
2020-06-01,623944.0,308312.0,100837172.337984,8910754.39107795,3232085.5
2020-06-02,638403.0,304114.0,97074591.2805962,8941264.80720643,20226340.0
2020-06-03,646746.0,314000.0,104599753.395371,9081230.36860107,19086469.5
2020-06-04,628388.0,318285.0,108668660.65278,9764314.20040038,1662869.0
2020-06-05,643217.0,327082.0,122192367.725211,11573082.6899895,531384.5
2020-06-06,548424.0,284873.0,133797229.464477,12477168.3999888,307430.5
2020-06-07,487527.0,252368.0,108539589.208428,9821022.7645001,697210.5
2020-06-08,625333.0,317275.0,110587505.985945,10379765.6243221,8152229.5
2020-06-09,644690.0,327074.0,109222228.134267,10182263.0439178,1297059.0
2020-06-10,645485.0,325163.0,111952783.837623,10401186.386667,16129770.5
2020-06-11,673800.0,332490.0,126288201.280246,11473619.1499784,1420475.5
2020-06-12,635165.0,318274.0,111270144.911784,9866334.58133083,11156428.5
2020-06-13,541115.0,280181.0,107856950.282588,9622452.78417518,393481.5
2020-06-14,502951.0,275723.0,116048617.392658,10380781.5378385,425137.5
2020-06-15,606713.0,294468.0,94204171.7658051,8280410.59960841,17462240.0
2020-06-16,683561.0,340517.0,106374812.691088,9617963.21008684,10029328.0
2020-06-17,669086.0,333547.0,108283617.573483,8709273.10823802,4076033.0
2020-06-18,582343.0,283897.0,97298323.0370428,7714420.95468918,19554144.5
2020-06-19,674050.0,344142.0,111422273.155323,8736099.47769752,4772244.5
2020-06-20,553650.0,284123.0,107498953.678023,8238014.00234774,228218.0
2020-06-21,475037.0,259440.0,114560928.737163,9006615.2058985,2261333.5
2020-06-22,603576.0,301396.0,112206937.050783,8923565.20117743,30923473.0
2020-06-23,704215.0,355256.0,123976895.482684,9964641.89522986,21136570.0
2020-06-24,625283.0,312321.0,109068281.468943,8594577.4593605,17964453.0
2020-06-25,631260.0,312183.0,110637609.259863,8504016.54820617,16064621.5
2020-06-26,646111.0,330381.0,128684878.855444,9950436.65769901,400218.0
2020-06-27,546558.0,275489.0,108283617.573483,8059992.05896448,784846.5
2020-06-28,500152.0,264909.0,117699584.319003,8666896.61256926,899825.0
2020-06-29,625207.0,315424.0,113776264.841703,8562734.80271627,10674317.0
2020-06-30,621031.0,299733.0,115344676.145677,8801310.46204946,23485035.0
2020-07-01,758469.0,382570.0,127111309.039231,10124055.9362646,4643746.5
2020-07-02,674745.0,339469.0,128680584.459468,9907317.70423729,1101579.0
2020-07-03,661454.0,331009.0,127895946.749349,9873738.20676215,3407013.5
2020-07-04,561108.0,288647.0,123188120.488637,9203934.10591,960950.0
2020-07-05,509206.0,274104.0,127895946.749349,9453537.18129459,413052.5
2020-07-06,678157.0,338767.0,120834207.358281,9573702.5263014,4049565.5
2020-07-07,706177.0,345975.0,126326671.329112,9827305.84595956,9434846.5
2020-07-08,702636.0,347455.0,118480294.227925,9269106.00709557,15610271.0
2020-07-09,708162.0,362718.0,128680584.459468,10324012.452296,5632126.0
2020-07-10,681724.0,345996.0,126326671.329112,9821730.66445103,4156647.5
2020-07-11,601249.0,306771.0,122403482.778518,9308390.99757443,187857.5
2020-07-12,525851.0,282364.0,119264931.938044,9012154.57131376,1886565.0
2020-07-13,638906.0,310227.0,121086665.700822,8910800.3628078,26392426.5
2020-07-14,734433.0,359847.0,124167138.542574,9003009.80517444,19827455.5
2020-07-15,671171.0,316064.0,118993507.769967,8552242.70922882,30943442.5
2020-07-16,709099.0,345849.0,117268964.179098,8476261.34494985,33069870.5
2020-07-17,629600.0,293907.0,101748071.861276,7439212.40619956,49211469.0
2020-07-18,632584.0,311022.0,112095333.40649,8257260.54422192,40631540.0
2020-07-19,550119.0,277093.0,112957605.201925,8030628.81677879,39697504.5
2020-07-20,644972.0,309747.0,121580323.15627,8809861.14917053,42742562.0
2020-07-21,660884.0,312871.0,107783974.429318,8215338.73446885,61782577.0
2020-07-22,748958.0,364792.0,124167138.542574,9764974.36846801,65647408.5
2020-07-23,696765.0,336245.0,117268964.179098,9402091.57921377,75721451.5
2020-07-24,740460.0,369432.0,138825759.064961,10810915.0426475,62075404.0
2020-07-25,619497.0,293883.0,122442594.951705,9515131.31193061,51147208.0
2020-07-26,608050.0,298580.0,136238943.678657,10587041.6037513,29371192.0
2020-07-27,690892.0,326769.0,128205972.903398,11099308.3016979,52933241.5
2020-07-28,745966.0,354742.0,121437040.395232,12037341.111269,59293809.5
2020-07-29,717842.0,346521.0,123949530.886168,12189404.7472878,56964500.5
2020-07-30,689993.0,327789.0,113062072.092113,11301864.6984554,71323599.0
2020-07-31,733209.0,356906.0,128137015.037728,12639960.4220093,67187850.0
2020-08-01,644333.0,296705.0,114737065.752737,11439834.2341845,64666289.0
2020-08-02,616214.0,287869.0,118087053.073985,11205874.8463142,47251483.5
2020-08-03,708227.0,333753.0,135674486.510536,12873862.5784736,34366062.0
2020-08-04,708169.0,329032.0,121437040.395232,11438679.0832375,33609859.0
2020-08-05,655315.0,291814.0,108037091.110241,10806917.3916886,50115475.0
2020-08-06,762479.0,356612.0,130649505.528664,13771270.4382111,44835869.0
2020-08-07,707225.0,326499.0,127299518.207416,12898632.9438048,45529300.0
2020-08-08,625679.0,283631.0,118924549.904297,11292366.647165,28090634.5
2020-08-09,564507.0,268402.0,130649505.528664,12105371.3641104,1113660.5
2020-08-10,683507.0,308367.0,114901504.532898,11774383.1865932,15287600.0
2020-08-11,744212.0,349952.0,129741892.842126,12966824.4492047,12378101.0
2020-08-12,733894.0,346405.0,132269332.313077,12684820.6087768,6457511.0
2020-08-13,690043.0,325346.0,123844534.076575,11879252.2971003,13740300.5
2020-08-14,755913.0,365679.0,140694130.549579,13709961.9922364,9764408.0
2020-08-15,664922.0,313760.0,131426852.489427,12537672.5372401,5652328.5
2020-08-16,571198.0,285069.0,128056933.194826,12130221.317492,2522057.0
2020-08-17,652100.0,292944.0,105309977.956271,10390360.2175087,33031714.5
2020-08-18,739835.0,346036.0,117947175.311024,12747409.9454137,34623021.5
2020-08-19,710405.0,333879.0,116262215.6637237,11920459.626279147,28302118.0
2020-08-20,705709.0,333683.0,123002054.25292505,12309250.391919043,24587042.5
2020-08-21,675988.0,314297.0,130584372.66577661,12988330.809193192,30691875.5
2020-08-22,649053.0,311699.0,114577256.01642336,11060458.286919411,19822971.0
2020-08-23,569381.0,288728.0,132269332.31307696,12250514.724347962,3507940.0
2020-08-24,674821.0,329133.0,128441437.17505692,11845489.149642441,27155212.0
2020-08-25,678008.0,304409.0,111720008.69546376,10414543.565818902,40637498.5
2020-08-26,696908.0,324184.0,123939384.6465301,11345447.778234858,40855001.0
2020-08-27,702891.0,328157.0,112592821.26339707,10690122.01226198,45521449.0
2020-08-28,720277.0,352722.0,142268448.57312962,13003916.081702596,34170323.0
2020-08-29,617518.0,292783.0,127430634.91826336,11257775.012961268,19467862.5
2020-08-30,555079.0,269114.0,110847196.12753047,9959939.36462156,10385809.0
2020-08-31,662241.0,302920.0,130921885.1899966,12191565.474340877,23503715.0
2020-09-01,795329.0,376508.0,134413135.46172985,12943722.052071035,21407782.5
2020-09-02,714425.0,317449.0,125685009.78239675,12071209.204979686,29698975.5
2020-09-03,691592.0,310922.0,112592821.26339707,10387319.325323954,49417461.0
2020-09-04,680093.0,298286.0,117829696.67099695,10521917.64225536,63919066.5
2020-09-05,685736.0,325523.0,123066572.0785968,10426131.583986409,42063620.0
2020-09-06,557370.0,262820.0,130921885.1899966,10418304.66587639,11694472.0
2020-09-07,672721.0,327662.0,151762133.7678071,12203310.681068864,1718647.0
2020-09-08,693543.0,332668.0,133652505.32879263,10676168.86571476,3914835.0
2020-09-09,681429.0,314864.0,128478859.9612265,10385265.13427389,16868280.0
2020-09-10,745318.0,345981.0,136239328.01257572,11342158.755076,10655322.0
2020-09-11,677215.0,308323.0,118993843.45402186,9984827.136857176,13983796.0
2020-09-12,604531.0,300152.0,146586618.74770805,11755971.409291402,397903.5
2020-09-13,540351.0,255110.0,139688424.9242865,11038733.637861196,5051106.0
2020-09-14,726085.0,354020.0,151760264.11527425,12485219.771708764,2239050.5
2020-09-15,718787.0,332957.0,134514779.55672038,11329376.27027292,12872971.0
2020-09-16,747111.0,342609.0,133652505.32879263,11397006.21477204,8947235.5
2020-09-17,740029.0,348581.0,153484812.57112962,12881875.598747488,1733051.0
2020-09-18,687638.0,325157.0,142275247.6080696,12027086.744657055,12548125.5
2020-09-19,624125.0,296357.0,128478859.9612265,10777756.114914745,531004.5
2020-09-20,535691.0,259095.0,135165071.8298032,10041684.798421945,974145.0
2020-09-21,644695.0,297605.0,139219832.7594406,10351909.518035322,24832802.0
2020-09-22,678668.0,312989.0,123857644.31701957,9208013.41541779,38996754.5
2020-09-23,733591.0,349938.0,136339422.42648664,10252434.95536237,28567139.5
2020-09-24,684217.0,316552.0,131538738.5382301,9928235.838903904,36630741.5
2020-09-25,741029.0,353070.0,162263115.42307216,12502201.347978113,20750504.5
2020-09-26,591249.0,276162.0,144020516.64769718,10759364.728825692,263404.5
2020-09-27,538619.0,259382.0,145940790.2029998,10713359.143363992,661289.5
2020-09-28,629197.0,295476.0,123857644.31701957,9531618.970526235,23477286.0
2020-09-29,735651.0,347696.0,135379285.64883536,10337349.261857346,21984779.5
2020-09-30,748143.0,351417.0,149781337.3136051,11484361.336782591,19404579.0
2020-10-01,679937.0,304757.0,119056960.428763,9416443.242984341,41080912.5
2020-10-02,689077.0,315443.0,130578601.76057878,10232863.851096012,51334947.0
2020-10-03,642826.0,310855.0,144980653.4253485,10855303.17414383,22479982.0
2020-10-04,562147.0,268019.0,151592064.050859,11055916.218426451,455691.0
2020-10-05,635097.0,294986.0,134303836.4311328,10710768.428353487,22087067.0
2020-10-06,692891.0,317922.0,124710705.25748046,10054284.607074086,28052518.0
2020-10-07,762636.0,370554.0,144856280.7221504,11193916.28524024,18827163.5
2020-10-08,698982.0,330227.0,155408725.01316798,12084850.912867788,14358846.0
2020-10-09,714645.0,339343.0,136222462.66586328,10965183.362031737,19527443.5
2020-10-10,631182.0,298486.0,137181775.78322852,11127194.8560519,4767391.0
2020-10-11,541483.0,256096.0,134303836.4311328,10659930.880493835,466027.0
2020-10-12,658073.0,314174.0,142937654.4874199,11515021.100733979,24432543.5
2020-10-13,732250.0,333215.0,159245977.48262888,12872175.626639746,5461897.5
2020-10-14,680468.0,314541.0,142937654.4874199,11605343.496273927,9345705.0
2020-10-15,743078.0,340993.0,144856280.7221504,11814116.192273524,3945932.0
2020-10-16,712317.0,324647.0,148693533.1916113,11742282.088889891,6674682.0
2020-10-17,586741.0,275069.0,152419671.45957646,11674223.51603316,360851.5
2020-10-18,512486.0,231557.0,119288755.69898501,8982105.736832837,7273897.5
2020-10-19,679146.0,303929.0,124259120.51977606,9776921.35454538,19093365.5
2020-10-20,713764.0,330563.0,143146506.838782,11710523.407490088,22785723.0
2020-10-21,687152.0,311292.0,129229485.3405671,11562043.137415789,41859016.0
2020-10-22,753892.0,339087.0,136187996.08967456,13585268.793336762,40322905.0
2020-10-23,712518.0,323869.0,130223558.30472532,12640081.09752187,46632444.5
2020-10-24,657714.0,306774.0,151099090.55204767,13768787.568247974,25562553.5
2020-10-25,547380.0,242273.0,116306536.80651039,10397996.375269836,22005516.0
2020-10-26,579939.0,252494.0,109348026.05740291,10435984.482452529,38664262.5
2020-10-27,600338.0,251938.0,98413223.45166263,10871089.34394712,64208162.0
2020-10-28,615001.0,261340.0,99407296.41582084,11446509.259696554,67302654.5
2020-10-29,652778.0,276070.0,107359880.12908651,12458484.387886178,68726888.0
2020-10-30,635998.0,268364.0,110342099.02156112,12828892.041338578,71559121.0
2020-10-31,613906.0,275796.0,112330244.94987755,13341986.845960088,56972522.0
2020-11-01,592197.0,276280.0,124259120.51977606,13377441.175498055,53844550.5
2020-11-02,543348.0,224609.0,94436931.5950298,10902576.25650482,76617935.5
2020-11-03,727413.0,331673.0,124332259.04844461,15826226.373946056,68975124.5
2020-11-04,707247.0,320697.0,132689483.0919183,16641138.126188194,62203159.5
2020-11-05,729209.0,318668.0,122675182.48120748,20893224.438920554,75732549.5
2020-11-06,756129.0,340351.0,127682332.78656289,18889243.164551694,71507517.0
2020-11-07,608746.0,270901.0,121840657.43031493,16132958.559332216,57997799.0
2020-11-08,555482.0,243047.0,115164457.02317438,15148276.024686076,37482107.0
2020-11-09,713629.0,326383.0,154387134.41512507,20216887.388651714,4695307.0
2020-11-10,684892.0,303270.0,122675182.48120748,16459647.090100147,7501806.0
2020-11-11,713744.0,322277.0,122675182.48120748,16020485.034676496,1285844.5
2020-11-12,721180.0,324855.0,133524008.14281088,17804675.564513773,1680082.5
2020-11-13,685725.0,300040.0,115998982.07406694,16032046.443972783,11448845.0
2020-11-14,613373.0,273511.0,118502557.22674464,15597257.884330552,3894642.5
2020-11-15,555375.0,252715.0,125178757.63388519,15662707.440931926,11577294.0
2020-11-16,681273.0,311477.0,135534841.86269382,17711414.833960325,16256216.0
2020-11-17,770689.0,347772.0,137334450.8705656,18324639.99735234,11746111.5
2020-11-18,807705.0,362007.0,147831351.5740483,21194109.321156435,12761347.0
2020-11-19,717377.0,311061.0,119839616.36476107,16988027.064900875,21133830.0
2020-11-20,772326.0,348026.0,146956609.8487581,20641618.88821196,8034829.5
2020-11-21,663959.0,311189.0,147831351.5740483,20655875.924064286,1132263.5
2020-11-22,587237.0,271125.0,152205060.20049945,20906345.739519313,5343110.5
2020-11-23,671932.0,297840.0,128587033.61766332,18011288.3905691,19985942.5
2020-11-24,756417.0,333293.0,118964874.63947083,17683648.930801246,40659245.0
2020-11-25,812699.0,361990.0,135584967.41998515,20363512.95999495,34321031.5
2020-11-26,736612.0,323975.0,131211258.79353401,18340061.78604947,42651324.0
2020-11-27,719237.0,322445.0,134710225.69469494,17988301.561259545,34005055.0
2020-11-28,644206.0,293949.0,134710225.69469494,17630656.51384634,10909754.5
2020-11-29,589008.0,263573.0,135399801.26976258,18023228.15797287,6131058.5
2020-11-30,623554.0,256551.0,107610727.917311,14684437.13730185,46994572.5
2020-12-01,841581.0,378068.0,144750713.6586838,21143567.33429405,44335833.0
2020-12-02,756978.0,327019.0,124752259.79794464,18291019.906802543,45964723.0
2020-12-03,777633.0,346921.0,149512250.29219317,21762338.78996689,40448714.0
2020-12-04,729984.0,318894.0,137132255.0450689,19296507.660683624,49802249.5
2020-12-05,642981.0,282599.0,137132255.0450689,18632287.72198453,24558160.5
2020-12-06,582059.0,258624.0,129513796.43145394,17217876.55490936,8228262.5
2020-12-07,673269.0,300906.0,142846099.00528008,19343628.017927807,16621546.0
2020-12-08,737193.0,330970.0,137132255.0450689,18941288.637713753,11233057.0
2020-12-09,748572.0,321079.0,132370718.41155955,17187411.942549206,18622710.5
2020-12-10,713602.0,313649.0,123799952.47124276,16448918.976491643,24533695.5
2020-12-11,711679.0,304735.0,131418411.08485769,16978667.126258247,25933310.0
2020-12-12,654893.0,295410.0,125704567.1246465,16396977.017211141,14130114.5
2020-12-13,611911.0,276160.0,148463110.1109586,19661607.518971115,1689804.0
2020-12-14,696656.0,314350.0,134574371.39496115,18516458.628991954,14289534.0
2020-12-15,722550.0,320440.0,129933875.82961763,18584575.835623957,17665971.5
2020-12-16,751162.0,315217.0,132718173.16882376,19816346.525156554,46158399.0
2020-12-17,754492.0,309481.0,119724785.58586197,22338873.247198086,69643381.5
2020-12-18,851929.0,375549.0,145711560.75178552,27241477.875482038,50872551.0
2020-12-19,756109.0,343536.0,146639659.8648542,25884376.309846204,35064420.5
2020-12-20,638816.0,282043.0,140142966.07337332,24027162.60963906,27342916.5
2020-12-21,649848.0,269834.0,126221479.37734285,23298120.991149504,47381244.5
2020-12-22,738842.0,324163.0,132718173.16882376,23995220.12075107,50075768.5
2020-12-23,782736.0,338463.0,142927263.41257942,26038110.232698534,61835188.5
2020-12-24,639280.0,269559.0,116940488.24665588,20751169.501283977,71596518.0
2020-12-25,662980.0,303901.0,133646272.28189245,23792132.986943312,48542909.5
2020-12-26,627843.0,273954.0,127149578.49041158,23722327.94400382,39535725.0
2020-12-27,696527.0,309005.0,137358668.73416725,27533619.89224247,57319356.0
2020-12-28,717073.0,308983.0,147938033.9968089,29968235.311181773,51098543.0
2020-12-29,775919.0,336311.0,140537799.38571388,28221057.092363108,53510773.0
2020-12-30,807268.0,338258.0,159029615.0943604,33896444.42080255,57962181.5
2020-12-31,809871.0,344918.0,153482070.38176647,33284139.091827303,47502678.5
2021-01-01,609741.0,258080.0,137764027.0294169,29068047.02881674,24325856.5
2021-01-02,711719.0,297111.0,139613208.60028157,31908499.940662753,24394226.0
2021-01-03,812749.0,359116.0,146085344.09830785,35922359.22404933,14130568.0
2021-01-04,851667.0,373734.0,159954205.87979275,39752808.81415808,24429466.0
2021-01-05,845343.0,354091.0,145160753.31287554,35314776.48318403,35303869.0
2021-01-06,924851.0,397384.0,163652569.02152207,43004565.11013959,33816607.0
2021-01-07,940647.0,401744.0,155331251.95263115,45226287.01495596,50715659.5
2021-01-08,883788.0,358526.0,136839436.24398455,42358095.25666046,81716111.5
2021-01-09,760179.0,321389.0,133808024.52210465,40693122.11401789,85643602.5
2021-01-10,768365.0,331865.0,162879650.9247733,43171347.77742759,83945789.5
2021-01-11,801285.0,333958.0,157757649.32336533,37697672.105572425,81559054.0
2021-01-12,796457.0,336627.0,151611247.4016758,38534703.86316562,89023589.5
2021-01-13,772596.0,319167.0,155708848.68280214,37493720.35220138,88867570.5
2021-01-14,802110.0,338809.0,150586847.08139417,42518141.3229426,86195212.0
2021-01-15,808283.0,344002.0,158782049.6436469,41733817.69406035,79847066.0
2021-01-16,733398.0,308461.0,150586847.08139417,38126679.70239878,89656965.5
2021-01-17,642730.0,271874.0,136245242.59745187,31937013.5207863,78962334.0
2021-01-18,720228.0,313816.0,148538046.440831,36250411.753908925,82440920.0
2021-01-19,757920.0,325083.0,152635647.72195736,38439879.37535342,84284034.0
2021-01-20,755823.0,314809.0,144440445.1597046,34297105.93950238,89809107.5
2021-01-21,736588.0,290754.0,132147641.31632549,30287474.72314571,81437314.5
2021-01-22,783335.0,326935.0,145464845.4799862,31865792.143227555,102280887.5
2021-01-23,710703.0,305209.0,159781151.23197326,33751644.506897256,80299289.5
2021-01-24,608849.0,253971.0,143884925.38771522,30284997.15879116,60254128.0
2021-01-25,732867.0,309102.0,144920068.73582825,33137293.923932903,80059954.0
2021-01-26,768537.0,336935.0,166658079.0462025,35209827.729441255,66350992.5
2021-01-27,787548.0,323553.0,146990355.43205437,30148573.701184303,68848706.0
2021-01-28,767142.0,325146.0,150095785.47639358,32031715.884661224,76164700.0
2021-01-29,888960.0,341036.0,157341788.913185,39455373.63302356,79111170.0
2021-01-30,756022.0,312313.0,140779495.34337604,33651946.62402073,71868096.5
2021-01-31,702062.0,290753.0,149060642.12828052,33412205.26586177,84619076.0
2021-02-01,724841.0,280863.0,124217201.7735671,30096215.73409861,85003849.5
2021-02-02,865515.0,364551.0,157341788.913185,38671645.45825114,83082881.0
2021-02-03,836448.0,344425.0,155271502.21695888,39131400.439372316,79560312.0
2021-02-04,895626.0,367788.0,165622935.69808948,43879560.217283756,68614492.5
2021-02-05,856297.0,360541.0,174939225.83110696,45671119.753917314,78565710.5
2021-02-06,795079.0,333886.0,169021265.50315762,45346981.332109064,69237339.0
2021-02-07,718596.0,286364.0,166219498.0035569,41085629.48255814,74980401.5
2021-02-08,822971.0,335223.0,172612555.6190783,48670642.79997875,81522360.5
2021-02-09,903883.0,360137.0,152367873.16992718,51636507.497528024,73997320.0
2021-02-10,861426.0,340758.0,152367873.16992718,49429153.26156691,81147442.5
2021-02-11,796146.0,304739.0,137450738.7337105,47377470.06192563,78227616.0
2021-02-12,857246.0,343306.0,151302363.56734022,53308083.0824142,82633813.0
2021-02-13,788028.0,336624.0,167285007.6061438,53952453.191675015,80766626.0
2021-02-14,698818.0,298254.0,158760930.78544855,50339561.18150959,87181193.0
2021-02-15,769869.0,308496.0,160891949.9906224,51761591.27857075,85318462.5
2021-02-16,745457.0,296388.0,128926661.9130153,42832906.95827337,78237648.0
2021-02-17,829226.0,317666.0,147040325.15699264,51285528.64317585,78881835.5
2021-02-18,820203.0,316952.0,145974815.55440575,53678746.908786446,73058910.5
2021-02-19,884319.0,341586.0,163181402.20420986,59244126.437538244,75751664.5
2021-02-20,830094.0,320475.0,157667240.0893604,59691256.6875985,81338334.5
2021-02-21,680893.0,271645.0,152267677.07260144,57635434.78941177,76147310.0
2021-02-22,761941.0,285383.0,143628376.2457872,52905473.90020501,76719455.5
2021-02-23,796658.0,287884.0,137148900.6256765,48487887.64094238,68671062.0
2021-02-24,874171.0,358092.0,171706103.93293357,59746178.57906681,70252003.5
2021-02-25,830544.0,326116.0,168466366.12287825,57792548.4154015,82137307.0
2021-02-26,817077.0,306416.0,150107851.8658979,47395143.797322005,80557888.0
2021-02-27,775777.0,320784.0,169546278.72623003,51148405.64582984,85100743.0
2021-02-28,629972.0,254316.0,141468551.03908366,40396048.67600178,82290737.0
2021-03-01,748049.0,280485.0,140388638.43573186,44513744.099418715,75096269.0
2021-03-02,810035.0,338150.0,154427502.27930507,50567917.70753806,84124544.0
2021-03-03,840642.0,333402.0,164146715.7094711,55147754.83271214,84542324.5
2021-03-04,752764.0,289631.0,138228813.22902828,45722350.32302363,79923047.0
2021-03-05,806404.0,317780.0,160906977.89941573,49815984.01444393,79153168.5
2021-03-06,677322.0,287963.0,162254330.9888254,49711918.89213497,88744808.5
2021-03-07,654593.0,260739.0,155665151.9066483,49451162.50304934,91555896.5
2021-03-08,723503.0,291955.0,165260948.9419896,53803631.21964566,88260398.5
2021-03-09,782612.0,299682.0,149267953.88308737,52888356.46482327,91209086.5
2021-03-10,833186.0,344688.0,158863750.91842875,57652864.476403445,86307321.0
2021-03-11,766597.0,291245.0,140738356.51833954,52736912.574518405,74410118.0
2021-03-12,818834.0,320744.0,159929950.58902222,60000114.24336446,78045506.0
2021-03-13,739312.0,277072.0,152466552.89486787,59410978.32581383,73074876.0
2021-03-14,736008.0,308050.0,167393348.28317663,64756375.034695014,72359116.0
2021-03-15,782966.0,292231.0,157797551.24783528,59673362.68696073,73283250.5
2021-03-16,822884.0,319493.0,158863750.91842875,57657199.41954258,82763347.0
2021-03-17,808119.0,296119.0,145003155.2007135,54456146.879519716,77292478.5
2021-03-18,885634.0,331718.0,162062349.9302092,64386085.97207126,79708867.5
2021-03-19,833389.0,316180.0,158357615.36380938,61617467.94631133,79070544.5
2021-03-20,742019.0,286948.0,167389189.0439892,61522483.4952451,75527910.5
2021-03-21,612850.0,234936.0,169563074.61598912,60066262.67738397,74716197.5
2021-03-22,781908.0,297410.0,164128360.68598944,58540676.97897906,84857271.5
2021-03-23,810265.0,314234.0,174997788.54598877,60904323.71943131,91442796.5
2021-03-24,780464.0,305093.0,165215303.47198936,56905120.7290735,87371122.0
2021-03-25,847860.0,318562.0,167389189.0439892,55913485.57796882,112289537.0
2021-03-26,790548.0,293610.0,147824218.8959905,49554041.05561001,94882140.0
2021-03-27,722993.0,288259.0,172823902.97398886,59212965.29536148,99440016.0
2021-03-28,629197.0,248605.0,172823902.97398886,58772016.35476238,82989598.5
2021-03-29,776764.0,303305.0,164128360.68598944,59732041.28817989,75589915.0
2021-03-30,826466.0,321090.0,158693646.7559898,58978791.97986809,85752286.0
2021-03-31,900660.0,332749.0,170650017.401989,63698731.011946015,81821670.5
2021-04-01,814587.0,311939.0,157606703.96998987,58722692.65813852,84307348.0
2021-04-02,795716.0,305788.0,160517766.38346806,57243512.862984665,80395495.5
2021-04-03,704293.0,281717.0,150672055.73110902,54056516.12378918,77792079.5
2021-04-04,618857.0,246007.0,167924581.1965032,56501558.977773495,84744165.5
2021-04-05,763702.0,289046.0,179426264.84009933,62213130.42119343,88230664.0
2021-04-06,841579.0,309565.0,165624244.467784,58865753.6739137,87076869.5
2021-04-07,860993.0,321319.0,180576433.20445892,61699929.39559078,83326573.5
2021-04-08,761635.0,278534.0,154122560.82418784,53025106.53857864,85457159.5
2021-04-09,853581.0,324720.0,174825591.38266087,62936805.508286126,78544171.5
2021-04-10,762965.0,299086.0,180576433.20445892,64092742.42249997,78506326.5
2021-04-11,653736.0,253449.0,166774412.8321436,58799840.659562446,81492529.0
2021-04-12,762819.0,291369.0,165624244.467784,59662203.17826638,81941743.5
2021-04-13,839652.0,310213.0,163323907.73906472,61441759.0375718,77595988.0
2021-04-14,854552.0,297494.0,155272729.1885475,63141327.402798735,75303755.5
2021-04-15,952400.0,359440.0,198514005.70963436,80172244.97007681,83892070.5
2021-04-16,733666.0,219704.0,120743465.5644424,48356808.52401327,73018440.5
2021-04-17,611196.0,194580.0,106676265.69285686,45028087.58663974,71169351.0
2021-04-18,754058.0,274735.0,145361065.33971703,57721965.5233542,74765357.0
2021-04-19,674744.0,208413.0,113709865.62864962,47180246.47068432,69759340.5
2021-04-20,829989.0,279977.0,150050131.96357888,62004693.81146113,70752144.5
2021-04-21,719498.0,226021.0,118398932.25251147,49225543.81325493,73134731.0
2021-04-22,757844.0,274610.0,167634131.8030608,64293952.906998485,74940371.5
2021-04-23,794322.0,295731.0,158255998.5553371,55567384.88797259,70366738.5
2021-04-24,695216.0,290690.0,169978665.11499172,53877732.96517578,67378795.0
2021-04-25,585806.0,241041.0,165289598.49112985,49453312.869487576,88347286.5
2021-04-26,677984.0,240687.0,133638398.78006244,47389587.56067316,73948398.5
2021-04-27,748381.0,298109.0,166461865.14709532,57182089.25851064,86549662.5
2021-04-28,728620.0,277126.0,166461865.14709532,56029341.15713478,90565031.5
2021-04-29,703520.0,259465.0,143016532.0277861,48848197.60179543,82470047.5
2021-04-30,738101.0,289389.0,169978665.11499172,59389761.303177826,82515380.0
2021-05-01,677778.0,262991.0,158954589.9843886,56995422.307202466,91515547.5
2021-05-02,587240.0,235214.0,189527186.50027975,70637245.5046327,78452527.0
2021-05-03,746177.0,287007.0,181331416.27324066,71252796.33298717,67192446.0
2021-05-04,772207.0,300824.0,185429301.3867602,68034176.30412355,67694248.0
2021-05-05,808208.0,309774.0,160841990.70564282,61161963.09240894,70812031.0
2021-05-06,843433.0,311380.0,174160117.3245814,66659326.27502956,54723668.5
2021-05-07,804452.0,307988.0,176209059.88134116,71663298.61460015,50010220.5
2021-05-08,744143.0,274691.0,175184588.60296133,67678884.92096624,76004722.0
2021-05-09,690253.0,247866.0,190551657.77865964,71465404.01503558,46870544.5
2021-05-10,824736.0,303297.0,184404830.1083803,71072062.4963203,42892539.0
2021-05-11,854634.0,312115.0,176209059.88134116,64607298.400094174,21912764.5
2021-05-12,852846.0,300452.0,176209059.88134116,64585949.4848341,39267441.5
2021-05-13,806882.0,276472.0,185896531.25400168,53650242.51126909,31265925.5
2021-05-14,752353.0,266055.0,166839065.28467855,45652932.824427664,46412295.0
2021-05-15,646899.0,232099.0,153143321.1195184,41386831.59001042,42460529.0
2021-05-16,604353.0,219435.0,164348929.98192218,41709082.876608536,27193249.0
2021-05-17,684281.0,250910.0,150653185.81676203,36875391.36590077,52656421.5
2021-05-18,619246.0,221018.0,124506765.13781983,30628667.240716435,68359865.5
2021-05-19,734818.0,263419.0,155633456.42227483,36558890.15030742,80456707.0
2021-05-20,694786.0,228039.0,139447576.95435822,33135536.43756745,80685257.0
2021-05-21,695822.0,226351.0,136957441.6516018,31984319.396481585,75571850.0
2021-05-22,603588.0,223800.0,144427847.55987102,31076144.881794974,81879681.0
2021-05-23,555526.0,194320.0,148163050.51400563,28944158.98421438,74624845.0
2021-05-24,643231.0,234755.0,156878524.07365298,32668797.23653627,65598860.0
2021-05-25,640506.0,233644.0,153143321.1195184,32577927.94728843,85302998.0
2021-05-26,641585.0,230753.0,151898253.46814018,32976616.14112848,81292384.0
2021-05-27,602300.0,214035.0,145672915.21124923,30872457.374978814,78534108.5
2021-05-28,616432.0,218311.0,148163050.51400563,29892496.4361271,74313534.5
2021-05-29,537305.0,198332.0,144427847.55987102,27237217.139367037,47930335.0
2021-05-30,476088.0,179795.0,151858199.84334671,33235125.091146626,21154307.0
2021-05-31,599311.0,226469.0,147526659.02062267,33914623.681255355,28200700.0
2021-06-01,615006.0,234561.0,148572947.38247102,34238305.81555942,22205450.5
2021-06-02,663855.0,250589.0,173683868.0668324,41033277.7360982,5029957.5
2021-06-03,692529.0,255621.0,153804389.191713,37237145.28549553,6236492.0
2021-06-04,632737.0,236672.0,137063775.4021388,32433139.613245476,406321.0
2021-06-05,537842.0,194580.0,137063775.4021388,31004148.542508267,206822.0
2021-06-06,467665.0,185305.0,156943254.27725816,34551597.29480198,4981740.5
2021-06-07,615279.0,235479.0,139156352.12583557,32065211.206185155,17896172.5
2021-06-08,656191.0,246906.0,155896965.91540977,31680869.696719125,4108691.5
2021-06-09,581779.0,210911.0,131832333.59289683,29082024.72863661,23874343.0
2021-06-10,679752.0,252983.0,123462026.69810976,28990968.607225362,22686578.5
2021-06-11,616007.0,216502.0,109860277.9940807,25753794.507168025,46186261.5
2021-06-12,584529.0,222774.0,138110063.76398718,31189778.559382275,3386770.5
2021-06-13,480484.0,187098.0,136724465.12868512,31382108.55365283,5772073.0
2021-06-14,624698.0,242416.0,133766696.2189013,36421303.120417744,8955497.5
2021-06-15,677276.0,241861.0,129803238.5531561,34465050.9411636,8799180.5
2021-06-16,651528.0,252937.0,121876323.22166562,31780141.800057426,345528.5
2021-06-17,601894.0,237725.0,128812374.13671976,32585835.143843785,1308233.0
2021-06-18,567037.0,222918.0,122867187.63810194,29858234.31511843,1961415.5
2021-06-19,489074.0,187042.0,102059034.89293952,23856840.00185822,38869916.5
2021-06-20,441204.0,167249.0,104040763.72581212,23743052.0992393,14311967.5
2021-06-21,549345.0,205050.0,104040763.72581212,23126700.279965036,19467362.0
2021-06-22,550948.0,196523.0,90168661.89570382,19804046.130290017,33427446.5
2021-06-23,598493.0,232704.0,100077306.0600669,23621428.331087295,29029426.5
2021-06-24,594998.0,233278.0,104040763.72581212,23766132.38608606,22894610.5
2021-06-25,564091.0,218245.0,108995085.80799364,24364896.164727684,15826134.0
2021-06-26,490112.0,181628.0,88186933.06283121,18459502.48536148,9225644.5
2021-06-27,379066.0,124640.0,58461000.569742054,13064509.932234002,29699360.0
2021-06-28,580308.0,217898.0,86205204.22995861,20581265.559633788,34922434.0
2021-06-29,566351.0,205616.0,89177797.47926754,21860395.240822982,45024669.5
2021-06-30,567655.0,218734.0,88186933.06283121,21597056.01010785,58107068.0
2021-07-01,609509.0,230253.0,94132119.56144907,22482193.59954811,59558147.5
2021-07-02,532456.0,188568.0,89177797.47926754,20787750.55088921,61306379.0
2021-07-03,583136.0,237463.0,98706076.21227616,29286315.156302497,26871565.5
2021-07-04,467442.0,171850.0,82108836.0775171,26850966.694825143,12938065.5
2021-07-05,547735.0,223760.0,94246664.01941094,29781454.423735674,616970.0
2021-07-06,579824.0,228279.0,101386562.80876024,31922406.81313202,257850.5
2021-07-07,568382.0,221227.0,87820755.10899657,27871474.456535358,3604746.0
2021-07-08,580441.0,230719.0,99244593.17195547,29946768.12842675,889460.5
2021-07-09,569423.0,227511.0,93532674.14047602,28042394.08723746,149127.5
2021-07-10,485683.0,187263.0,114952370.50852396,34562838.34397255,1511600.5
2021-07-11,436977.0,166144.0,89248734.86686642,27450462.488367923,336264.0
2021-07-12,560833.0,220269.0,89962724.74580133,27887294.46842595,172434.0
2021-07-13,542415.0,229916.0,97102623.53515066,28926080.150108404,234125.5
2021-07-14,564753.0,236217.0,121378279.41893831,35713899.102159716,135324.5
2021-07-15,572802.0,226234.0,91390704.50367121,26360965.372066207,1234247.5
2021-07-16,552751.0,223466.0,107098481.84023969,30312671.303400345,279000.0
2021-07-17,458821.0,182047.0,101997588.09440474,28583415.04251025,367676.0
2021-07-18,422214.0,161122.0,97872242.08868839,28985344.268370077,2771216.5
2021-07-19,552678.0,226803.0,115543619.13247934,33665753.26013767,279104.5
2021-07-20,571829.0,230509.0,82919538.43624988,23622405.807595752,13489347.5
2021-07-21,571507.0,235680.0,98551910.4365265,28599770.53082254,751154.0
2021-07-22,571344.0,230282.0,103989257.2192314,32359585.956606735,189993.5
2021-07-23,581850.0,231130.0,91755226.95814537,27972459.84596659,1825829.0
2021-07-24,497255.0,198091.0,104668925.56706952,33022007.456692234,207020.0
2021-07-25,440908.0,174535.0,103989257.2192314,33196893.294046123,212634.5
2021-07-26,644448.0,261950.0,101950252.17571706,36493145.8849538,7286934.0
2021-07-27,600692.0,255221.0,115543619.13247934,40625844.53592668,1012394.5
2021-07-28,605433.0,251223.0,106707930.61058386,39723886.333062276,728676.5
2021-07-29,620900.0,262612.0,108746935.65409821,40901817.89725001,383359.0
2021-07-30,629903.0,255417.0,112824945.7411269,42087445.1906185,307764.0
2021-07-31,532121.0,207348.0,112465862.12588961,41621939.121906385,166634.5
2021-08-01,474430.0,185157.0,110975800.79118258,40874038.11368588,548387.0
2021-08-02,583866.0,239277.0,103048957.87752669,35937889.12802676,1611843.5
2021-08-03,593856.0,246198.0,121785132.03707698,41637592.37890438,371061.5
2021-08-04,587149.0,239596.0,98004603.29610927,33520445.171270356,176202.0
2021-08-05,614597.0,246175.0,115299533.28954034,39935192.170622125,959988.5
2021-08-06,636514.0,260810.0,114578911.20648071,41573126.86150505,223912.5
2021-08-07,529222.0,212229.0,120343887.87095772,45850268.790412456,190453.0
2021-08-08,482998.0,191623.0,113858289.12342106,44179354.81712923,144567.5
2021-08-09,611235.0,252660.0,109534556.62506332,43228448.21630561,2871476.5
2021-08-10,626461.0,260968.0,118902643.70483847,48233368.67053298,916469.5
2021-08-11,631031.0,262437.0,105931446.20976518,42939210.622138664,2173886.0
2021-08-12,605994.0,250961.0,108813934.5420037,42929376.7834287,182009.5
2021-08-13,639596.0,260624.0,108175319.62792763,42018438.48174473,232765.0
2021-08-14,520081.0,209074.0,126820808.5468918,48765927.53500252,500574.5
2021-08-15,474649.0,186239.0,140740165.58252627,53211493.46389551,265778.0
2021-08-16,628859.0,263529.0,124500915.70761941,47962042.2573277,12197941.0
2021-08-17,618951.0,257766.0,133007189.45161822,51238797.93256642,407495.5
2021-08-18,604474.0,247333.0,104395177.76725851,38733931.86284885,5712180.5
2021-08-19,613135.0,253447.0,119087832.41598378,44064382.99067613,363036.0
2021-08-20,676861.0,271837.0,123727618.0945286,48449546.18566341,6102829.0
2021-08-21,555440.0,219407.0,131460594.22543663,52705962.505506665,589777.5
2021-08-22,474281.0,190631.0,126820808.5468918,50723143.42981716,702800.0
2021-08-23,648964.0,270736.0,152339629.77888831,62783444.839141734,533201.0
2021-08-24,637990.0,263984.0,119087832.41598378,48446097.43704099,748621.5
2021-08-25,636566.0,263009.0,130687447.2547367,48840322.24348587,480751.0
2021-08-26,625141.0,258590.0,127844614.11993943,44344740.93695561,359756.0
2021-08-27,619412.0,256813.0,127844614.11993943,44045251.69675718,253780.0
2021-08-28,538074.0,218268.0,123466373.91035247,43653820.949328326,782333.0
2021-08-29,474721.0,191650.0,136601094.53911337,48550300.09798564,664349.5
2021-08-30,591561.0,250955.0,118212485.65884812,41207632.496016696,4519561.0
2021-08-31,656399.0,271163.0,126093318.03610466,43189750.75463795,6387231.5
2021-09-01,682571.0,280865.0,119963781.7426829,41665458.82355731,6835567.0
2021-09-02,714181.0,289900.0,130471558.24569161,47307177.29767034,3458151.0
2021-09-03,686568.0,283991.0,129595910.20377423,47116728.859512806,1169240.0
2021-09-04,574763.0,227732.0,135725446.49719596,49149539.307197995,494328.5
2021-09-05,506792.0,205066.0,143606278.8744525,52134864.51670021,175888.0
2021-09-06,627019.0,268877.0,150611463.20979166,57266555.76617543,193107.0
2021-09-07,662890.0,276624.0,133974150.41336119,50271634.77666399,2820988.0
2021-09-08,653910.0,270483.0,129910433.67934506,41770433.46465715,1244603.0
2021-09-09,691292.0,274384.0,125412870.36132078,40368816.125831656,1737608.5
2021-09-10,640477.0,261371.0,124497447.94992428,39761194.02916377,13688544.0
2021-09-11,552535.0,218445.0,135482516.8866823,42455401.022459485,352424.0
2021-09-12,495873.0,192691.0,134567094.4752858,42869858.34315411,419450.0
2021-09-13,609049.0,255970.0,145552163.4120438,45344744.03230823,227862.0
2021-09-14,646621.0,268127.0,153790965.11461234,49469863.80813275,192421.5
2021-09-15,654103.0,268957.0,129989982.41830327,43026873.39652887,14379690.0
2021-09-16,673139.0,271223.0,124497447.94992428,41447857.65982055,9832095.0
2021-09-17,652602.0,271040.0,134567094.4752858,45000740.70677981,389399.0
2021-09-18,561878.0,227661.0,141890473.7664578,47817679.60133659,411754.0
2021-09-19,501580.0,200516.0,146467585.8234403,48131991.96049828,1114777.5
2021-09-20,645684.0,270233.0,150129275.4690263,46493150.405059814,287891.0
2021-09-21,596757.0,244568.0,113928907.44351819,33328734.036510628,8591423.5
2021-09-22,645903.0,275235.0,126546633.84005067,36087715.34087247,955613.0
2021-09-23,642773.0,268689.0,155822347.6388684,46022168.07568965,2104201.0
2021-09-24,679045.0,277565.0,139767923.94274256,40572791.526409164,240183.0
2021-09-25,536442.0,212575.0,135990412.4848306,38679199.26482163,392065.0
2021-09-26,494512.0,195560.0,131268523.16244063,38084247.824875385,172934.5
2021-09-27,613346.0,255873.0,146378568.99408844,43218816.609998696,566807.5
2021-09-28,620834.0,262292.0,143545435.4006545,40399023.488103874,4088431.5
2021-09-29,589252.0,241991.0,122769122.38213871,34503900.23399902,22767933.5
2021-09-30,706763.0,293074.0,161488614.82573634,46789306.0477054,200350.5
2021-10-01,697433.0,277042.0,132212901.02691859,40884975.737541296,16352715.5
2021-10-02,631501.0,259961.0,177543038.52186212,56739068.277852364,1214016.0
2021-10-03,553275.0,218112.0,141656679.6716985,45436120.54418755,1010553.0
2021-10-04,650133.0,268955.0,147411968.39584854,47639372.834770404,590740.0
2021-10-05,729159.0,312538.0,162177735.83152118,52076953.33832859,545646.0
2021-10-06,657752.0,267749.0,129544410.9385932,43942894.697324865,27309374.0
2021-10-07,784172.0,325875.0,139433297.2697835,49405388.008102894,13468480.5
2021-10-08,689788.0,280028.0,118666635.97428384,41966394.782137804,15363560.5
2021-10-09,620238.0,246189.0,148333294.9678548,52134455.4356277,3041660.0
2021-10-10,536877.0,211506.0,157233292.66592607,55625852.15177321,194851.0
2021-10-11,676676.0,280184.0,144377740.43537864,52898159.498963125,6570951.5
2021-10-12,673664.0,274155.0,132511076.83795026,48626582.2756845,9122314.0
2021-10-13,677323.0,288916.0,167122178.99711636,60196305.44825861,187734.5
2021-10-14,690594.0,282383.0,135477742.7373074,51775839.05997654,3994306.0
2021-10-15,744869.0,297746.0,139433297.2697835,54670343.84247817,12681228.0
2021-10-16,674026.0,270052.0,131522188.20483124,51917022.70940908,1090938.5
2021-10-17,559522.0,215883.0,158222181.29904512,61555796.558050446,357339.5
2021-10-18,693822.0,285368.0,146534419.32302314,58173901.823325954,5796819.5
2021-10-19,743673.0,312018.0,154737198.72913387,61804734.85684274,566785.0
2021-10-20,713105.0,291813.0,148747371.68155453,61742492.207179874,23644830.5
2021-10-21,765389.0,320743.0,147749067.17362463,60807152.14749298,2258717.0
2021-10-22,693316.0,287550.0,157732112.25292358,63205405.89871215,169083.5
2021-10-23,597144.0,223941.0,144754153.64983496,56004608.352318116,377352.5
2021-10-24,554996.0,211220.0,152740589.71327412,58596760.65179703,472543.5
2021-10-25,704167.0,284680.0,181691420.4432411,74417752.58679873,1956201.5
2021-10-26,715943.0,294029.0,149745676.18948442,59364122.89428637,3359715.5
2021-10-27,715873.0,292114.0,156733807.7449937,59080371.713124186,683555.0
2021-10-28,749957.0,295558.0,152740589.71327412,58309865.54726451,1790658.0
2021-10-29,758210.0,305733.0,170710070.85601225,68395070.2356678,902429.5
2021-10-30,666759.0,252061.0,154737198.72913387,60386548.96774499,682592.5
2021-10-31,574308.0,217435.0,140175299.14944655,53663037.31103792,2299656.0
2021-11-01,732119.0,293282.0,159350397.00608382,57638512.187306106,12413695.5
2021-11-02,736296.0,297402.0,170117315.72271112,62861190.1269139,791007.5
2021-11-03,724143.0,288746.0,173347391.33769932,64240988.99089417,3002952.0
2021-11-04,729141.0,289141.0,153966937.6477702,56277841.55081707,672345.5
2021-11-05,721315.0,285946.0,166887240.1077229,60649721.91761671,318823.5
2021-11-06,623103.0,236233.0,165810548.2360602,59379244.680895254,1185443.0
2021-11-07,591980.0,226128.0,164733856.36439747,60030049.95190955,215090.0
2021-11-08,707131.0,285806.0,145353402.67446837,57270493.48673426,28703755.0
2021-11-09,796734.0,335411.0,163657164.49273473,65840419.26028567,13536279.0
2021-11-10,743397.0,301025.0,160427088.87774655,63548112.515628144,9306174.0
2021-11-11,724206.0,293665.0,170117315.72271112,65183349.254919946,997365.5
2021-11-12,697196.0,282049.0,152890245.77610743,57924016.809395894,903584.0
2021-11-13,628022.0,238634.0,164733856.36439747,62698179.56412874,1435449.0
2021-11-14,582647.0,224016.0,175094161.92837763,65428799.071050175,149790.5
2021-11-15,708944.0,288435.0,170197841.36837798,63153343.37694485,2290579.0
2021-11-16,740829.0,301103.0,169070703.34607086,58617039.19308355,1683857.5
2021-11-17,708703.0,290390.0,167943565.3237637,56531418.51943135,1370234.5
2021-11-18,725020.0,293867.0,162307875.21222803,53828907.24201124,1181344.0
2021-11-19,713194.0,284719.0,154417909.05607805,49667132.61160643,2571978.5
2021-11-20,634393.0,249652.0,163435013.23453516,53936028.205529585,239502.0
2021-11-21,586185.0,222949.0,148782218.94454235,50108593.37844211,863859.0
2021-11-22,676350.0,279165.0,158926461.1453066,51325923.632378705,1593670.0
2021-11-23,700954.0,283401.0,148782218.94454235,48326099.813289404,5713479.0
2021-11-24,737069.0,298909.0,176960669.50222084,57141084.06903095,3862460.5
2021-11-25,741152.0,287496.0,146527942.89992806,48130860.01937926,6493611.0
2021-11-26,742035.0,292645.0,148782218.94454235,46589569.53114692,2565324.0
2021-11-27,619406.0,240759.0,161180737.1899209,49251516.20260195,576888.5
2021-11-28,560812.0,213768.0,155225116.619112,47788162.453428775,238245.0
2021-11-29,727580.0,301297.0,158774565.17985132,52131631.55640632,628016.0
2021-11-30,737531.0,293876.0,148781760.37832215,48794504.356670626,12618925.5
2021-12-01,727357.0,288422.0,152112695.31216523,50326073.90682207,35107402.0
2021-12-02,781370.0,313261.0,172098304.91522342,56025370.80177908,8212819.5
2021-12-03,738749.0,290139.0,186532356.29520994,60163624.383973464,1191287.5
2021-12-04,697287.0,253674.0,172098304.91522342,48318140.19851063,5003915.5
2021-12-05,588178.0,215213.0,184311733.00598127,52043857.44207013,696624.5
2021-12-06,701524.0,284467.0,190973602.87366727,53085916.57636109,1412430.5
2021-12-07,725368.0,288343.0,170987993.2706091,49684990.70866684,424583.5
2021-12-08,660440.0,266110.0,186532356.29520994,53150535.42389043,39788228.5
2021-12-09,707394.0,282775.0,180980798.07213816,50546267.60547939,409519.0
2021-12-10,716381.0,271375.0,173208616.55983782,47537565.141738296,266332.5
2021-12-11,599422.0,225733.0,176161777.07292455,46068658.14190287,558888.5
2021-12-12,567489.0,214808.0,168385593.54016247,43658657.58972005,505739.5
2021-12-13,690479.0,278211.0,169588347.7797351,43671664.546457544,532691.5
2021-12-14,684529.0,278275.0,178007627.4567432,44651133.47405578,1784057.0
2021-12-15,707659.0,281103.0,169588347.7797351,43208574.52487161,1318137.0
2021-12-16,664445.0,256206.0,138316737.55084777,35647706.322254986,7910629.0
2021-12-17,660755.0,263495.0,179210381.69631582,45001267.21451994,21256839.0
2021-12-18,616818.0,239170.0,153952542.66529143,37344542.956068635,811768.0
2021-12-19,557914.0,206719.0,179210381.69631582,44556197.850929074,100813.0
2021-12-20,678671.0,266947.0,173196610.49845287,42533811.43613241,3096697.0
2021-12-21,747663.0,304713.0,193643432.5711869,48349569.819188565,339652.0
2021-12-22,719298.0,288495.0,178007627.4567432,45795454.37454408,288053.0
2021-12-23,744101.0,291799.0,182818644.41503358,47340546.687688515,1281625.0
2021-12-24,678663.0,260565.0,181615890.175461,49180777.12235141,32560975.5
2021-12-25,580922.0,207803.0,177149566.7855162,47109105.267881535,140755.0
2021-12-26,574433.0,198574.0,161682278.52670813,42660691.90296564,1077688.0
2021-12-27,674082.0,249548.0,178574456.88024485,47659524.9782583,17777523.5
2021-12-28,729388.0,265422.0,161682278.52670813,43360200.30927323,20347703.5
2021-12-29,741024.0,276083.0,174954704.37591556,43919738.49894784,10411261.0
2021-12-30,679386.0,245021.0,143583516.00506175,35335901.07549222,22933762.0
2021-12-31,703405.0,269540.0,179781041.0483546,44744369.164881885,221418.5
2022-01-01,512154.0,186834.0,207532476.9148791,50149010.75444461,479472.5
2022-01-02,534857.0,196865.0,190640298.56134245,48206934.99043735,685319.0
2022-01-03,630932.0,234793.0,168921783.5353667,41960366.0938647,6844963.0
2022-01-04,680570.0,274544.0,177367872.71213505,43285514.636499785,3312164.5
2022-01-05,698013.0,272155.0,180987625.21646434,43723000.844989486,3316500.0
2022-01-06,690161.0,264899.0,176161288.5440253,40297229.196211085,1114221.5
2022-01-07,667941.0,255381.0,168921783.5353667,38347303.45149112,452646.0
2022-01-08,591014.0,223920.0,174242949.24269608,37777816.26905982,527749.0
2022-01-09,568134.0,210143.0,170826076.6426718,37068053.16263282,246034.5
2022-01-10,672264.0,266743.0,172037609.10113046,37634287.25433144,2759885.5
2022-01-11,694475.0,277698.0,191422128.4364691,41815945.08734196,318961.5
2022-01-12,679922.0,271933.0,168403011.72575447,37614100.691172846,876827.0
2022-01-13,695923.0,274515.0,216864310.0641011,49600693.77700761,177365.0
2022-01-14,688859.0,270882.0,192633660.89492777,42691914.993998244,180531.5
2022-01-15,619262.0,234373.0,201114388.10413846,45035758.865415215,246660.5
2022-01-16,569876.0,216151.0,212018180.23026645,47466219.95913501,355626.5
2022-01-17,638947.0,258141.0,195056725.81184512,43763608.21850503,981303.5
2022-01-18,654446.0,265057.0,164768414.35037845,36125898.01400663,1370099.0
2022-01-19,663454.0,270334.0,209595115.3133491,46790137.070109926,1621245.5
2022-01-20,683613.0,271265.0,204748985.47951442,46535284.65994317,3607340.5
2022-01-21,721363.0,272348.0,175442615.30802113,32978968.483064435,7673798.0
2022-01-22,662382.0,250294.0,177474949.66786668,30110451.200228963,244749.0
2022-01-23,554355.0,203986.0,186746029.1281284,31485076.13631871,1229013.0
2022-01-24,668850.0,270712.0,198665988.43417916,33828656.38463798,753776.0
2022-01-25,653685.0,265128.0,201314868.2799682,35087221.533111915,784871.5
2022-01-26,648504.0,261070.0,172177189.9762886,31353367.591352165,2155972.5
2022-01-27,648622.0,255925.0,173501629.89918315,30227465.24249586,2768672.5
2022-01-28,680599.0,264609.0,203963748.12575728,36132765.51223091,694833.0
2022-01-29,595231.0,231038.0,197341548.51128462,35684124.95720539,375914.0
2022-01-30,553241.0,207173.0,193368228.74260104,35525578.69076615,8819743.5
2022-01-31,671364.0,263410.0,189394908.97391748,34119747.246724606,12919436.5
2022-02-01,687763.0,272984.0,203963748.12575728,37673152.98982954,7154864.0
2022-02-02,680004.0,278985.0,202639308.20286274,36860308.934098706,432985.5
2022-02-03,664854.0,265344.0,194692668.66549554,34674721.34039274,986960.0
2022-02-04,651781.0,247946.0,172445464.54596007,31845046.91622716,29719995.0
2022-02-05,673249.0,258646.0,157888391.82261464,31486890.20937454,14627134.0
2022-02-06,569036.0,219196.0,206979740.54057044,40981670.2961239,1085625.0
2022-02-07,660755.0,262034.0,180443876.3687024,37290363.04673385,8430283.0
2022-02-08,685310.0,276850.0,204326154.12338364,43425193.84147107,8940105.0
2022-02-09,663348.0,265804.0,185751049.20307598,39687367.621881716,22355979.5
2022-02-10,673697.0,260813.0,195038601.66322982,41628004.65890094,26516673.0
2022-02-11,664971.0,258595.0,188404635.6202628,39575264.28538539,74337566.5
2022-02-12,604018.0,228189.0,248110330.00696588,50024190.99933506,791702.0
2022-02-13,590527.0,208977.0,209633326.9577572,42217994.28383549,236747.5
2022-02-14,630477.0,247592.0,202999360.9147902,40840022.9699916,3019950.5
2022-02-15,680501.0,273623.0,232188811.50384504,48533029.988415286,1416661.5
2022-02-16,677777.0,266788.0,206979740.54057044,43917652.26947889,1088334.5
2022-02-17,665429.0,255573.0,213256529.5453799,42514659.43399647,3598028.5
2022-02-18,672505.0,261055.0,186294128.8834766,34237766.888329044,2101754.0
2022-02-19,573700.0,220673.0,207147949.28088072,37609546.79569337,348650.5
2022-02-20,549160.0,200535.0,200196675.81507933,35174070.58003432,635083.0
2022-02-21,615656.0,237402.0,171001327.25871363,30026576.035308674,3455470.5
2022-02-22,647191.0,260265.0,211318713.36036152,36863634.739900105,206566.5
2022-02-23,622682.0,251275.0,208538203.974041,36162771.65050291,300022.5
2022-02-24,676575.0,254139.0,183513619.49715608,30647564.869713258,1836224.0
2022-02-25,687447.0,260340.0,186294128.8834766,33004416.88059454,2367178.0
2022-02-26,582374.0,220423.0,173781836.64503416,33937773.77919107,1437441.0
2022-02-27,583361.0,211164.0,189074638.26979718,33197207.97966266,303259.0
2022-02-28,702483.0,270918.0,214099222.7466821,38215480.803591736,4475543.5
2022-03-01,722863.0,280634.0,225221260.29196426,45022611.375640556,15122308.5
2022-03-02,731603.0,288657.0,189074638.26979718,38804384.27420314,5510959.0
2022-03-03,701198.0,268244.0,204908164.05639085,40853667.55342594,2058478.5
2022-03-04,675228.0,262101.0,190365286.64550212,36333926.06318503,3750473.0
2022-03-05,594977.0,225321.0,168452735.66472492,31045143.393329486,278254.0
2022-03-06,555454.0,207116.0,179409011.15511352,32347699.625522234,392100.5
2022-03-07,648259.0,255441.0,202691096.5721893,35836828.333603054,417572.0
2022-03-08,659214.0,255771.0,202691096.5721893,36210238.39567659,1187293.0
2022-03-09,702360.0,272805.0,188995752.20920354,36284340.42352956,8097680.0
2022-03-10,687025.0,261553.0,198582493.2632936,36518474.15193781,276621.5
2022-03-11,659116.0,252383.0,188995752.20920354,34515891.5467418,2660560.5
2022-03-12,592255.0,225148.0,213647372.0625779,38434246.099250704,314636.5
2022-03-13,554544.0,208092.0,206799699.88108504,37950813.21329494,275889.5
2022-03-14,658358.0,259592.0,209538768.75368217,37379620.92665644,859121.0
2022-03-15,679170.0,263178.0,190365286.64550212,34327601.17776097,885725.0
2022-03-16,721364.0,276390.0,212277837.6262793,39891546.92008823,3330611.5
2022-03-17,743399.0,278800.0,217523034.50856918,41116830.88643309,511974.5
2022-03-18,700248.0,261318.0,195149454.73662692,36959271.78465093,6429804.0
2022-03-19,638704.0,242424.0,211525632.75648364,40889732.80176486,1453551.0
2022-03-20,572086.0,210547.0,210160951.25482893,40348467.979107276,470887.5
2022-03-21,663684.0,259912.0,208796269.7531742,39709506.7408471,179534.5
2022-03-22,681184.0,264569.0,203337543.74655527,39888938.43880881,8426579.0
2022-03-23,671738.0,264182.0,197878817.73993632,38783180.0235644,1072817.5
2022-03-24,677148.0,262987.0,195149454.73662692,39187876.825965054,6391392.0
2022-03-25,752938.0,290719.0,212890314.25813842,43756450.86032028,212402.0
2022-03-26,611979.0,231031.0,219713721.76641208,45600899.41748507,214620.5
2022-03-27,589872.0,218202.0,178773276.7167701,37615484.28724999,1512924.0
2022-03-28,720718.0,293304.0,216984358.7631026,47542865.0580031,530057.0
2022-03-29,706611.0,286940.0,206066906.74986473,45330581.00512871,521941.0
2022-03-30,662686.0,272864.0,184232002.723389,40379135.25749871,4891582.0
2022-03-31,711182.0,279210.0,194247387.85170582,41070779.19109971,11248763.0
2022-04-01,738464.0,284105.0,200371606.28467658,40957428.26029431,10159483.0
2022-04-02,660755.0,254442.0,191845154.95341378,40410667.775713935,959342.0
2022-04-03,585946.0,225564.0,197529455.84092233,40719203.40116903,213115.5
2022-04-04,691360.0,275106.0,224529885.05658796,46006388.367499836,813392.5
2022-04-05,692888.0,273430.0,206055907.17218518,43133876.22847358,3027289.5
2022-04-06,666088.0,273640.0,213161283.28157085,42945671.125871725,815265.5
2022-04-07,677721.0,269404.0,196108380.6190452,38455362.05837601,2478984.0
2022-04-08,685851.0,266805.0,190424079.73153663,37320148.66696341,1456399.5
2022-04-09,597681.0,232792.0,217424508.94720227,40940631.083559595,369263.5
2022-04-10,551596.0,216446.0,198950531.06279945,37708697.08826943,510352.0
2022-04-11,684991.0,276623.0,194687305.39716807,35801153.7575258,2086985.0
2022-04-12,683425.0,278839.0,217424508.94720227,38608644.81354976,1116665.5
2022-04-13,682050.0,276968.0,198950531.06279945,35934245.390805714,308209.0
2022-04-14,673582.0,265537.0,194492275.55499536,35605625.47699982,593026.5
2022-04-15,666824.0,254831.0,221692722.83303383,40084844.38845567,317797.0
2022-04-16,600335.0,225486.0,188017878.85839576,34087053.88136647,160697.5
2022-04-17,557466.0,207324.0,231514552.3256366,41812904.43432423,249258.0
2022-04-18,631282.0,246421.0,188017878.85839576,33554776.284819625,1615459.5
2022-04-19,697163.0,273168.0,173986693.86896327,32209953.668280132,3136794.5
2022-04-20,703937.0,285655.0,224498959.83092037,41826936.375276946,2017445.5
2022-04-21,710624.0,282438.0,237127026.3214096,44502886.442155205,380109.5
2022-04-22,671463.0,260930.0,189420997.35733905,34361884.54129586,7397517.0
2022-04-23,613940.0,234978.0,228708315.3277501,40745768.893821314,1590908.5
2022-04-24,581643.0,221992.0,239933263.31929615,42636545.7644565,165745.5
2022-04-25,680074.0,277417.0,227305196.82880685,40289919.57795723,198240.5
2022-04-26,689345.0,273297.0,196436589.85205528,35239242.8595404,5633560.0
2022-04-27,697020.0,287105.0,243130347.43116814,42682531.77661201,659888.0
2022-04-28,697124.0,275765.0,195503620.58301136,33133353.767992403,11330266.5
2022-04-29,729033.0,286563.0,222163205.20796743,37250318.228731774,7636199.5
2022-04-30,684282.0,261630.0,222163205.20796743,37031311.35450528,645541.5
2022-05-01,625556.0,232322.0,247341701.7982037,40525650.90483759,367273.0
2022-05-02,687096.0,272206.0,236974085.55516526,39108990.57072583,623179.5
2022-05-03,692327.0,277895.0,222163205.20796743,36261069.13022227,238150.5
2022-05-04,615048.0,233045.0,216238853.06908828,35874583.44265635,42708568.5
2022-05-05,778504.0,315759.0,232530821.4510059,38641030.35769125,15114570.5
2022-05-06,723743.0,286887.0,210314500.93020916,33183643.797513317,241422.0
2022-05-07,609656.0,231623.0,211795588.96492898,32602912.26993024,4739654.5
2022-05-08,597305.0,233892.0,229568645.3815663,33974516.54944232,455188.5
2022-05-09,705421.0,279511.0,229568645.3815663,32281111.722359955,1142322.5
2022-05-10,714602.0,279658.0,226823707.2333046,30465538.02318894,374695.5
2022-05-11,694927.0,262683.0,225257597.8912952,28343738.791651182,113652585.5
2022-05-12,730516.0,274204.0,209722591.14017138,24910276.04431027,104382013.0
2022-05-13,727914.0,269880.0,236132102.61708185,29699309.994814295,89155829.5
2022-05-14,725013.0,290225.0,219043595.19084564,26686030.01263232,82262167.5
2022-05-15,599841.0,235433.0,189527082.3637104,24578778.358040176,59727682.5
2022-05-16,663779.0,272134.0,254774110.71843037,31772670.37384658,20062000.0
2022-05-17,683798.0,278496.0,228364599.24151993,28397876.911416225,918660.5
2022-05-18,646333.0,262907.0,208169090.46505895,25306893.23674115,345679.5
2022-05-19,662000.0,262479.0,189527082.3637104,23435982.235559683,10987167.0
2022-05-20,668605.0,267034.0,198848086.4143847,24396025.31830604,1899100.0
2022-05-21,579268.0,225225.0,209722591.14017138,25484061.476900727,1385711.5
2022-05-22,535873.0,209047.0,189527082.3637104,23009314.62947053,1706600.0
2022-05-23,638912.0,265106.0,248560108.0179809,30625921.205748186,897727.5
2022-05-24,600094.0,235866.0,186420081.01348567,22433703.218245413,11653763.5
2022-05-25,700322.0,288842.0,219801139.27751222,27361186.722105965,760493.5
2022-05-26,653373.0,262367.0,209555369.85718095,26482376.46347083,509962.0
2022-05-27,688580.0,270453.0,205096744.96660265,25425348.715936277,1894753.0
2022-05-28,576357.0,226794.0,219958827.93519703,27065998.546294734,2149461.5
2022-05-29,530365.0,207859.0,221445036.23205647,27414129.737638846,1071631.5
2022-05-30,644720.0,271819.0,228876077.71635368,29800801.818885755,472861.0
2022-05-31,685567.0,276273.0,216986411.34147817,29372134.95779295,2992242.5
2022-06-01,683372.0,272165.0,202124328.37288374,27036571.0242234,6887654.0
2022-06-02,664442.0,264901.0,185776037.10742992,24078261.13086094,4588515.5
2022-06-03,678027.0,267517.0,212527786.45089987,27375084.123566274,2369033.0
2022-06-04,569230.0,218629.0,206582953.2634621,26568669.47749069,833428.5
2022-06-05,538083.0,201341.0,216986411.34147817,27875286.504213616,640146.0
2022-06-06,652057.0,268921.0,222931244.5289159,30106422.182860665,319528.0
2022-06-07,648390.0,263641.0,240765744.0912292,30734883.340573177,2037042.0
2022-06-08,656376.0,261597.0,266405768.7361438,34287068.1631562,660774.0
2022-06-09,661923.0,262105.0,219787040.37955952,27926688.309601095,565663.0
2022-06-10,669839.0,261856.0,221292431.06709072,27700978.416366063,2396201.0
2022-06-11,589547.0,230002.0,231830165.87980935,28151998.793329187,248590.5
2022-06-12,557721.0,215473.0,191184617.31646615,22570359.738649927,1275439.5
2022-06-13,708381.0,272503.0,200216961.44165352,21082032.12089888,27165348.5
2022-06-14,717234.0,283231.0,219787040.37955952,20795095.681292698,13002440.5
2022-06-15,732637.0,296312.0,248389463.44265285,22563087.3790371,218607.0
2022-06-16,662185.0,251253.0,179141491.81621632,16428520.670604495,1425029.5
2022-06-17,663831.0,251574.0,162582194.2533728,14401300.628939329,5671566.0
2022-06-18,654430.0,247890.0,234840947.25487182,19163215.151645448,576019.0
2022-06-19,548972.0,199777.0,200216961.44165352,16242774.013369894,2020088.5
2022-06-20,605998.0,236636.0,198711570.75412232,17360898.517726563,5601648.0
2022-06-21,647716.0,254438.0,225808603.12968442,20006142.935754422,1065858.0
2022-06-22,639691.0,255472.0,193273708.26929793,16701527.504797904,1168645.5
2022-06-23,633984.0,255213.0,223431040.49785998,20024451.814883567,141350.5
2022-06-24,650157.0,254348.0,189622396.21199957,17574926.41878236,1814103.0
2022-06-25,557791.0,218017.0,221961099.44195303,20329812.478044495,24299282.5
2022-06-26,528289.0,206755.0,202851865.7151624,18725062.505838733,22637991.5
2022-06-27,621986.0,258883.0,199911983.60334843,18196705.11645031,8499353.0
2022-06-28,624229.0,248080.0,214611394.16241816,19472210.904391408,7960442.5
2022-06-29,654949.0,265079.0,221961099.44195303,19294230.33796317,1515045.5
2022-06-30,699397.0,271213.0,251359920.5600925,20986948.239193026,232275.0
2022-07-01,714094.0,271874.0,196972101.49153444,16732216.51579779,4951402.5
2022-07-02,614214.0,235096.0,202851865.7151624,16848775.516847175,716502.0
2022-07-03,548190.0,206333.0,227840863.6655809,18764021.978929583,121807.0
2022-07-04,610225.0,240385.0,210201570.99469727,17710446.53341544,593392.0
2022-07-05,616343.0,245829.0,173453044.59702292,15144619.104130745,9520306.0
2022-07-06,687966.0,267118.0,186682514.1001857,16778177.282876246,9404837.5
2022-07-07,691644.0,281435.0,227544125.37384427,20869123.264439654,426721.5
2022-07-08,682201.0,268331.0,214480636.40419686,20610085.030495834,773605.5
2022-07-09,576270.0,220708.0,194191927.5551512,18735674.272919107,840664.0
2022-07-10,523353.0,199369.0,221726603.8502846,20789681.39197659,730093.0
2022-07-11,590261.0,229482.0,178250799.1737582,16078738.285628874,10363062.5
2022-07-12,657668.0,275378.0,218828216.87184954,19253095.526382394,322719.0
2022-07-13,597185.0,222657.0,159411283.8139301,13928315.139691427,20969040.5
2022-07-14,685931.0,286894.0,179699992.6629758,16308882.031267505,8397724.0
2022-07-15,661194.0,269269.0,205785475.4688916,18967211.435173098,3484793.5
2022-07-16,577967.0,226638.0,214480636.40419686,19644545.69899658,339193.0
2022-07-17,519659.0,202157.0,179699992.6629758,17327703.097352717,808131.5
2022-07-18,611990.0,247895.0,189844347.0874986,18303796.242508292,9655686.0
2022-07-19,682638.0,279950.0,199988701.51202142,19972141.1063353,1348352.5
2022-07-20,642244.0,260195.0,182598379.64141086,19141473.222768992,11465570.0
2022-07-21,686329.0,273976.0,199187652.45519632,20768206.558513064,435645.0
2022-07-22,650694.0,263276.0,181711862.6387281,19591278.209783014,3990082.5
2022-07-23,572761.0,223744.0,211997173.07851613,21918540.32658128,501125.0
2022-07-24,531268.0,199919.0,216126988.13848722,22447659.673061103,322183.5
2022-07-25,629329.0,253417.0,195477912.83863172,20068081.035220552,715915.5
2022-07-26,655695.0,264861.0,220256803.19845834,21346601.625572704,439550.0
2022-07-27,644191.0,255930.0,227139828.29841012,22439607.328241665,6687187.5
2022-07-28,697022.0,287254.0,194101307.8186414,21195787.991195064,620544.5
2022-07-29,708268.0,281608.0,200984332.91859323,22164587.54094538,782153.0
2022-07-30,601643.0,232696.0,177582047.57875702,19669633.42707722,2315472.5
2022-07-31,561055.0,209042.0,209243963.0385354,22797365.361192845,955988.0
2022-08-01,635502.0,249610.0,187218282.71868956,20057094.21660737,771236.0
2022-08-02,663588.0,266968.0,213373778.09850645,22887535.789081786,6251488.0
2022-08-03,693063.0,282037.0,199607727.89860287,21334680.69864296,6597040.5
2022-08-04,695558.0,279707.0,183173748.80206442,19247521.080682665,3878064.0
2022-08-05,687443.0,268463.0,210085555.03954557,22040552.556791432,7045014.0
2022-08-06,610889.0,237677.0,225491829.07577893,23640706.63329386,242554.5
2022-08-07,522072.0,196161.0,222690688.3419183,23450786.345573593,1079256.0
2022-08-08,652517.0,256582.0,201682132.83796376,22072627.08704081,7184213.5
2022-08-09,646055.0,256233.0,200281562.47103348,21500771.45078992,7040330.0
2022-08-10,663480.0,264566.0,207284414.30568495,22048657.032706514,7902150.0
2022-08-11,725127.0,287356.0,196079851.3702425,21798985.531577673,2028425.0
2022-08-12,703328.0,273661.0,215687836.5072668,23487535.54544685,257178.0
2022-08-13,613804.0,233308.0,194679281.00331223,21597981.286947653,1392796.5
2022-08-14,551189.0,205350.0,186275858.8017304,20561929.591036644,1418856.5
2022-08-15,620533.0,241934.0,203082703.20489404,22246761.581903826,6471331.0
2022-08-16,677726.0,273896.0,207284414.30568495,22451185.11887194,2612393.0
2022-08-17,648642.0,256127.0,180673577.33400917,19823143.47206977,8808463.0
2022-08-18,685923.0,291921.0,202403376.03316846,21426691.80720861,836286.0
2022-08-19,736405.0,279910.0,250867150.78611156,24646037.773745745,394692.0
2022-08-20,597278.0,222722.0,209995536.33219454,19906048.078724258,1938459.0
2022-08-21,549247.0,205435.0,205767438.2852376,19658711.446938902,369401.0
2022-08-22,629040.0,250534.0,204358072.2695853,20049502.855463784,2185434.5
2022-08-23,641154.0,256928.0,242410954.69219768,23241671.09599258,595797.0
2022-08-24,649399.0,256606.0,205767438.2852376,19789812.78474593,2143838.0
2022-08-25,656808.0,260460.0,224089196.48871768,21711435.8619223,333303.0
2022-08-26,686060.0,262722.0,248048418.754807,23607458.78269579,187065.5
2022-08-27,605125.0,225420.0,204358072.2695853,18417353.539063282,407668.5
2022-08-28,547812.0,202109.0,226907928.52002233,20531551.535323694,285010.5
2022-08-29,641513.0,252235.0,221270464.45741308,19815545.48503768,1331490.5
2022-08-30,660170.0,262445.0,228317294.5356746,20898311.567606837,447146.5
2022-08-31,652024.0,260425.0,219862688.89188153,18973801.675528973,1277747.0
2022-09-01,685449.0,268022.0,212503108.15739748,17519322.333246782,5429364.0
2022-09-02,710783.0,270588.0,198644209.79930627,16573004.97125154,14131665.5
2022-09-03,641511.0,242597.0,226362006.5154886,18503841.810108278,419962.0
2022-09-04,541540.0,204538.0,258699436.01770127,21001414.01336134,387183.5
2022-09-05,628765.0,250179.0,235601272.08754936,19217857.628245473,182815.5
2022-09-06,657784.0,268125.0,218662618.53877124,17711313.57191243,2554883.5
2022-09-07,676262.0,265239.0,224822128.92014512,17522524.6768538,319133.0
2022-09-08,685564.0,262863.0,195564454.60861945,15580902.145009369,809748.0
2022-09-09,753468.0,290849.0,226362006.5154886,19406879.308704853,3350674.5
2022-09-10,646199.0,241936.0,241760782.46892318,21254611.329074144,1959149.0
2022-09-11,607174.0,220361.0,281797599.94785315,25190836.06469254,821920.5
2022-09-12,665425.0,268971.0,235601272.08754936,21457966.189803272,941949.0
2022-09-13,663498.0,260108.0,211972242.0735515,18880378.13599022,7589584.5
2022-09-14,687667.0,270309.0,202308899.97494468,16390122.367911555,2118442.5
2022-09-15,700513.0,277041.0,234168569.26233754,18722547.16017402,1380962.0
2022-09-16,706574.0,261361.0,203901883.4393143,16155813.96987422,10019486.0
2022-09-17,641808.0,247863.0,270807188.94283926,22046267.351943973,140866.0
2022-09-18,556563.0,212396.0,245319453.51292506,19614731.42557514,431380.0
2022-09-19,631537.0,253795.0,207087850.36805362,15916507.708788954,4257923.0
2022-09-20,650202.0,269773.0,242133486.58418575,18547287.27541817,771984.5
2022-09-21,632611.0,260924.0,224610668.47611964,17044371.760123417,3802796.5
2022-09-22,614742.0,245794.0,203901883.4393143,15405709.406264087,8975511.5
2022-09-23,689899.0,281419.0,215052767.68990183,16388196.049952148,906254.5
2022-09-24,588364.0,228040.0,232575585.79796788,17641158.57969013,791197.0
2022-09-25,574037.0,212009.0,234168569.26233754,18123081.63232435,411800.5
2022-09-26,614435.0,259311.0,238947519.65544644,18586164.0791014,452775.5
2022-09-27,648681.0,271117.0,205494866.90368393,16499416.47586462,1015472.0
2022-09-28,620268.0,264048.0,234283743.87934902,18194817.839215636,621680.5
2022-09-29,652313.0,267342.0,222928606.67506388,17625877.85463125,275928.5
2022-09-30,717755.0,286672.0,263461080.61598453,20961626.892611515,186035.0
2022-10-01,627906.0,241993.0,282168376.2810249,22356100.356481753,292816.5
2022-10-02,570649.0,213646.0,244753784.95094424,19049496.73083795,291965.5
2022-10-03,656236.0,273820.0,240076961.03468415,18822692.57300482,768343.0
2022-10-04,655477.0,278744.0,254107432.78346437,20497223.57467133,400678.5
2022-10-05,644568.0,267021.0,272814728.44850475,22220525.211607706,1008438.0
2022-10-06,677796.0,278204.0,247871667.56178424,20238932.999599468,411107.0
2022-10-07,675013.0,270191.0,266578963.2268246,21329735.82923857,376955.0
2022-10-08,610636.0,235498.0,272814728.44850475,21693311.538908795,359663.0
2022-10-09,553851.0,211238.0,246312726.25636423,19801812.92339956,860248.5
2022-10-10,619704.0,258286.0,281762541.4868823,20456350.29360484,260289.0
2022-10-11,635320.0,266451.0,277924882.20287925,19592269.926100034,332706.0
2022-10-12,646003.0,261196.0,242520438.6101558,16543247.306288254,4529661.0
2022-10-13,691476.0,281093.0,253141771.68797284,17339850.420349475,744504.0
2022-10-14,694651.0,284648.0,276154660.02324307,19349674.895805754,2494705.5
2022-10-15,612380.0,241758.0,269073771.3046984,18603429.731474027,464495.5
2022-10-16,558957.0,212919.0,254911993.867609,17640377.301598247,335183.5
2022-10-17,613662.0,260471.0,265533326.94542602,18438405.724884216,1104921.0
2022-10-18,615413.0,257694.0,251371549.5083366,17605946.973579727,11639075.5
2022-10-19,612805.0,263517.0,267303549.1250622,18709672.39499181,2462993.0
2022-10-20,633545.0,263986.0,256682216.04724517,17832142.511155218,1322143.5
2022-10-21,671089.0,270741.0,276154660.02324307,18823653.62509549,2557098.0
2022-10-22,598580.0,233097.0,240750216.43051958,16486650.382671941,185183.5
2022-10-23,582380.0,217872.0,274506216.9071191,18817002.899194233,204005.0
2022-10-24,629949.0,264486.0,249031192.74934924,16704131.75423753,1663308.5
2022-10-25,601629.0,248540.0,223395628.7898574,15262936.713037344,14182889.5
2022-10-26,683262.0,306069.0,283822315.2658024,20391787.49715678,245499.0
2022-10-27,648360.0,267995.0,247200081.03795698,17781054.472137854,663661.5
2022-10-28,679257.0,283035.0,291146762.1113715,20657842.562491424,269939.0
2022-10-29,668004.0,252661.0,261848974.7290952,18889102.554937232,598679.0
2022-10-30,594597.0,222138.0,247200081.03795698,17765496.375039846,248411.0
2022-10-31,667561.0,284125.0,316782326.0708633,22491183.834946454,1452855.0
2022-11-01,666319.0,276192.0,263680086.4404874,19035680.24022811,1625241.5
2022-11-02,630399.0,257467.0,223395628.7898574,15923465.095997136,11491082.0
2022-11-03,716406.0,297039.0,300302320.6683329,21427249.233947724,2389637.5
2022-11-04,689430.0,281515.0,236213410.7696033,17095479.28911212,8239484.0
2022-11-05,648416.0,257198.0,276497868.4202333,20477935.245340105,2129173.0
2022-11-06,577334.0,223404.0,250862304.46074155,18479805.99848374,397227.5
2022-11-07,643216.0,264869.0,263186945.48747677,19052783.19726433,5604914.5
2022-11-08,719305.0,295778.0,297875786.9173795,20378818.583838027,411015.5
2022-11-09,754032.0,292265.0,272291363.5011629,16756916.904897429,6745046.0
2022-11-10,774942.0,292831.0,268636445.8702748,15963715.774192441,1837599.0
2022-11-11,747386.0,284467.0,244879481.2695022,14900952.885684296,251053.5
2022-11-12,677645.0,239254.0,305185622.17915577,17874099.03663277,645214.0
2022-11-13,656286.0,227644.0,235742187.19228196,13715309.636890972,4072832.0
2022-11-14,661596.0,242416.0,224777434.2996177,13223056.11507164,135937879.0
2022-11-15,703644.0,283090.0,283256116.39382714,16924308.163784713,139168272.0
2022-11-16,670368.0,268373.0,274118822.31660694,16237808.609929381,103777273.5
2022-11-17,636467.0,248465.0,252189316.5312784,15097004.518378556,85608406.0
2022-11-18,697975.0,282091.0,254016775.34672245,15266118.620391032,65468160.5
2022-11-19,647807.0,260694.0,268636445.8702748,15732345.425249888,18908264.5
2022-11-20,595776.0,229923.0,272375605.3694332,15982750.015998334,684480.0
2022-11-21,661220.0,270779.0,236949653.97082296,13533870.26017263,3576707.0
2022-11-22,623451.0,253235.0,231439196.90173405,12966806.15387219,9645460.0
2022-11-23,696412.0,273997.0,258991482.2471786,15202435.491253067,19915572.5
2022-11-24,642832.0,254639.0,236949653.97082296,13846331.44830637,12352587.0
2022-11-25,640008.0,258341.0,225928739.83264518,13127718.390905542,15762200.5
2022-11-26,598183.0,229735.0,200213273.51023027,11674337.0162286,6748160.5
2022-11-27,568789.0,222672.0,249807387.13203046,14358617.123247962,1041411.0
2022-11-28,630827.0,262636.0,255317844.20111936,14875224.88563531,1812942.5
2022-11-29,658815.0,271512.0,240623292.0168823,13816257.51734792,4484455.5
2022-11-30,656181.0,271416.0,253481025.1780897,15034912.97575721,8296983.5
2022-12-01,704310.0,285467.0,281033310.52353424,17271537.924430106,6802031.5
2022-12-02,686664.0,271725.0,229602377.87870446,13741034.339038419,12016313.0
2022-12-03,650867.0,250951.0,240623292.0168823,14299138.04252222,4682121.0
2022-12-04,570337.0,219810.0,257154663.22414896,15184340.833291633,419742.5
2022-12-05,654949.0,274064.0,268175577.36232677,16039165.975407021,894506.5
2022-12-06,637825.0,262438.0,231289584.01772717,14725089.485199377,5116521.5
2022-12-07,652144.0,272328.0,292794732.7377177,18475685.995101217,301455.0
2022-12-08,646079.0,263838.0,284283257.94883054,17938099.11542059,261193.5
2022-12-09,662365.0,265668.0,258748833.58216918,16800417.04720075,48879049.5
2022-12-10,617455.0,241668.0,262153423.49772403,17384313.195406716,228991.5
2022-12-11,570664.0,217788.0,250237358.793282,15911653.689838963,347650.0
2022-12-12,639530.0,262646.0,243428178.96217236,15426960.975362785,461421.5
2022-12-13,710573.0,287224.0,280878668.0332757,18300370.852563936,526704.0
2022-12-14,673994.0,276441.0,251939653.75105944,16824168.350794345,956844.0
2022-12-15,691792.0,276713.0,236618999.1310626,15628685.822634194,161913.0
2022-12-16,675745.0,254176.0,221298344.51106575,14457172.527777765,13612137.0
2022-12-17,675840.0,263200.0,234916704.1732852,15352368.055325923,219785.0
2022-12-18,559608.0,212673.0,246832768.87772718,15369367.34579528,88924.0
2022-12-19,625817.0,259096.0,233961255.1644386,14497991.473721288,654101.0
2022-12-20,653824.0,268893.0,246114015.1556391,15203920.126164537,2076958.5
2022-12-21,653064.0,272491.0,251387886.90897432,15330046.709449464,484917.0
2022-12-22,665463.0,271181.0,237324228.90008065,14445678.738210894,928338.5
2022-12-23,680283.0,273926.0,232050357.14674553,14192911.730580632,5323903.0
2022-12-24,562534.0,213339.0,156458195.34894204,9886179.74795384,9955654.0
2022-12-25,522307.0,205314.0,247871972.40675086,15073742.939776683,949298.5
2022-12-26,548937.0,223504.0,226776485.39341035,14104102.296292609,275476.5
2022-12-27,593337.0,239359.0,202165083.87784645,12489766.06688427,6335194.5
2022-12-28,661225.0,272949.0,295336818.18676704,17844731.47947442,1070645.5
2022-12-29,668338.0,265955.0,247871972.40675086,14977089.738394096,5571272.5
2022-12-30,726125.0,291015.0,277757245.6756499,16715350.712628447,398068.5
2022-12-31,618594.0,242325.0,274241331.1734265,16375895.467673866,1045238.0
2023-01-01,509337.0,187516.0,272483373.92231476,16173353.596591791,396799.5
2023-01-02,575250.0,229347.0,274241331.1734265,16447340.744624749,2626258.5
2023-01-03,645565.0,272055.0,261883481.8059322,16511361.794084923,1383337.0
2023-01-04,652878.0,277936.0,242356482.01087618,15514421.553151188,3292815.0
2023-01-05,682119.0,279391.0,266083690.039913,17190903.00793761,822872.5
2023-01-06,685990.0,276071.0,305064103.23047346,19587656.115701865,215428.0
2023-01-07,601071.0,246679.0,260999288.3194051,16669607.643204877,1411057.0
2023-01-08,565595.0,228488.0,259304487.74590245,16331614.696256422,442634.5
2023-01-09,662916.0,287347.0,257609687.17239982,16568165.610140678,35297048.5
2023-01-10,695664.0,302809.0,286421296.9219445,18671443.668399256,1159280.0
2023-01-11,661284.0,287494.0,249135684.30488667,16247214.47177786,12871062.0
2023-01-12,717816.0,315980.0,255914886.59889722,17645261.628721908,2645985.0
2023-01-13,743545.0,316549.0,269473291.1869182,19299222.303412113,413970.0
2023-01-14,725858.0,309880.0,289810898.0689498,22543151.069033355,181393.5
2023-01-15,605147.0,252086.0,280250606.7848099,21360708.697110046,453128.0
2023-01-16,677371.0,302804.0,274688843.2470833,19564851.90352845,2484367.0
2023-01-17,680259.0,308715.0,291506527.527517,20950317.645466994,852283.5
2023-01-18,681758.0,300045.0,261608422.14007932,19114033.153556455,11433586.5
2023-01-19,684950.0,298919.0,270951580.07365364,19225531.967102878,239970.0
2023-01-20,702080.0,295822.0,246659369.44636056,18240061.154305376,3930065.5
2023-01-21,676478.0,287860.0,257871158.96664968,20109654.849325083,3184630.5
2023-01-22,610248.0,250760.0,282163369.59394276,21838359.94420077,954431.0
2023-01-23,651866.0,293709.0,295243790.7009466,22867527.707946565,391356.0
2023-01-24,660507.0,292970.0,241053474.68621597,18918440.50491401,1217513.0
2023-01-25,687864.0,306681.0,327010527.67509925,25676773.61340148,494158.0
2023-01-26,669489.0,296263.0,289637895.9408021,22624571.705655094,1549991.5
2023-01-27,699439.0,303179.0,287769264.3540873,22429274.151801877,2640638.0
2023-01-28,637939.0,268849.0,313930106.5680952,24442485.75123782,1139871.0
2023-01-29,616633.0,258583.0,311001352.7915209,23801445.138934355,219495.5
2023-01-30,667280.0,309909.0,269948142.5149194,20350898.923218135,3537141.0
2023-01-31,709466.0,313500.0,224956785.42909947,16954037.602669094,8727497.0
2023-02-01,745886.0,345561.0,267991996.55466637,20346134.427086793,2816341.0
2023-02-02,752262.0,340169.0,283641164.23669064,22100256.867046896,1322386.5
2023-02-03,738211.0,315951.0,260167412.7136542,20380037.06304123,12292834.0
2023-02-04,691143.0,304495.0,266035850.5944133,20355870.134656116,2584367.5
2023-02-05,594717.0,254113.0,297334185.95846194,22388253.779740416,8277508.5
2023-02-06,663760.0,301977.0,289509602.11744976,21621117.121486917,29878545.0
2023-02-07,688379.0,300429.0,277772726.3559315,21204357.623230755,44016199.5
2023-02-08,682912.0,316963.0,269948142.5149194,20351657.38350813,49800520.5
2023-02-09,783722.0,369499.0,316895645.5609923,23332309.14710399,55471972.0
2023-02-10,700869.0,300092.0,287553456.1571967,20573391.75123331,58806952.5
2023-02-11,654726.0,280319.0,291465748.0777028,20695417.561901353,69952991.0
2023-02-12,617837.0,259642.0,313943411.7760057,22415712.264169145,57873617.0
2023-02-13,666916.0,299329.0,303650131.9290037,21667418.164248344,67278085.0
2023-02-14,675701.0,302653.0,299757181.5196575,21647341.400688175,68288184.0
2023-02-15,723537.0,325460.0,317275458.3617154,23873321.525806885,65315296.5
2023-02-16,759215.0,344711.0,348419061.63648504,28291380.22294443,59296977.5
2023-02-17,716489.0,321260.0,321168408.7710616,25714299.92522733,51296405.5
2023-02-18,656568.0,276798.0,327007834.38508093,26343409.639495973,36868006.0
2023-02-19,569883.0,240406.0,315328983.1570423,25635697.747482333,13619530.5
2023-02-20,615969.0,270081.0,286131855.0869458,24027013.111182638,18892532.5
2023-02-21,654981.0,290457.0,325061359.18040776,26512359.26103933,22395989.5
2023-02-22,660490.0,282319.0,272506528.65423405,21468764.329053212,17968937.0
2023-02-23,693262.0,290728.0,332847259.9991002,26565544.355084326,4743542.5
2023-02-24,695824.0,294562.0,262774152.6308686,20417436.704952147,11955030.5
2023-02-25,626600.0,258413.0,227840889.77873334,16083980.15403232,16659335.0
2023-02-26,628404.0,277103.0,359556658.1833338,24782400.469027933,941316.5
2023-02-27,644967.0,292748.0,299630548.4861114,21360913.713135105,21992962.0
2023-02-28,731797.0,332358.0,293209893.8756949,20630776.02077309,19562463.0
2023-03-01,826824.0,381932.0,363837094.5902782,25988722.583811883,27197685.5
2023-03-02,726383.0,330047.0,308191421.3000004,21657536.22815396,58658636.0
2023-03-03,807383.0,355273.0,359556658.1833338,24203335.93106573,55740388.0
2023-03-04,678996.0,306300.0,325313166.92777824,21944599.480469976,39272127.5
2023-03-05,630099.0,286638.0,331733821.53819484,22389334.56458218,30866276.5
2023-03-06,671836.0,316016.0,282508802.8583337,19320752.866531476,46318268.5
2023-03-07,771846.0,362082.0,353136003.57291716,23616222.72450257,36765897.0
2023-03-08,656385.0,292493.0,284649021.0618059,18928979.35012383,68117711.0
2023-03-09,700965.0,336854.0,288929457.4687504,19039458.643895354,62191506.0
2023-03-10,762121.0,329334.0,291564668.6842239,17894803.56988819,64580508.0
2023-03-11,721567.0,319707.0,357219695.9219277,21477230.284296937,63075543.5
2023-03-12,621363.0,265555.0,348559824.50563854,21186496.49970484,70219800.5
2023-03-13,725571.0,333107.0,339899953.08934945,23087128.98074996,62906707.0
2023-03-14,728811.0,327892.0,316085306.6945542,23955889.051380202,64534839.5
2023-03-15,750215.0,345059.0,318250274.5486265,23485522.6442761,60647142.0
2023-03-16,687640.0,295049.0,290105692.4456867,21513991.934607737,58545416.0
2023-03-17,768841.0,338823.0,318250274.5486265,25280852.552496247,59828696.5
2023-03-18,691597.0,296890.0,350724792.3597108,28644944.5912276,67246853.5
2023-03-19,619482.0,269131.0,320415242.4026988,26477878.719646867,68325583.5
2023-03-20,725399.0,341288.0,333405049.5271326,27627804.86632807,64633013.5
2023-03-21,708659.0,327932.0,313920338.84048194,26497064.86479075,64703673.5
2023-03-22,688658.0,297575.0,344229888.79749393,29225710.419680897,68687309.0
2023-03-23,677191.0,295245.0,398152679.74955547,34269759.33971421,68647955.0
2023-03-24,683787.0,292095.0,377232885.49311894,29533422.016249567,62274835.5
2023-03-25,659846.0,290197.0,337646718.49692744,25755315.778535493,54489053.5
2023-03-26,594775.0,261243.0,335318120.4383279,25539403.027980726,60924988.5
2023-03-27,668827.0,296557.0,344632512.6727259,26143030.485642947,67866391.5
2023-03-28,684623.0,316281.0,312032139.85233283,23379336.215017386,71822202.5
2023-03-29,727221.0,334637.0,342303914.6141264,26591193.533266988,62191272.5
2023-03-30,727172.0,326347.0,360932699.0829224,28612052.69058096,61807660.5
2023-03-31,732643.0,308386.0,328332326.2625294,25754269.689730845,69030366.5
2023-04-01,702374.0,319646.0,326003728.2039299,25771404.496490154,69910137.5
2023-04-02,659613.0,341622.0,346961110.73132545,27387521.07343141,63257647.5
2023-04-03,681747.0,332870.0,305046345.6765345,23697637.145516127,71137465.0
2023-04-04,809319.0,421130.0,377232885.49311894,29712370.380244203,65248887.5
2023-04-05,719774.0,346885.0,323675130.1453304,25533999.319590658,64456627.0
2023-04-06,740308.0,354019.0,375327217.1632722,29988656.93568959,67419981.5
2023-04-07,739977.0,355031.0,338032942.16648775,25883474.596045014,61451444.5
2023-04-08,661759.0,318505.0,349935510.5526316,26655771.28270032,58785177.5
2023-04-09,570129.0,278404.0,347554996.87540287,25984841.21278582,70695665.0
2023-04-10,633252.0,289625.0,292803182.2991408,22540478.67849652,70630568.0
2023-04-11,793340.0,385002.0,366599106.2932332,30278886.883851,65158824.5
2023-04-12,714277.0,338102.0,380882188.3566059,30739675.958873477,76664476.5
2023-04-13,720191.0,332042.0,338032942.16648775,27603326.707211237,58601184.0
2023-04-14,729076.0,315959.0,333271914.81203014,27977114.940560613,61809426.5
2023-04-15,644020.0,276185.0,376121161.0021483,31009798.333244104,69693041.0
2023-04-16,558992.0,232268.0,295183695.97636956,23967480.70486132,69883346.5
2023-04-17,665181.0,316193.0,368979619.9704619,29788462.913373288,51458492.5
2023-04-18,680093.0,312522.0,395165270.4199787,31642501.63757007,17071989.0
2023-04-19,680099.0,301722.0,330891401.13480145,26367118.299820937,19259880.0
2023-04-20,675813.0,296683.0,319313867.4340018,24467944.962969966,10370036.0
2023-04-21,771581.0,352218.0,351118490.9644334,26017667.261768978,13760149.5
2023-04-22,652782.0,354752.0,360804518.3013832,25972883.28916762,2295099.0
2023-04-23,604273.0,432760.0,355961504.6329083,25740162.140966076,5063612.5
2023-04-24,634746.0,360173.0,341432463.6274834,25151563.91860913,10688877.5
2023-04-25,663868.0,369843.0,302688354.2796839,22252108.61633086,19925800.0
2023-04-26,668682.0,436461.0,314795888.4508713,24384973.37872218,26765803.5
2023-04-27,673213.0,418912.0,314795888.4508713,25220465.91221518,7667164.5
2023-04-28,725813.0,483522.0,355961504.6329083,28310744.88306382,39195096.5
2023-04-29,628996.0,486031.0,331746436.2905336,26352027.404240478,14804058.5
2023-04-30,612597.0,568516.0,358383011.4671458,28548026.97705134,17337326.5
2023-05-01,697731.0,682281.0,440714243.83121973,35120914.85198403,5712188.0
2023-05-02,620729.0,457708.0,312374381.6166337,26436400.048662677,7314320.5
2023-05-03,728440.0,489559.0,341432463.6274834,28706505.872158974,29031904.5
2023-05-04,680011.0,491123.0,351888475.1483047,29770202.04218574,44567777.0
2023-05-05,652054.0,411429.0,283977798.47865146,25724804.124775995,23191150.5
2023-05-06,619770.0,601134.0,355568840.1119249,32521180.410668414,17564259.0
2023-05-07,482095.0,607883.0,331705159.5675005,36809638.64957858,14414132.5
2023-05-08,552358.0,575051.0,326932423.4586156,41744197.067098685,7252890.5
2023-05-09,586519.0,598256.0,360341576.2208098,38255911.8781401,30969904.5
2023-05-10,686423.0,671668.0,405682569.25521636,38971069.437675245,86719829.5
2023-05-11,596717.0,546549.0,360341576.2208098,31079349.01717088,102758771.5
2023-05-12,604937.0,509159.0,336477895.6763853,27932158.246966116,122713642.5
2023-05-13,553742.0,575640.0,346023367.89415514,27237496.705574512,131973318.0
2023-05-14,565005.0,631677.0,415228041.47298616,31630058.255630765,115481430.5
2023-05-15,579485.0,526379.0,350796104.00303996,27603389.649954077,127498318.0
2023-05-16,625496.0,566462.0,365114312.32969475,30101350.309985295,132420976.0
2023-05-17,627113.0,583454.0,381818888.7107919,29549110.27574375,144474549.0
2023-05-18,603811.0,476704.0,344768089.144806,26859030.9345914,153024825.5
2023-05-19,664491.0,515474.0,369469365.7613961,28738962.120203372,151932493.0
2023-05-20,559902.0,423736.0,322669912.76495266,24375940.640033692,153584137.0
2023-05-21,542208.0,486625.0,371932494.8664721,27415847.9731961,152585179.5
2023-05-22,604303.0,499281.0,354690591.1309403,26059060.50144273,165262520.5
2023-05-23,636984.0,519870.0,379321882.1817001,28129493.496464286,171511570.0
2023-05-24,617027.0,405521.0,347301203.81571233,25204426.061596133,174205633.0
2023-05-25,689359.0,460167.0,371932494.8664721,27253825.798840698,173190320.0
2023-05-26,738629.0,532373.0,376858753.07662404,28022067.177655425,169703168.0
2023-05-27,672783.0,471633.0,357153720.2360163,25895617.414968994,162162819.5
2023-05-28,647993.0,496158.0,394100656.8121559,29018379.77947518,161923423.0
2023-05-29,664954.0,550324.0,399026915.0223079,30580345.092994474,171144858.5
2023-05-30,713954.0,515246.0,379321882.1817001,28992477.242635764,106146576.5
2023-05-31,709100.0,421579.0,349729770.9452385,25853003.322265837,131730664.5
2023-06-01,678136.0,355986.0,336187209.4940784,24808640.12866411,128142247.0
2023-06-02,721266.0,479437.0,417687139.0684004,30128726.13526578,139281951.5
2023-06-03,635282.0,381453.0,331093463.8956832,23625499.65267871,137266876.5
2023-06-04,588801.0,364020.0,376937174.2812394,26178919.49258366,123885552.0
2023-06-05,610475.0,359254.0,351468446.2892638,24355694.08839815,135080271.0
2023-06-06,763100.0,462072.0,384577792.6788321,27031043.478327114,145644860.5
2023-06-07,734954.0,433781.0,343827827.89167106,25121515.433733575,143716098.0
2023-06-08,682296.0,407006.0,392218411.07642484,27695869.968815308,131919549.0
2023-06-09,676835.0,387084.0,430421503.0643882,30334803.515606057,123765499.5
2023-06-10,643676.0,365369.0,392218411.07642484,26188014.77306707,101391561.5
2023-06-11,561469.0,399201.0,415140266.2692028,27237566.629978757,133267804.0
2023-06-12,617352.0,370634.0,399859029.4740175,26511537.377856184,139894698.0
2023-06-13,682607.0,410483.0,374390301.4820418,24857915.761624184,146543712.0
2023-06-14,633244.0,330658.0,312388214.96659184,20934320.22248748,150383120.5
2023-06-15,689182.0,423069.0,385148460.1631553,24289275.439930815,159254898.0
2023-06-16,765014.0,512202.0,398160232.4659646,25815640.766585577,165091928.0
2023-06-17,662278.0,475252.0,364329624.47866035,24576941.293343797,168083698.5
2023-06-18,661930.0,439868.0,392955523.5448409,25864498.312777586,90175783.0
2023-06-19,614017.0,415604.0,369534333.3997841,24358877.690667883,110120490.0
2023-06-20,746599.0,447715.0,353920206.636413,24496915.027535625,124295961.0
2023-06-21,693078.0,363280.0,314884889.72798514,23415578.90437153,146560612.5
2023-06-22,722789.0,392041.0,356522561.09697485,27140370.526518404,136651244.0
2023-06-23,707501.0,374001.0,325294307.5702325,25333271.066190463,148565782.0
2023-06-24,683837.0,361437.0,379943751.2420316,29007262.104907636,130791173.0
2023-06-25,656558.0,382769.0,398160232.4659646,30195817.85050738,129644474.0
2023-06-26,692095.0,403979.0,379943751.2420316,29036935.726409893,133319191.5
2023-06-27,707936.0,434858.0,364329624.47866035,27695094.94705815,136957598.0
2023-06-28,627350.0,331278.0,280545974.4417444,21378015.35699098,140064572.0
2023-06-29,726305.0,438193.0,367574940.3012432,28907158.299600467,145175651.0
2023-06-30,753791.0,445197.0,397786579.2301125,31268571.422430255,140590367.0
2023-07-01,622117.0,324274.0,334845664.7949681,26154914.732571002,133962417.0
2023-07-02,534333.0,309920.0,430515854.7363876,33775253.848481484,87978137.5
2023-07-03,655439.0,328114.0,344916211.10459125,27990140.909918316,73861766.0
2023-07-04,645583.0,378556.0,357504393.99162006,28640397.54593083,69895451.0
2023-07-05,716586.0,493478.0,390233669.4978951,30309671.13015693,74217733.5
2023-07-06,709055.0,392688.0,349951484.25940275,27125275.64271407,77415368.0
2023-07-07,773326.0,556014.0,440586401.04601073,34013005.20105904,69162839.0
2023-07-08,695972.0,573697.0,448139310.7782279,34114021.652351,64970179.5
2023-07-09,732590.0,594265.0,425480581.581576,33188679.628863256,66786553.0
2023-07-10,679425.0,507115.0,387716032.92048943,29651100.59188326,78110532.0
2023-07-11,686922.0,432293.0,339880937.9497796,26664260.808558695,83822915.0
2023-07-12,752660.0,478320.0,382989765.58074266,28532856.624235082,88993167.5
2023-07-13,678891.0,375859.0,321592673.51184636,23641573.302443318,101696246.5
2023-07-14,760021.0,421666.0,369831574.5386234,27519041.337585144,98011735.0
2023-07-15,732135.0,484980.0,369831574.5386234,27066441.91831429,100810509.0
2023-07-16,732664.0,595145.0,415390536.6194682,29842687.815297596,102261956.5
2023-07-17,703876.0,428612.0,364471696.6467593,26196758.55308894,104445762.0
2023-07-18,775244.0,582684.0,434150109.2409926,31319782.33021599,110283840.5
2023-07-19,745057.0,480249.0,396630963.9979439,28328021.50246617,113878804.0
2023-07-20,685150.0,400400.0,343032185.0793028,24707512.102940787,119419187.0
2023-07-21,657357.0,323847.0,300153161.94439,21607034.364091497,123102724.5
2023-07-22,556589.0,288750.0,359111818.75489503,26432278.228747524,71348662.0
2023-07-23,691587.0,559624.0,393951025.0520118,28310247.069138404,65860065.0
2023-07-24,704020.0,529923.0,401990841.889808,28407356.750944234,67668322.0
2023-07-25,734826.0,462586.0,369831574.5386234,25712518.25357459,76366730.0
2023-07-26,737067.0,452746.0,381190141.57452464,26926803.941132326,80882023.0
2023-07-27,713630.0,413038.0,358973121.2673339,26347218.51898918,77962311.0
2023-07-28,720574.0,449225.0,364175630.2712082,26233809.358800165,80508170.0
2023-07-29,694496.0,423119.0,343365594.25571066,24706378.94273607,87215700.5
2023-07-30,800500.0,645854.0,437010756.32545,31692642.533020645,74376602.0
2023-07-31,677346.0,445666.0,366776884.7731455,27510234.359162603,86336807.0
2023-08-01,734323.0,412219.0,361574375.76927114,26122899.546493188,93718725.0
2023-08-02,698941.0,390768.0,400593193.2983291,29363951.078214865,86273047.0
2023-08-03,716303.0,476007.0,392789429.79251754,28247538.053915504,88038252.5
2023-08-04,641787.0,318486.0,314751794.7344015,23104041.166844852,91185001.0
2023-08-05,729623.0,500723.0,400593193.2983291,28591503.046726555,77432212.0
2023-08-06,771973.0,607275.0,426605738.3177011,30288540.36209772,66263883.0
2023-08-07,676210.0,427534.0,379783157.2828315,27209670.747621182,86488627.0
2023-08-08,616643.0,331194.0,325156812.74215025,23875114.96975787,95340167.0
2023-08-09,735662.0,506746.0,421650114.697692,30918658.40601437,93212622.0
2023-08-10,711323.0,358039.0,330756213.4390739,24172398.41337492,78762847.0
2023-08-11,733810.0,506538.0,393261324.6401588,28454990.93611478,99063942.0
2023-08-12,703004.0,503934.0,434931398.7742153,31294824.65651836,55765628.5
2023-08-13,650366.0,497112.0,351591250.5061022,25585662.894784916,88080237.5
2023-08-14,723900.0,568517.0,445348917.3077294,32337872.752744462,93117353.0
2023-08-15,786113.0,583063.0,445348917.3077294,31915144.915740907,75332529.0
2023-08-16,669749.0,566878.0,424513880.24070114,30586968.731064703,97919170.0
2023-08-17,769086.0,502274.0,406283222.8070514,28424682.20544334,97257677.0
2023-08-18,783855.0,423207.0,362008769.0396163,23433019.422335666,104948228.0
2023-08-19,628343.0,519780.0,364613148.6729948,23221911.614093296,32000094.5
2023-08-20,691316.0,612461.0,421909500.6073226,27190186.429498125,62764527.0
2023-08-21,739287.0,550074.0,429722639.5074582,27340334.701749604,9120835.0
2023-08-22,633631.0,420857.0,380936887.22817194,24046155.91841951,80709850.0
2023-08-23,652036.0,417822.0,392623891.9211836,23718914.63540224,103972752.0
2023-08-24,660102.0,399151.0,384329020.9651023,23333266.492939506,99250285.0
2023-08-25,706946.0,425192.0,373269193.0236605,22467915.225991674,104398099.5
2023-08-26,747932.0,497513.0,378799106.9943814,23075478.398958765,76623987.0
2023-08-27,606069.0,413594.0,320735010.301812,19271798.243833873,84812835.5
2023-08-28,636935.0,331345.0,326264924.27253294,19666378.699688364,110377704.0
2023-08-29,767879.0,500301.0,436863203.68695074,26890150.788067795,15377052.0
2023-08-30,665354.0,408001.0,348384580.1554164,22094413.287385218,38976948.0
2023-08-31,742110.0,437435.0,398153805.89190453,24961857.55441304,64182884.5
2023-09-01,769950.0,419548.0,417508504.7894277,25120794.91081459,81175401.0
2023-09-02,774348.0,539748.0,420273461.77478814,25144099.92728905,88497185.0
2023-09-03,696368.0,625257.0,436863203.68695074,26107291.39871566,84732536.0
2023-09-04,730142.0,573196.0,411978590.8187068,25039640.94070276,61683624.0
2023-09-05,753968.0,462093.0,342854666.18469554,21245406.274935115,98376476.0
2023-09-06,757286.0,485357.0,364419397.2930779,22504229.026187494,134968752.0
2023-09-07,785059.0,537939.0,393005453.9397736,24404908.237159327,116411381.0
2023-09-08,694292.0,414799.0,358011817.6300677,22598608.962329462,132062892.0
2023-09-09,927787.0,597409.0,406464544.828122,25270696.568339124,134267642.0
2023-09-10,847065.0,558395.0,395697272.1174433,24948509.55641232,137633879.0
2023-09-11,719793.0,459132.0,427999090.2494795,26180834.564799786,137970175.0
2023-09-12,784703.0,462328.0,379546363.0514252,23588981.36153588,147293942.0
2023-09-13,802393.0,512446.0,395697272.1174433,24786596.15628565,141988036.5
2023-09-14,875176.0,576215.0,436074544.7824885,27600711.13450581,142672771.0
2023-09-15,1017545.0,703692.0,506061817.40190023,32037508.81394793,147194018.0
2023-09-16,876224.0,593144.0,417231817.5388007,26464639.493225966,139614874.0
2023-09-17,854606.0,611220.0,401080908.4727827,25479813.23061756,145030121.0
2023-09-18,852484.0,635845.0,419923635.7164705,27760078.561090413,96173414.0
2023-09-19,741822.0,493887.0,385677556.7313763,25100244.17051251,109347787.5
2023-09-20,823616.0,551783.0,414558853.7494199,26065716.14019558,118158292.5
2023-09-21,763149.0,431540.0,391843300.11931473,24381114.451694295,125598511.0
2023-09-22,757791.0,441679.0,366288302.28544635,22706065.06682296,134830480.0
2023-09-23,882768.0,629617.0,442953295.78705144,27666483.922672935,132699150.0
2023-09-24,685778.0,441181.0,414558853.7494199,25269067.88255642,119046658.0
2023-09-25,635909.0,285750.0,411719409.5456568,24661550.73070846,120477147.5
2023-09-26,624716.0,309789.0,386164411.7117884,23061586.50874123,116422959.5
2023-09-27,621414.0,337265.0,445792739.99081457,26698372.824476056,98815011.5
2023-09-28,639899.0,378975.0,414558853.7494199,25747626.191917732,94932270.5
2023-09-29,713902.0,330269.0,417398297.95318305,25946534.412971754,73056716.5
2023-09-30,625600.0,275474.0,391843300.11931473,23854988.05610223,50962074.5
2023-10-01,613394.0,320516.0,400361632.7306042,24442856.9810465,29567007.0
2023-10-02,691873.0,344263.0,445792739.99081457,28329529.39362417,21245879.0
2023-10-03,676161.0,310664.0,466751379.41330886,28995037.486792862,53000337.5
2023-10-04,638418.0,287430.0,373280259.4846018,23240602.983478393,62832091.0
2023-10-05,687363.0,319310.0,401774935.7811363,25110031.20892198,66160376.0
2023-10-06,679001.0,298650.0,455914820.74455184,28870637.172927104,64546229.0
2023-10-07,596825.0,244567.0,487258964.67073977,31014954.909119453,56692156.0
2023-10-08,557949.0,242440.0,421721209.1887104,27314613.070051916,69567778.5
2023-10-09,599404.0,283648.0,444516950.225938,27541014.339650355,61908590.5
2023-10-10,629505.0,285060.0,461613756.0038587,28707330.94272675,63293366.0
2023-10-11,607097.0,264600.0,455914820.74455184,27666095.64227482,78706283.0
2023-10-12,624747.0,267090.0,470162158.89281905,28303571.441823736,79960421.0
2023-10-13,662518.0,279518.0,393226532.892176,24087147.492945295,78818525.5
2023-10-14,612783.0,265220.0,416022273.9294035,25258288.02604316,72572272.5
2023-10-15,571061.0,251923.0,475861094.15212595,28431414.424704663,68170377.5
2023-10-16,652765.0,299782.0,416156889.9191482,25518086.84010881,81258575.5
2023-10-17,645537.0,294257.0,491483968.444345,30742974.361832604,74260426.5
2023-10-18,613906.0,271345.0,439908490.27425945,26281695.00654422,79166279.5
2023-10-19,649723.0,282007.0,424739231.98894006,25797505.892024655,94442533.5
2023-10-20,705226.0,295888.0,406536122.04655695,26023036.304821745,91877532.5
2023-10-21,640544.0,270621.0,455077748.5595787,28815660.222291574,95911604.0
2023-10-22,577606.0,252457.0,464179303.53077024,28981484.98366903,90763973.5
2023-10-23,660705.0,301780.0,476314710.1590258,30814659.955034763,98037337.0
2023-10-24,755204.0,373854.0,382265308.79004604,28536795.17404676,121091167.0
2023-10-25,812853.0,476549.0,436874638.6171956,32725349.07621698,115806873.5
2023-10-26,778594.0,431256.0,455077748.5595787,33251001.232997146,104855138.0
2023-10-27,801082.0,452816.0,467213155.18783414,34005980.050704196,118122321.5
2023-10-28,819540.0,564383.0,485416265.1302173,34772370.76564866,122324666.0
2023-10-29,672955.0,410290.0,415637677.0177486,30266520.889385495,110605003.0
2023-10-30,779588.0,463202.0,482540025.495944,35089903.5789379,117381774.0
2023-10-31,782062.0,433751.0,481286782.8761844,33982514.00176837,93448964.5
2023-11-01,796206.0,463644.0,462656326.7648482,32922837.157770928,121305414.0
2023-11-02,806444.0,403541.0,447130946.6720681,33351243.132835437,121980113.0
2023-11-03,789502.0,452354.0,422290338.52361983,30526523.557337712,160868514.5
2023-11-04,957847.0,698917.0,521652771.1174128,40679663.2595844,171028973.0
2023-11-05,891683.0,673375.0,506127391.02463263,38240754.28128319,161598390.0
2023-11-06,725183.0,439319.0,394344654.35661566,30426194.06464776,169193559.5
2023-11-07,737771.0,450371.0,412975110.4679518,32192116.297135763,172582302.5
2023-11-08,837044.0,583201.0,462656326.7648482,37138019.602830954,189118396.5
2023-11-09,832393.0,573466.0,444025870.65351206,42386514.038143665,183723416.0
2023-11-10,848433.0,523831.0,478181706.85762835,41589897.60578385,181647755.0
2023-11-11,894325.0,627529.0,496812162.9689646,42293293.39069208,190478592.0
2023-11-12,880975.0,703327.0,506083624.1310116,44174930.492356926,216718357.0
2023-11-13,670301.0,428507.0,389037994.7160368,31884004.88571462,232555667.0
2023-11-14,745056.0,523422.0,443696225.37862045,34961118.48011874,237399358.0
2023-11-15,770577.0,561942.0,475848125.7683755,38830543.630601875,245783194.5
2023-11-16,813390.0,628426.0,475848125.7683755,45968659.957687706,46274454.5
2023-11-17,760684.0,536644.0,482278505.8463265,43669781.8707609,134614105.0
2023-11-18,748237.0,629266.0,479063315.80735093,46206459.47486679,155740478.0
2023-11-19,806772.0,710579.0,546582306.6258367,46808749.511597805,198001411.0
2023-11-20,804527.0,640670.0,533721546.46993476,45344546.355345115,205095018.0
2023-11-21,779702.0,522593.0,488708885.9242776,41691019.301160336,210891072.0
2023-11-22,777966.0,535829.0,456556985.5345224,38112934.25756094,225466998.5
2023-11-23,771284.0,587706.0,472632935.72940004,42565103.66364608,189632467.0
2023-11-24,841609.0,623898.0,540151926.5478858,43175803.346235916,221465722.5
2023-11-25,861295.0,617234.0,511215216.1971062,41000040.53691879,228885838.0
2023-11-26,817987.0,578484.0,492891191.48160595,37350394.614752516,244518284.0
2023-11-27,759608.0,479487.0,439166010.2949663,33990153.118594855,246619609.0
2023-11-28,713884.0,447662.0,496595411.64123106,37326757.10887134,265185871.5
2023-11-29,646160.0,360588.0,459435210.7701186,34687799.69065694,284793911.0
2023-11-30,701654.0,411882.0,452678810.6117344,34288709.36377425,283119142.0
2023-12-01,844580.0,496468.0,570915813.3834561,44330443.88131468,222987984.0
2023-12-02,689877.0,429362.0,429031410.0573902,33852262.01674702,238745395.0
2023-12-03,777188.0,707876.0,557403013.066688,46347878.82500001,238506647.5
2023-12-04,763939.0,570395.0,523621012.2747674,46775809.09590795,243927019.5
2023-12-05,674260.0,514962.0,466191610.9285027,46391610.444179684,221972884.5
2023-12-06,642605.0,467795.0,459435210.7701186,50935074.8445154,222884905.5
2023-12-07,647634.0,372050.0,388493009.1070856,38956627.59378403,223918116.5
2023-12-08,682971.0,411456.0,456057010.69092655,43486639.64278974,232794012.0
2023-12-09,739198.0,587398.0,530377412.4331516,49983455.1733174,235678210.5
2023-12-10,664453.0,536175.0,469318617.5512489,44686549.54716012,237769535.0
2023-12-11,690909.0,525486.0,528635575.20314026,47227552.40644524,240215986.0
2023-12-12,688671.0,543162.0,481794448.2864064,42108188.76068561,260766411.5
2023-12-13,617899.0,587920.0,498523422.18524003,47685314.57453177,275598902.0
2023-12-14,573978.0,570985.0,488486037.84593976,53487706.78018544,216777074.0
2023-12-15,706714.0,632636.0,545364549.1019738,61874809.91705933,144808146.0
2023-12-16,636391.0,638144.0,508560806.52454,63958242.19172744,95189791.0
2023-12-17,570690.0,616808.0,501869216.9650066,64128658.064254284,104001403.5
2023-12-18,715198.0,640936.0,562093523.0008074,59706278.14765298,167707058.5
2023-12-19,684666.0,662880.0,542018754.3222071,62467181.336199895,180497228.0
2023-12-20,659068.0,582506.0,485140243.06617314,57630882.3453147,190339121.0
2023-12-21,699086.0,588137.0,488486037.84593976,59081092.58587713,203894353.0
2023-12-22,772558.0,625531.0,562093523.0008074,60254531.70180586,188341749.0
2023-12-23,683793.0,608479.0,560327733.6667341,53244333.618783,194138067.0
2023-12-24,731313.0,723459.0,612085087.5512694,56344289.0489318,200403476.5
2023-12-25,572121.0,535741.0,497542848.9451839,45016232.312319785,204585756.5
2023-12-26,582914.0,553693.0,497542848.9451839,44429205.61532214,206016166.0
2023-12-27,647166.0,545556.0,461748399.3807821,46783050.714829125,26190621.0
2023-12-28,593042.0,417180.0,433112839.72926086,42422981.18148732,50286070.0
2023-12-29,703116.0,581449.0,540496188.4224659,49093691.46371118,112300553.5
2023-12-30,599027.0,533823.0,519019518.6838249,49356320.35824165,103744457.0
2023-12-31,690255.0,731351.0,558393413.2046669,56442917.34532426,80875534.0
2024-01-01,624628.0,657752.0,554813968.2482265,50875146.64536134,135729913.5
2024-01-02,550846.0,367319.0,468907289.29366255,43517765.64175245,165028297.0
2024-01-03,677059.0,502749.0,565552303.117547,49942736.51560193,197771125.0
2024-01-04,675009.0,482557.0,608505642.5948291,51742209.323741384,230316515.5
2024-01-05,645934.0,420884.0,493963403.98874366,42917989.38384478,281945958.5
2024-01-06,572161.0,382140.0,509059003.5142141,42219253.582897715,292972428.0
2024-01-07,510040.0,348688.0,429363547.6531167,35888603.51598232,310761834.5
2024-01-08,534011.0,414359.0,447556918.3163843,40680377.09676569,330229171.0
2024-01-09,618468.0,468088.0,553078468.1633366,49538486.491604716,326190585.5
2024-01-10,605995.0,383774.0,483943659.64291966,41930208.961562425,334490457.5
2024-01-11,664879.0,449075.0,629490624.9490609,55090803.641925655,323078786.5
2024-01-12,596693.0,375872.0,611297254.2857933,53989678.34155952,314468365.5
2024-01-13,715186.0,652483.0,578549187.0919114,48673245.39783318,340991887.0
2024-01-14,616604.0,591806.0,465750288.9796519,43605321.901035935,337316160.0
2024-01-15,568802.0,408499.0,414808851.1225025,35351902.51078625,292723776.0
2024-01-16,569684.0,470122.0,454834266.5816914,38834220.32375118,308570375.5
2024-01-17,647470.0,449415.0,440279570.0510773,36774948.19774859,316892894.5
2024-01-18,678147.0,484017.0,516691726.83680135,42582217.75309462,321514431.0
2024-01-19,627719.0,460763.0,480304985.51026607,38173782.20108948,358373072.5
2024-01-20,656529.0,563331.0,513378340.1866717,40838677.04548536,364642750.5
2024-01-21,621585.0,600202.0,489551347.763542,40129996.80070496,372886838.0
2024-01-22,620801.0,457620.0,559487254.5869052,44483822.24441322,372472960.0
2024-01-23,600773.0,368462.0,538506482.5398962,41501393.373973474,372936027.0
2024-01-24,564400.0,372499.0,524519301.1752236,39896278.22309834,209877567.5
2024-01-25,573766.0,340188.0,632919956.7514365,48344552.33062511,270621795.5
2024-01-26,683719.0,493218.0,531512891.8575599,41750111.50718081,281378070.5
2024-01-27,718169.0,597446.0,597952003.3397549,47675471.29990798,289531425.0
2024-01-28,731738.0,636523.0,559487254.5869052,45107620.53080758,304926666.0
2024-01-29,697324.0,575203.0,545500073.2222326,43764851.71744079,312844978.0
2024-01-30,687547.0,523509.0,503538529.1282147,41887695.838599674,315316445.0
2024-01-31,622142.0,444450.0,458080189.69302857,37948047.32824909,311830762.5
2024-02-01,680097.0,413272.0,535009687.19872814,43048043.6250182,315717290.0
2024-02-02,691810.0,429732.0,676117474.0216229,53422971.55081713,306301599.0
2024-02-03,668270.0,515539.0,566738184.6284933,48887964.89018517,316071066.5
2024-02-04,539397.0,336211.0,581751116.6716322,45783886.783488914,285476972.5
2024-02-05,525379.0,281482.0,585504349.682417,45076244.44078093,250788816.5
2024-02-06,521338.0,278093.0,638049611.833403,47917909.033910885,213520422.5
2024-02-07,640781.0,427538.0,600517281.7255559,47540598.549763575,238703816.0
2024-02-08,547079.0,285101.0,517946155.488292,42786545.164145045,220942422.0
2024-02-09,615935.0,334084.0,623036679.7902641,51030599.762858436,201914159.5
2024-02-10,637411.0,399252.0,570491417.639278,46943037.64336504,180071900.5
2024-02-11,558692.0,329938.0,514192922.47750723,48789312.40784685,186932808.5
2024-02-12,649038.0,409911.0,671828708.9304657,57764470.8403383,177310290.5
2024-02-13,589286.0,313178.0,506686456.4559378,44242861.69005214,180475066.5
2024-02-14,586548.0,296717.0,521699388.49907666,47673442.25853746,207023390.0
2024-02-15,612859.0,303306.0,605343973.9976323,53715187.405378364,195222742.5
2024-02-16,613011.0,312782.0,544386616.4219546,47283903.32749274,192852256.0
2024-02-17,590229.0,327713.0,609388003.457412,49886963.26454996,184866611.5
2024-02-18,563861.0,343417.0,491572989.4556458,41074931.24964146,187805843.0
2024-02-19,617452.0,366108.0,552511789.8013868,45808218.64349052,177223460.5
2024-02-20,638563.0,397096.0,572824723.2499672,47322899.81340297,163949850.5
2024-02-21,630339.0,369949.0,560636963.180819,46674931.29171306,175006469.0
2024-02-22,642155.0,365090.0,548449203.1116709,45627275.608025245,176654700.0
2024-02-23,679759.0,409204.0,645951283.6648567,53016307.2479841,158867500.0
2024-02-24,591315.0,340419.0,556574376.491103,45831218.69224145,138295494.5
2024-02-25,607478.0,418801.0,666264217.113437,54200240.79129108,126766088.0
2024-02-26,620435.0,356184.0,540324029.7322387,46477960.251152866,139395385.5
2024-02-27,674490.0,387598.0,524073682.9733743,48126498.31303941,152015067.5
2024-02-28,763915.0,413800.0,605325416.7676959,59287809.13205337,168681993.5
2024-02-29,772702.0,407090.0,540324029.7322387,56281732.801982574,173186883.5
2024-03-01,771270.0,419284.0,608054004.3789,63104927.27289995,173389726.0
2024-03-02,623680.0,339311.0,500960510.12181586,51776059.72787791,185504841.0
2024-03-03,633897.0,385447.0,611408496.6053661,63058947.8407899,185637874.0
2024-03-04,664743.0,361258.0,508849652.01349825,58085233.07854189,214074678.0
2024-03-05,772888.0,424347.0,658743347.9554589,75940656.31789975,201758438.0
2024-03-06,681667.0,381934.0,552239932.41775,61907827.1921857,166016198.0
2024-03-07,714978.0,436344.0,710022770.2513928,78496285.61822377,193007714.0
2024-03-08,716770.0,426928.0,607463925.659525,68298914.49705783,189262849.0
2024-03-09,632927.0,359029.0,642965064.1720946,74825227.26763998,166926887.0
2024-03-10,627815.0,368196.0,564073645.2552733,64382576.39751776,142810533.0
2024-03-11,684136.0,394098.0,670577060.7929822,78889620.04037066,143569558.0
2024-03-12,677201.0,341867.0,556184503.3635911,65796920.769616775,122055202.5
2024-03-13,710767.0,390118.0,631131351.3345715,75123785.8016119,114838214.0
2024-03-14,663447.0,329706.0,579720256.0482558,65996346.708157614,122519853.0
2024-03-15,749328.0,307904.0,529980321.6844611,57055498.61769609,124754287.5
2024-03-16,621787.0,355760.0,600922569.4689952,64039828.152366556,125433283.5
2024-03-17,601779.0,366109.0,609268716.2671757,63714127.09892728,116742026.0
2024-03-18,673489.0,416270.0,600922569.4689952,64782009.90499135,127439076.0
2024-03-19,755218.0,463952.0,655172523.6571684,66335356.25590292,123457505.5
2024-03-20,639266.0,361515.0,621787936.4644464,61496810.484660126,131848352.0
2024-03-21,611408.0,327642.0,500768807.8908293,52650436.9853116,130867265.0
2024-03-22,679058.0,339533.0,563364908.877183,57763066.570042595,126695643.0
2024-03-23,622559.0,326610.0,650999450.2580782,67132158.05324538,98646477.5
2024-03-24,566459.0,331527.0,709422477.8453414,70611540.39952184,98592072.0
2024-03-25,623335.0,317064.0,550845688.6799122,59244349.82163497,103658881.5
2024-03-26,648004.0,317742.0,559191835.4780927,61065374.79673613,113226022.5
2024-03-27,637151.0,355902.0,567537982.2762733,61355577.38783222,115598819.0
2024-03-28,696012.0,428670.0,630675249.3060845,69026805.74765356,105040569.5
2024-03-29,659374.0,449421.0,595046224.9834774,65030139.07199751,106323811.0
2024-03-30,614851.0,490072.0,640501144.9474928,69911455.80526887,101839962.0
2024-03-31,546293.0,319675.0,566120366.8245583,63236811.094294675,112737265.5
2024-04-01,648777.0,326410.0,619839817.691122,67281578.10449564,97934043.0
2024-04-02,685496.0,357709.0,611575286.7885739,63780735.35077506,104499147.5
2024-04-03,714141.0,372978.0,586781694.0809289,60472741.77505365,103741380.5
2024-04-04,655509.0,320607.0,570252632.2758324,60862190.09987233,96636968.0
2024-04-05,643705.0,348637.0,611575286.7885739,63802894.67461135,107128940.0
2024-04-06,673290.0,433591.0,640501144.9474928,67120728.4404542,104783196.0
2024-04-07,652726.0,526130.0,702485126.7166051,75192006.26475267,84974130.0
2024-04-08,685180.0,455617.0,652897941.3013152,72584586.6894471,113820927.0
2024-04-09,683771.0,453811.0,603310755.8860255,67373619.40642908,111144819.5
2024-04-10,703704.0,531054.0,626404079.729565,71054532.68350925,125196267.5
2024-04-11,631803.0,476241.0,566860609.5352726,65559919.89630068,136056350.0
2024-04-12,683741.0,448489.0,584038203.763614,70825577.10394244,129965616.5
2024-04-13,683432.0,507173.0,704281363.3620051,76211932.38547996,133400101.5
2024-04-14,665693.0,473328.0,674220573.4624075,67955125.97572012,134754372.5
2024-04-15,666015.0,503358.0,605510196.549041,70442667.80740799,151288467.5
2024-04-16,743368.0,454669.0,708575761.9190906,71877767.00329177,141684105.0
2024-04-17,661886.0,385606.0,588332602.3206996,61150117.08218653,136428295.5
2024-04-18,670913.0,418095.0,622687790.7773827,65075293.924565785,152495715.5
2024-04-19,727141.0,393190.0,648454182.1198951,71037817.02949977,142203957.0
2024-04-20,455683.0,631001.0,558271812.4211017,107755899.72006707,142206781.0
2024-04-21,484762.0,641668.0,601215797.9919556,50811252.45242319,140029655.5
2024-04-22,534717.0,671771.0,652748580.6769805,48173660.1556612,146616791.5
2024-04-23,441797.0,927010.0,721458957.5903468,65639395.803807706,27602107.5
2024-04-24,632356.0,606713.0,671772263.1512126,48915600.66247102,92455320.0
2024-04-25,633650.0,526242.0,630674365.8262494,36409098.09254012,117259956.0
2024-04-26,664327.0,442347.0,578118168.6740619,32499040.936198883,129522432.0
2024-04-27,673970.0,452967.0,613155633.4421867,31619688.840946402,132434778.5
2024-04-28,509501.0,487521.0,613155633.4421867,31312027.141232885,119705053.5
2024-04-29,603796.0,403064.0,573738485.5780463,29423593.585137557,121609838.0
2024-04-30,635509.0,498085.0,617535316.5382024,30170492.23089294,127308905.5
2024-05-01,587665.0,478881.0,578118168.6740619,26377886.0344961,127265585.5
2024-05-02,528151.0,559839.0,635054048.9222649,28934123.907706067,138281553.0
2024-05-03,537019.0,442742.0,564979119.3860149,26547169.042081006,155393538.5
2024-05-04,473521.0,660263.0,617535316.5382024,30920333.825437855,172972242.5
2024-05-05,429326.0,625998.0,608775950.3461711,35681540.38259586,161030333.0
2024-05-06,466177.0,519817.0,534321337.7139056,27451699.523492247,167836856.0
2024-05-07,495831.0,372643.0,534321337.7139056,26542339.523751885,164067254.5
2024-05-08,514675.0,450856.0,556219753.1939834,26652066.044506725,147572646.5
2024-05-09,513026.0,517193.0,613867438.0566123,29938747.98728028,170118652.0
2024-05-10,474605.0,713791.0,599332437.5790136,30606208.36564269,175125012.5
2024-05-11,445747.0,719306.0,657199017.7590562,32554247.885671068,151801541.5
2024-05-12,377543.0,557164.0,545599184.5546882,27399423.294996757,159995841.5
2024-05-13,466123.0,554780.0,607599091.8904481,30355615.83455146,157262812.5
2024-05-14,458041.0,422043.0,562132493.1775575,27735381.41456481,161270544.0
2024-05-15,516619.0,493012.0,582799128.9561441,29511955.524139453,177401713.0
2024-05-16,494221.0,476659.0,586932456.1118613,30728214.692413032,216175319.0
2024-05-17,514199.0,573492.0,640665709.1361867,35324406.77125815,197029294.5
2024-05-18,434371.0,401264.0,529065875.9318188,28438160.460786633,169527963.5
2024-05-19,405155.0,644119.0,636532381.9804695,34160984.651538335,165356644.5
2024-05-20,482108.0,626995.0,644799036.2919042,34153349.86327814,169963238.0
2024-05-21,508542.0,545041.0,570399147.4889922,32892686.805258278,174335448.5
2024-05-22,491272.0,583279.0,632399054.8247522,38917719.969275184,146159363.5
2024-05-23,533345.0,744761.0,706194547.0096976,39242392.129105315,137147890.5
2024-05-24,483309.0,736439.0,671140034.7624127,36019989.098269254,148640251.0
2024-05-25,465497.0,835040.0,671140034.7624127,35951527.47094528,146292054.5
2024-05-26,403848.0,852655.0,704697036.5005332,38481434.68217408,151135631.5
2024-05-27,430424.0,551610.0,515938901.7236049,28585797.2530652,155025307.5
2024-05-28,448181.0,596790.0,562079779.1135205,29815772.688825298,160605385.5
2024-05-29,449070.0,725428.0,574663654.7653158,32226288.58526037,167438234.0
2024-05-30,499634.0,510417.0,515938901.7236049,28767073.21231229,159280692.0
2024-05-31,528690.0,701471.0,620804532.1552316,36161250.32432566,23773739.5
2024-06-01,449639.0,740030.0,591442155.634376,32832191.95954163,42543987.5
2024-06-02,393004.0,729202.0,587247530.4171109,32078183.185947884,50280214.5
2024-06-03,482689.0,769224.0,658556159.1106174,36823366.331727035,68201343.0
2024-06-04,492874.0,627980.0,562079779.1135205,32048553.89609153,93919971.5
2024-06-05,460473.0,562049.0,515938901.7236049,31319807.03715118,115933255.0
2024-06-06,476121.0,613472.0,554910858.050012,34202196.12308967,114530480.0
2024-06-07,468301.0,263982.0,590944002.9609013,53491882.961922884,163440336.0
2024-06-08,599175.0,509927.0,715791327.5301057,48119315.7163209,129485165.5
2024-06-09,479357.0,767920.0,636721355.302943,38340669.02081185,127643052.0
2024-06-10,473053.0,658037.0,578459270.5039809,34813178.82369563,135964679.0
2024-06-11,485989.0,463737.0,511874030.7337383,28949556.468733203,144140391.0
2024-06-12,483313.0,690560.0,607590312.9034619,34256016.743545815,137656776.0
2024-06-13,469602.0,731254.0,603428735.4178218,34852983.52192254,24360023.0
2024-06-14,475827.0,604349.0,532681918.1619392,30591674.79776996,82889731.5
2024-06-15,426024.0,452945.0,557651383.07578,31162127.595971256,89812703.5
2024-06-16,410934.0,461748.0,678337130.1593444,36292992.32953328,117045637.0
2024-06-17,433551.0,441215.0,582620847.9896209,31186107.538808763,128257147.0
2024-06-18,484883.0,617202.0,632559777.8173028,33485505.869520124,132116335.0
2024-06-19,459862.0,634554.0,570136115.5327007,30061986.735367663,142159836.0
2024-06-20,465205.0,532756.0,553323137.1046984,30201406.01449225,144272763.5
2024-06-21,514658.0,592843.0,582332779.002438,29925254.56328548,146177752.5
2024-06-22,456727.0,681420.0,632247017.2026471,32753923.28446876,146905773.0
2024-06-23,358420.0,492352.0,465866223.2019504,23464996.032867584,140552426.0
2024-06-24,456565.0,528326.0,632247017.2026471,31298137.189054944,141813041.0
2024-06-25,441214.0,536347.0,515780461.4021594,25133580.118261546,152838904.0
2024-06-26,476277.0,490817.0,503301901.8521072,24985793.043253995,152997062.0
2024-06-27,501018.0,414624.0,540737580.5022639,26857887.760584537,155074793.0
2024-06-28,562499.0,593984.0,561535179.7523509,27387262.889348183,154357584.0
2024-06-29,502873.0,712249.0,653044616.4527341,30942499.76544558,147427130.0
2024-06-30,465981.0,505127.0,503301901.8521072,24120051.873250388,114216151.0
2024-07-01,650451.0,611062.0,586492298.8524554,29429485.801967986,117729084.0
2024-07-02,511492.0,592285.0,615608937.8025774,30046122.863910675,106115057.5
2024-07-03,503996.0,545044.0,603130378.2525251,29705029.940610602,107671079.0
2024-07-04,487582.0,538097.0,582332779.002438,26605753.728588175,109996759.0
2024-07-05,510689.0,490537.0,481691507.2021622,22301675.55097078,110308406.5
2024-07-06,461755.0,658042.0,652035052.9717106,31130289.064456522,117900045.0
2024-07-07,417263.0,673752.0,557193590.72128,26070247.73877693,124093979.0
2024-07-08,534832.0,593010.0,628324687.409103,28821766.3890455,7016259.5
2024-07-09,499299.0,654037.0,608566049.4402633,28449925.860777948,35359412.0
2024-07-10,460604.0,631745.0,537434952.7524403,25685789.998779457,52664638.5
2024-07-11,487442.0,642066.0,553241863.127512,26146374.020168208,61927407.0
2024-07-12,486027.0,658355.0,592759139.0651915,28054420.058989383,73647371.0
2024-07-13,418214.0,735686.0,608566049.4402633,30099376.59774986,61958064.5
2024-07-14,440649.0,586548.0,659938508.1592464,32595709.496098205,29545178.0
2024-07-15,482490.0,552901.0,604614321.8464954,30910692.54422916,41013490.5
2024-07-16,492843.0,529056.0,580903956.2838876,30723152.21640699,45112714.5
2024-07-17,476281.0,615870.0,628324687.409103,33282763.029105972,48836791.0
2024-07-18,481360.0,445574.0,515102118.23597115,26595779.884649936,54266819.5
2024-07-19,510414.0,507940.0,599556361.5235602,31188257.506723937,48488026.5
2024-07-20,444989.0,680335.0,672971426.1999145,35576298.58516339,34611341.5
2024-07-21,412253.0,859629.0,689285885.0168821,36593236.63656708,48187103.0
2024-07-22,504554.0,824999.0,730072032.0593011,40503193.649326466,45902403.0
2024-07-23,480641.0,838977.0,689285885.0168821,36418067.23043895,49344736.5
2024-07-24,484767.0,596458.0,571006058.5938667,30030873.28241354,51669156.5
2024-07-25,529053.0,719711.0,664814196.7914306,33681498.18421587,52768247.0
2024-07-26,529294.0,459067.0,652578352.6787051,34769098.691780806,60024172.5
2024-07-27,508959.0,445730.0,628106664.4532535,33621812.77255944,63584723.5
2024-07-28,431944.0,753703.0,603634976.227802,32416704.844024707,52656362.0
2024-07-29,543529.0,826129.0,725993417.3550591,40280474.14703804,49552655.5
2024-07-30,500916.0,683096.0,611792205.6362859,31830629.065246847,59621486.5
2024-07-31,542141.0,562819.0,613215974.0238556,29878304.716119498,58117037.0
2024-08-01,550192.0,544430.0,630987879.9602102,29941720.637247816,62361981.0
2024-08-02,531291.0,410113.0,563382035.6787592,25639623.020384252,58601825.5
2024-08-03,490026.0,504062.0,608452598.53306,26794833.618947934,61167363.5
2024-08-04,451025.0,524595.0,644509048.8165007,27703218.71189708,41248371.0
2024-08-05,572484.0,548857.0,703100780.5270916,26644591.438730378,78178357.0
2024-08-06,502085.0,485173.0,630987879.9602102,24947450.301382836,85372720.0
2024-08-07,483579.0,380097.0,549860866.8224689,24061710.957340345,103636859.0
2024-08-08,541524.0,487399.0,581410260.8204794,24746427.922946204,19899459.5
2024-08-09,505594.0,396419.0,585917317.1059096,25226758.914557975,27740544.0
2024-08-10,449194.0,548777.0,581410260.8204794,24917672.54543788,42909440.0
2024-08-11,407547.0,644814.0,725636061.954242,31274508.810764223,49210648.5
2024-08-12,459444.0,450024.0,617466711.1039201,25788167.68871333,64246430.5
2024-08-13,499256.0,579618.0,671551386.529081,28725350.5092765,66861969.0
2024-08-14,514603.0,504701.0,594742777.8026003,25374791.768216494,82376049.0
2024-08-15,517110.0,660924.0,690944705.8016886,30178079.4854486,79750500.0
2024-08-16,541657.0,575811.0,613213426.3989986,26519144.89827162,83650251.0
2024-08-17,468048.0,702540.0,643442257.2778225,28078460.501293756,86499970.5
2024-08-18,431177.0,769702.0,673671088.1566465,29963139.508225396,91078201.5
2024-08-19,479794.0,553394.0,561392573.463872,24384186.539100166,105238762.0
2024-08-20,522795.0,717337.0,647760661.689083,28878023.561539512,107333721.0
2024-08-21,528523.0,687685.0,634805448.4553014,28080429.310788065,106669071.0
2024-08-22,529070.0,795102.0,690944705.8016886,36484622.08943517,95505606.0
2024-08-23,531334.0,799839.0,708218323.4467307,32232355.760426287,101896415.0
2024-08-24,465477.0,794380.0,660715874.9228647,31977631.277370874,83098345.5
2024-08-25,410926.0,705838.0,574347786.6976537,27138221.863811824,68689602.0
2024-08-26,467689.0,600722.0,578666191.1089141,27674781.48507304,69595268.5
2024-08-27,500316.0,673811.0,613213426.3989986,28461613.063088853,77373106.0
2024-08-28,507535.0,733530.0,703794017.3679069,30760746.125384457,59622398.0
2024-08-29,537264.0,524362.0,587091196.5963086,25532872.340284314,61930314.5
2024-08-30,572225.0,542101.0,631567802.399059,26777389.05608681,60439808.0
2024-08-31,500461.0,701952.0,653806105.3004345,27970511.075326372,54228048.5
2024-09-01,474746.0,651871.0,631567802.399059,26315865.6573048,57366919.0
2024-09-02,497761.0,754904.0,742759316.9059358,31261759.40518042,64947414.5
2024-09-03,532190.0,582751.0,662701426.4609846,27866937.66663015,60746057.5
2024-09-04,517981.0,722736.0,671596747.6215348,27898460.763741877,59526625.0
2024-09-05,539154.0,721251.0,689387389.9426349,28611563.22602556,66772394.0
2024-09-06,541499.0,667267.0,644910784.1398844,25917996.827483136,66590653.5
2024-09-07,467697.0,781426.0,702730371.68346,27552792.156600785,67173909.5
2024-09-08,443983.0,910083.0,742759316.9059358,29124604.180054624,80067563.0
2024-09-09,484357.0,572398.0,644910784.1398844,26363933.229368545,93266071.5
2024-09-10,496236.0,568630.0,609329499.4976839,25238263.505764067,99028402.0
2024-09-11,485718.0,411402.0,495458846.64224994,19599003.467874914,112139364.0
2024-09-12,543579.0,563521.0,700222814.5578787,28445745.72975443,112471582.0
2024-09-13,541521.0,419047.0,566627672.3067043,23035281.81937533,116168702.0
2024-09-14,497081.0,638989.0,640335336.9970075,26924773.978994336,112599159.0
2024-09-15,450094.0,712474.0,695616085.5147347,28778640.08225594,104950924.0
2024-09-16,508716.0,504540.0,575841130.3929921,23610937.617898855,105163530.0
2024-09-17,512792.0,539113.0,691009356.4715909,29847118.119728208,103365728.5
2024-09-18,503606.0,541476.0,635728607.9538636,26402877.29540046,98198361.0
2024-09-19,534707.0,455707.0,562020943.2635604,24968850.56564683,103054647.0
2024-09-20,555435.0,526390.0,667975711.255871,29297347.49947946,98130851.5
2024-09-21,487325.0,557444.0,621908420.8244318,27029898.398331784,89675627.0
2024-09-22,439610.0,628230.0,626515149.8675756,27131378.855479404,79563390.5
2024-09-23,518528.0,580102.0,672582440.299015,29543659.11037773,78199622.5
2024-09-24,517079.0,532220.0,667975711.255871,31290121.05365632,82319471.0
2024-09-25,513256.0,503460.0,657005311.2676694,29194578.328504972,81193271.0
2024-09-26,515965.0,474766.0,571298868.1801282,27504637.734074116,91943205.0
2024-09-27,549045.0,451723.0,602061114.928289,29299201.002719067,101299011.0
2024-09-28,477266.0,507707.0,566904261.5018196,27651721.876248162,94278934.5
2024-09-29,462111.0,687427.0,681164035.1378452,32394943.423457727,93814153.5
2024-09-30,513555.0,594224.0,602061114.928289,27958492.500597544,103696873.5
2024-10-01,626337.0,632894.0,689953248.4944626,31840978.55680005,93154747.0
2024-10-02,504061.0,590981.0,681164035.1378452,31329411.523052048,90184078.5
2024-10-03,522348.0,582777.0,694347855.1727712,30552648.02459745,84584607.0
2024-10-04,553982.0,561425.0,742688528.6341666,34187225.99461169,85971531.0
2024-10-05,462401.0,757575.0,663585608.4246106,30081843.746234596,100451987.0
2024-10-06,435532.0,742158.0,667980215.1029191,30594592.733785067,96657832.5
2024-10-07,495630.0,717700.0,681164035.1378452,32782462.893268794,103740240.0
2024-10-08,556194.0,719458.0,733899315.2775493,33702482.37648855,94667821.0
2024-10-09,479175.0,536887.0,574966972.3426994,25530107.240756985,99151258.0
2024-10-10,495077.0,746211.0,709250575.4670075,30822864.724527977,98091877.5
2024-10-11,474119.0,633252.0,640613423.0024583,29763151.703211993,113360436.0
2024-10-12,440477.0,736321.0,654340853.4953684,30990848.915371027,110783984.5
2024-10-13,417442.0,648739.0,631461802.673852,28664910.99483269,102532214.0
2024-10-14,477679.0,611683.0,636037612.8381552,29906256.018050965,97546172.0
2024-10-15,510964.0,646891.0,713826385.6313109,33971085.75065951,94200408.0
2024-10-16,465015.0,708342.0,645189233.1667618,33194077.141254988,109842823.5
2024-10-17,529901.0,653027.0,718402195.7956142,38062121.87630825,98389855.0
2024-10-18,519056.0,474279.0,622310182.3452455,30684181.20402789,93110594.5
2024-10-19,480562.0,735561.0,791615158.4244666,38837709.34458331,83436489.0
2024-10-20,462770.0,778073.0,791615158.4244666,38382016.457399584,71878974.5
2024-10-21,482337.0,835011.0,782463538.0958601,37717977.99061954,79409221.5
2024-10-22,479204.0,700174.0,638125714.2515116,30775801.63184207,88524460.0
2024-10-23,496062.0,665187.0,718143298.2753785,33044108.439061753,68047310.0
2024-10-24,453818.0,681834.0,699119634.7449049,34240642.70925134,77668367.5
2024-10-25,585659.0,524014.0,727655130.0406153,34823376.2580687,58669578.0
2024-10-26,513505.0,597744.0,694363718.8622864,31704049.381140314,52669592.0
2024-10-27,452846.0,700814.0,765702457.1015625,36204165.491280206,48693904.0
2024-10-28,535356.0,702824.0,798993868.2798914,36537186.23732615,52944123.0
2024-10-29,580911.0,614981.0,746678793.571089,36386425.459195286,58435413.0
2024-10-30,553379.0,682099.0,803749784.1625097,38851883.66008345,95814269.5
2024-10-31,562550.0,562237.0,751434709.4537071,40964324.2741171,84885512.5
2024-11-01,556938.0,547888.0,727655130.0406153,33910747.10887455,92495485.0
2024-11-02,504261.0,544612.0,670584139.4491944,32026078.597759437,84478023.0
2024-11-03,452489.0,455402.0,627780896.505629,29094437.76393023,69672031.5
2024-11-04,518020.0,456826.0,720519107.2542773,32758541.06532931,62082414.5
2024-11-05,548496.0,465286.0,702351988.6923242,30868848.264778823,50636221.5
2024-11-06,622567.0,501641.0,773092476.7620546,36479752.335798346,66232992.5
2024-11-07,583392.0,553047.0,788251152.776997,37249666.19414604,63703853.0
2024-11-08,591256.0,497146.0,717510664.7072663,34871500.82626299,79087126.0
2024-11-09,502341.0,577368.0,702351988.6923242,34682488.73240887,82650554.5
2024-11-10,564887.0,558278.0,747828016.7371509,38393587.929907665,73729142.5
2024-11-11,623757.0,462458.0,687193312.6773819,36644575.45286638,80842104.5
2024-11-12,702614.0,503677.0,737722232.7271894,43018236.75243755,78975179.5
2024-11-13,636591.0,570979.0,697299096.6873435,40470156.6648386,84075525.0
2024-11-14,587387.0,503566.0,641717284.6325549,37903153.606656246,86653562.0
2024-11-15,619496.0,562223.0,757933800.7471123,46031461.68156306,75222890.5
2024-11-16,581986.0,602655.0,793304044.7819778,46321229.22102725,64580814.5
2024-11-17,518085.0,598496.0,757933800.7471123,43237003.20203371,64333481.0
2024-11-18,569926.0,673308.0,789177471.4803329,45939880.53391854,67633904.0
2024-11-19,547133.0,810805.0,889845955.1158988,53066002.6667557,70390693.0
2024-11-20,557265.0,664866.0,747470602.2973549,44849182.089420706,64410178.0
2024-11-21,666198.0,498512.0,732216100.2096539,45832910.82179196,60771334.0
2024-11-22,628962.0,540305.0,727131266.1804202,45870965.214776054,65378526.0
2024-11-23,590149.0,444699.0,701707096.0342517,44288731.70387781,56728897.0
2024-11-24,534909.0,463289.0,681367759.9173166,41610724.666828625,42998708.5
2024-11-25,593158.0,604870.0,859336950.9404964,52818949.67019584,38429353.5
2024-11-26,568082.0,475689.0,706791930.0634853,42134965.081264235,47101391.0
2024-11-27,599701.0,462119.0,676282925.8880831,40740155.28153788,42365330.5
2024-11-28,559054.0,523480.0,722046432.1511863,43708706.498148665,48060190.5
2024-11-29,551876.0,341781.0,615264917.5372787,38539203.27962367,53578235.5
2024-11-30,583648.0,640943.0,833912780.7943279,51219912.1666137,45320858.0
2024-12-01,501246.0,698223.0,803403776.6189257,50454109.55479435,59772533.5
2024-12-02,578842.0,311811.0,649582756.2207783,40042377.24841241,59472699.0
2024-12-03,613585.0,439519.0,811042070.6273791,48404742.07075664,63406674.0
2024-12-04,606514.0,502912.0,759383340.0141702,46080118.04099268,56495844.0
2024-12-05,676971.0,512490.0,800710324.5047373,50444083.64163084,65394611.0
2024-12-06,589966.0,414643.0,702558736.3396405,43413843.2028743,75385190.0
2024-12-07,523611.0,456101.0,733553974.7075658,46815725.79079835,78913895.0
2024-12-08,500126.0,420320.0,754217466.9528493,47090807.27574497,77115700.5
2024-12-09,548218.0,403264.0,862700801.2405878,54361566.26139102,66998782.5
2024-12-10,637676.0,441944.0,795544451.4434165,48841001.09533548,57302472.0
2024-12-11,617471.0,481168.0,733553974.7075658,46348479.76256849,67391140.5
2024-12-12,642365.0,474978.0,764549213.0754911,48612048.372051,70676244.5
2024-12-13,622796.0,523585.0,878198420.4245505,54813691.99291753,69991943.5
2024-12-14,547370.0,517482.0,821373816.7500207,51636670.970229216,71051724.5
2024-12-15,540459.0,378527.0,707724609.4009614,45484688.17443159,69424050.0
2024-12-16,628257.0,412747.0,796354777.917631,49902125.28962492,74838472.5
2024-12-17,587955.0,419707.0,733677850.1420219,46675781.88376012,81550985.5
2024-12-18,583495.0,414366.0,776835370.7386113,48207435.457878195,76947698.0
2024-12-19,634202.0,437574.0,782230060.8131851,49035041.54318009,80886431.0
2024-12-20,640920.0,398670.0,814598201.2606272,48792080.69288845,77159651.5
2024-12-21,516725.0,330225.0,782230060.8131851,46576983.07753663,74123679.5
2024-12-22,477331.0,336217.0,836176961.5589218,48657903.29092301,72588917.0
2024-12-23,528563.0,292681.0,749861920.3657429,42142590.40323516,73728943.0
2024-12-24,543738.0,326570.0,712099089.8437271,40475096.03004776,69038736.5
2024-12-25,465831.0,405831.0,814598201.2606272,48438682.85151064,60838300.0
2024-12-26,488028.0,298916.0,706704399.7691535,40408202.34206625,67819035.0
2024-12-27,568492.0,348241.0,852361031.782643,48511207.9152624,60410853.0
2024-12-28,513628.0,298580.0,771440680.6640378,43529291.78230904,80033687.0
2024-12-29,473130.0,419112.0,853049703.3260739,47490818.545648575,68013516.0
2024-12-30,546526.0,374721.0,867710155.9849901,47081028.01040803,63508048.0
2024-12-31,545227.0,312513.0,703991258.6293316,38391995.23616546,69213122.5
2025-01-01,469908.0,292213.0,764021520.9930731,41677508.02058292,51808870.0
2025-01-02,536381.0,402440.0,911368528.6131656,50856759.022372745,53906526.5
2025-01-03,580296.0,409341.0,774936114.1501169,43774428.96439177,62988791.5
2025-01-04,514543.0,432302.0,813137190.1997707,46859345.575336605,54125818.0
2025-01-05,477492.0,433954.0,851338266.2494245,49028390.2707316,46335676.5
2025-01-06,552854.0,366260.0,725820444.9434196,42889059.58256392,59819998.0
2025-01-07,534903.0,352121.0,731277741.5219413,43399566.37768761,63777829.5
2025-01-08,545474.0,399976.0,682162072.3152436,38731743.14653424,57256759.0
2025-01-09,551517.0,534013.0,829509079.9353366,45131715.5046244,52377510.5
2025-01-10,555569.0,408769.0,774936114.1501169,43118492.83665689,49902654.0
2025-01-11,493250.0,361190.0,753106927.8360293,41261535.49680089,40183377.5
2025-01-12,478512.0,380525.0,939753829.6056751,51325373.58876659,33781655.5
2025-01-13,527739.0,408248.0,702796044.3776932,38030872.878672,42100705.5
2025-01-14,555702.0,352684.0,845551490.8919123,48024069.39001907,33991931.0
2025-01-15,562243.0,354014.0,763192579.4414012,43360626.4550287,40088621.5
2025-01-16,552617.0,375439.0,702796044.3776932,40561226.41225965,42958887.0
2025-01-17,609681.0,425661.0,823589114.5051093,49088495.97809198,35266860.0
2025-01-18,548843.0,360666.0,713777232.5710948,42811968.75008991,44417424.0
2025-01-19,581784.0,388509.0,823589114.5051093,49783518.321237095,52068620.5
2025-01-20,611603.0,350291.0,834570302.6985108,52231151.07326733,74303948.0
2025-01-21,576234.0,324412.0,730249014.861197,44179305.061924905,55830425.5
2025-01-22,563550.0,432369.0,823589114.5051093,49976591.427646,47016624.0
2025-01-23,559393.0,326010.0,746720797.1512991,45141421.668283015,51623277.0
2025-01-24,555324.0,369243.0,768683173.5381019,46593684.6521943,54293544.5
2025-01-25,511721.0,338988.0,702796044.3776932,43120149.290072314,40543934.5
2025-01-26,468657.0,309651.0,752211391.2479999,45984551.185417086,37757735.5
2025-01-27,536813.0,332102.0,841602268.6110247,49678699.31219695,25440792.0
2025-01-28,526610.0,305953.0,795344639.2008113,48495894.35196659,28605193.5
2025-01-29,536882.0,355332.0,832962291.0549035,50806098.81323439,20583997.5
2025-01-30,563297.0,335134.0,779222788.4062003,48159480.94685502,8650459.5
2025-01-31,573440.0,328684.0,671743783.1087936,41215377.12005181,30492001.0
2025-02-01,547939.0,357439.0,988806848.7361435,59813383.882176995,3097504.0
2025-02-02,493629.0,383258.0,918945495.2928294,53478549.88510187,28651426.0
2025-02-03,594369.0,360484.0,822214390.5251629,46785079.346051134,11263147.0
2025-02-04,533329.0,308619.0,703987484.6980155,41194953.77868615,8421409.0
2025-02-05,549668.0,381126.0,773848838.1413299,44475327.26978206,2697371.5
2025-02-06,556046.0,428326.0,779222788.4062003,44757606.39731677,7174864.5
2025-02-07,547121.0,498394.0,929693395.8225701,56217352.926798366,5816224.5
2025-02-08,495840.0,469138.0,859832042.3792553,48611951.116211586,2076315.5
2025-02-09,458209.0,385420.0,795293751.4100475,43517930.313924514,4645694.0
2025-02-10,506614.0,359522.0,788864727.616627,43320703.27320515,4032672.0
2025-02-11,527971.0,337513.0,703735440.4637535,38861640.370031185,7442047.5
2025-02-12,524479.0,386539.0,754813012.7554775,40527088.43881252,15570977.0
2025-02-13,554664.0,379906.0,896695158.0102665,48803029.99107258,4222279.0
2025-02-14,555378.0,346002.0,862643443.1491172,46640110.77105758,7033784.5
2025-02-15,477805.0,306930.0,908045729.6306497,49782602.46558018,1498423.0
2025-02-16,439616.0,300091.0,856968157.3389257,46930841.28289941,1003977.0
2025-02-17,481661.0,333466.0,777514155.996244,41783251.277969725,17496613.5
2025-02-18,505135.0,422709.0,794540013.4268184,42231628.83348872,12350957.5
2025-02-19,504104.0,448569.0,715086012.0841366,38342134.3854138,27151078.5
2025-02-20,528372.0,480465.0,737787155.324903,40189160.098628856,39196243.0
2025-02-21,539520.0,459909.0,732111869.5147113,40005010.99108212,57964169.0
2025-02-22,481128.0,551849.0,788864727.616627,42595344.10286018,64653230.5
2025-02-23,401327.0,572814.0,728533880.978175,39879359.88534411,81160958.0
2025-02-24,502390.0,514086.0,714530229.8374169,40054809.07939585,73525045.5
2025-02-25,593036.0,497063.0,807968798.3546175,42857483.777941674,77877396.0
2025-02-26,551544.0,403575.0,862932662.1882651,44000914.86033099,75385671.5
2025-02-27,559897.0,325162.0,824457957.5047117,40758550.697296485,55106537.5
2025-02-28,639073.0,386183.0,857436275.8049003,40709492.42352019,48403869.5
2025-03-01,537837.0,290895.0,791479639.2045234,38951051.77210351,32564706.0
2025-03-02,502728.0,264912.0,692544684.3039575,35174001.36934307,55354805.5
2025-03-03,574113.0,374224.0,824457957.5047117,43308113.80620068,49274078.5
2025-03-04,572405.0,304773.0,802472411.9712528,39178869.15203415,45155300.0
2025-03-05,553079.0,309176.0,736515775.3708757,38822717.06369649,40750305.5
2025-03-06,582749.0,370349.0,934385685.1720064,49258687.207736224,17748498.5
2025-03-07,575233.0,313588.0,780486866.4377937,39648582.37221587,24749745.0
2025-03-08,490884.0,292451.0,753004934.5209701,37395283.79197848,15262066.0
2025-03-09,468931.0,300380.0,878012411.8108668,42556646.31233789,6494653.0
2025-03-10,561710.0,446224.0,858547242.188255,39454820.13211145,11060178.0
2025-03-11,555242.0,376740.0,769347528.7141508,35525727.06552882,11226283.5
2025-03-12,537118.0,428828.0,852972260.0961236,40530980.77892335,10900329.5
2025-03-13,548028.0,532638.0,886422152.6489124,42545126.21943221,7992266.0
2025-03-14,558542.0,439189.0,791647457.0826768,37405446.53126042,17447809.5
2025-03-15,483792.0,473428.0,735897636.1613616,35272290.97760472,18757611.5
2025-03-16,440114.0,471115.0,808372403.3590714,41508726.75968703,21698842.0
2025-03-17,511394.0,380493.0,780497492.8984137,37039423.93963551,15738654.0
2025-03-18,520296.0,369237.0,791647457.0826768,37114004.517978825,7169658.5
2025-03-19,523412.0,441661.0,847397278.0039921,40407764.34030447,50175576.0
2025-03-20,538832.0,337973.0,791647457.0826768,38405639.297976285,43443065.0
2025-03-21,542213.0,321230.0,808372403.3590714,38614236.487858675,26101475.5
2025-03-22,463442.0,413839.0,836247313.819729,40336852.4258118,12387871.0
2025-03-23,426406.0,533755.0,876571559.8921037,41846260.4654538,21471940.5
2025-03-24,542968.0,483673.0,870857131.0489082,42587257.93296199,26698747.0
2025-03-25,537123.0,505859.0,842582548.8719956,42414375.954737216,27079677.0
2025-03-26,551045.0,515068.0,859547298.1781431,42937270.49430426,25121450.5
2025-03-27,546963.0,437476.0,836927632.4366131,40835198.15509742,23737560.5
2025-03-28,555512.0,397685.0,870857131.0489082,42144592.72836342,24142715.0
2025-03-29,491096.0,290139.0,797343217.3889353,37087849.85340748,11507237.5
2025-03-30,448720.0,305206.0,774723551.6474054,35801263.66273607,399876.5
2025-03-31,536233.0,318279.0,836927632.4366131,39119908.76634413,1607086.0
2025-04-01,577515.0,356323.0,763413718.7766403,36330992.43618515,3313184.0
2025-04-02,561041.0,399055.0,972645626.8857933,47226883.76620056,1315316.0
2025-04-03,576015.0,392043.0,859547298.1781431,40851454.910893194,1310171.5
2025-04-04,568203.0,429861.0,1017884958.3688537,47375745.47185206,1670214.0
2025-04-05,491185.0,293474.0,948981343.907835,43634314.67975655,3488088.0
2025-04-06,468285.0,279475.0,875826848.0097468,37385270.598243356,439177.0
2025-04-07,561612.0,309387.0,875826848.0097468,36726339.728355154,997706.5
2025-04-08,560881.0,363972.0,924148329.2792498,38266546.404310316,245264.5
2025-04-09,553980.0,317312.0,791264255.7881161,33000042.95873312,2788970.5
2025-04-10,559681.0,322464.0,869786662.851059,37420617.70238005,183192.5
2025-04-11,574941.0,405030.0,893947403.4858105,39052696.81422857,1713171.5
2025-04-12,504593.0,409511.0,869786662.851059,38212138.6791121,1311766.0
2025-04-13,462177.0,455139.0,1038911847.2943201,47355383.40737958,1207144.5
2025-04-14,531419.0,441688.0,899987588.6444983,39919630.5512658,1215366.0
2025-04-15,547445.0,442899.0,869786662.851059,39338862.03654765,7824854.0
2025-04-16,543869.0,507129.0,893947403.4858105,39308538.08485719,1314306.5
2025-04-17,545464.0,557181.0,924148329.2792498,40902380.75468962,2855852.5
2025-04-18,515292.0,508733.0,821465181.5815556,36371220.00117252,7104244.5
2025-04-19,471006.0,545076.0,847396221.1293446,37461821.80553237,18412021.0
2025-04-20,423502.0,468737.0,753499802.4397362,32997150.701480925,12756951.5
2025-04-21,493498.0,444986.0,771877846.401681,34869989.28334006,11942687.0
2025-04-22,569473.0,518267.0,949532271.367147,43977633.27289226,6139516.5
2025-04-23,546333.0,418203.0,698365670.5539016,34345867.712945186,21673238.5
2025-04-24,569545.0,464739.0,863768066.2114046,41813843.909226455,9212075.5
2025-04-25,595179.0,392451.0,882146110.1733494,43579177.177242085,17777117.0
2025-04-26,486530.0,321357.0,814759948.9795519,39716472.20651905,4093620.5
2025-04-27,449536.0,441827.0,827011978.2875152,40230728.76315034,11584931.0
2025-04-28,513795.0,409765.0,863768066.2114046,42213546.56184839,8003082.5
2025-04-29,526876.0,467725.0,894398139.4813126,43904118.875818565,18455199.5
2025-04-30,558028.0,350729.0,808633934.3255703,39639336.21697385,20782298.5
2025-05-01,555979.0,331199.0,827011978.2875152,40939035.12337938,18555031.5
2025-05-02,613025.0,379268.0,974036329.9830736,49317846.31045347,7390518.5
2025-05-03,515130.0,389717.0,999957994.4593519,50395338.062251836,466270.5
2025-05-04,446087.0,347977.0,823060870.7158544,43157958.3121203,1737450.0
2025-05-05,531867.0,402262.0,1036227714.9300332,52286092.94880676,4033409.0
2025-05-06,526919.0,332218.0,817139569.4876828,41318522.62404085,5728167.0
2025-05-07,559340.0,343011.0,894116485.453914,46395931.94800696,5820652.5
2025-05-08,592201.0,373813.0,941486895.2792871,50308941.74009139,9136740.0
2025-05-09,603053.0,334543.0,828982171.944026,47753844.10631721,14640914.0
2025-05-10,503410.0,331074.0,888195184.2257423,48896451.99410062,3780055.0
2025-05-11,467125.0,281756.0,882273882.9975705,49492536.75833079,404202.0
2025-05-12,532368.0,378285.0,858588678.0848842,50187139.68053346,1120473.5
2025-05-13,534997.0,295785.0,769769159.6623099,42585530.2522898,11194868.0
2025-05-14,535430.0,326818.0,852667376.8567126,48033095.5708874,3252816.0
2025-05-15,540779.0,374153.0,864509979.3130558,48115854.702472426,4619042.0
2025-05-16,539053.0,363786.0,805296967.0313396,46100892.54743447,22787209.5
2025-05-17,474173.0,291797.0,853317480.0820746,46842170.668077596,2324081.5
2025-05-18,432229.0,629314.0,979723251.2998109,53324564.265465595,13553845.5
2025-05-19,499650.0,585883.0,852722089.09428,46633142.760079965,18266838.5
2025-05-20,536030.0,569769.0,895055809.829457,50269349.19490288,7131489.0
2025-05-21,567751.0,422191.0,870865112.2664988,49846442.67697942,1692735.5
2025-05-22,612816.0,467803.0,907151158.610936,52851545.1129847,10227759.5
2025-05-23,571289.0,444625.0,937389530.5646338,54588322.40563351,8889595.5
2025-05-24,500617.0,395420.0,852722089.09428,48275499.67356639,492031.0
2025-05-25,442797.0,356355.0,913198833.0016756,55807931.7439643,2124411.0
2025-05-26,516548.0,358290.0,925294181.7831548,52915104.91574241,1101721.0
2025-05-27,508812.0,422984.0,852722089.09428,49485358.525541104,11950246.0
2025-05-28,546095.0,541153.0,991818600.0812899,56299149.74145468,1340159.5
2025-05-29,542154.0,382859.0,961580228.1275918,53953669.204095624,180615.0
2025-05-30,594597.0,396232.0,937389530.5646338,51603272.39586039,461782.0
2025-05-31,506671.0,299392.0,1016284104.8877773,52781971.99353161,742561.0
2025-06-01,452800.0,256072.0,839539043.1681639,43808675.73054219,1309499.0
2025-06-02,516152.0,346488.0,839539043.1681639,44023056.63066118,1476073.0
2025-06-03,560813.0,358895.0,908974603.1294405,48097470.03912732,4077689.0
2025-06-04,545490.0,337037.0,795352777.73826,41910547.6862086,250402.5
2025-06-05,562558.0,320509.0,845851366.801007,44003996.223430805,167845.0
2025-06-06,543873.0,298643.0,845851366.801007,43897190.94928961,1806655.0
2025-06-07,473987.0,290718.0,902662279.4965969,47398989.35463319,600437.5
2025-06-08,436494.0,307505.0,965785515.8250304,50908063.18071988,2000727.0
2025-06-09,506842.0,361275.0,883725308.5980667,47302374.792630896,8991339.5
2025-06-10,558332.0,428797.0,1066782693.9505239,58400130.58904057,1583733.5
2025-06-11,519320.0,347263.0,890037632.2309102,48716612.982634395,5209541.0
2025-06-12,549165.0,425413.0,934223897.6608136,50245393.68482558,4197991.5
2025-06-13,567837.0,351499.0,915286926.7622839,48859546.300097495,5481833.5
2025-06-14,474984.0,273850.0,949216466.5546213,50643856.22323849,410440.5
2025-06-15,439669.0,281934.0,854616743.0404905,45795101.48493961,446883.0
2025-06-16,527740.0,361092.0,917456209.4405266,49380099.58294062,2688756.0
2025-06-17,518441.0,354536.0,741505703.5204258,39628952.11119688,2500788.5
2025-06-18,526045.0,441317.0,879752529.6005048,47261638.10736218,1226889.5
2025-06-19,501017.0,308332.0,798061223.2804582,42106155.08953161,8304428.5
2025-06-20,543938.0,353459.0,948875942.6405447,50034488.67835489,2416415.5
2025-06-21,455627.0,309613.0,886036476.2405084,46573282.15737069,639046.0
2025-06-22,434126.0,265421.0,672382290.480386,34173347.374878295,650318.0
2025-06-23,477910.0,290678.0,672382290.480386,34611323.91322129,19243873.0
2025-06-24,498971.0,279124.0,735221756.880422,39244053.8123115,9946705.5
2025-06-25,516000.0,387919.0,898604369.5205159,48334581.60969528,4321735.5
2025-06-26,540682.0,504341.0,986579622.4805663,53545026.820175804,13913711.5
2025-06-27,524379.0,335434.0,722653863.6004148,38960959.605642885,15165905.5
2025-06-28,457275.0,388943.0,911172262.800523,49716381.355829924,1492600.0
2025-06-29,442209.0,380608.0,995260121.1336331,57849729.577137694,333745.5
2025-06-30,521131.0,339268.0,843035679.3574839,49333586.62119861,2347103.0
2025-07-01,542508.0,325613.0,779081248.5096745,45807660.2879142,3524763.0
2025-07-02,572880.0,366147.0,889547992.701345,52803407.75673417,569015.5
2025-07-03,571346.0,361041.0,877919914.3653797,52184667.003364585,2676262.5
2025-07-04,527167.0,366873.0,924432227.709241,54347747.508406095,988271.5
2025-07-05,426226.0,427456.0,912804149.3732755,53453223.3439726,5837801.5
2025-07-06,436195.0,506401.0,930246266.8772235,54687593.79042116,583971.5
2025-07-07,493343.0,360355.0,877919914.3653797,52453309.478894114,11771415.0
2025-07-08,521277.0,354753.0,825593561.8535358,49375267.19171441,1740815.5
2025-07-09,542076.0,444726.0,953502423.549154,56605834.9159897,2780360.5
2025-07-10,605456.0,446575.0,994200697.7250328,60482809.52680318,384446.5
2025-07-11,626638.0,408758.0,872105875.197397,55661378.165088564,971598.5
2025-07-12,501978.0,395744.0,918141001.6128464,56609152.581327505,285188.5
2025-07-13,466718.0,399761.0,859946006.057642,53264048.43253949,5159015.5
2025-07-14,598435.0,457360.0,910161831.228891,56958970.224478096,910988.0
2025-07-15,560371.0,418737.0,1029424416.010608,62994556.22886511,2194271.0
2025-07-16,542511.0,399196.0,822284137.1792051,49061620.40880899,11062049.0
2025-07-17,594592.0,433844.0,853669027.9112357,51923875.82709622,1516265.5
2025-07-18,580677.0,452162.0,903884853.0824848,55577251.70091847,415891.5
2025-07-19,477264.0,426040.0,891330896.7896729,55140355.74943248,2570914.5
2025-07-20,455280.0,414919.0,935269743.8145157,55345444.39756341,470251.5
2025-07-21,537794.0,384438.0,941546721.960922,55845562.11065112,1139064.5
2025-07-22,519024.0,421750.0,941546721.960922,56703249.71929671,7467223.0
2025-07-23,535701.0,366826.0,878776940.4968604,52375243.840705484,693981.0
2025-07-24,528797.0,409736.0,922715787.5217032,55738019.27735036,4684612.5
2025-07-25,577530.0,427905.0,1004316503.4249833,61024159.251095384,1077285.0
2025-07-26,491132.0,573275.0,970032969.1338755,57613130.504926935,516373.0
2025-07-27,457112.0,472894.0,869131963.3112651,52743508.35291669,151510.5
2025-07-28,529385.0,502252.0,919884194.7454995,57401899.31434401,4986365.0
2025-07-29,561483.0,350960.0,710531240.0792824,44261671.20515351,1863689.0
2025-07-30,554145.0,423333.0,869131963.3112651,52500144.0726225,1862587.0
2025-07-31,584264.0,485215.0,976980455.1090133,57319369.463227905,982594.5
2025-08-01,636772.0,400385.0,957948368.3211753,56353797.87732009,5147981.5
2025-08-02,526686.0,309743.0,919884194.7454995,52630766.709140696,19742413.0
2025-08-03,462597.0,283479.0,983324484.0382924,58460508.735578604,574196.5
2025-08-04,542397.0,443301.0,1084828946.9067616,63216750.855126135,501236.5
2025-08-05,569616.0,411399.0,875475992.2405444,49657668.28134079,1115942.5
2025-08-06,665517.0,496208.0,913540165.8162203,52223364.3962656,2363624.0
2025-08-07,634516.0,565200.0,1021388657.6139685,59669628.45612645,670348.5
2025-08-08,749938.0,474798.0,870485436.2761792,50684514.53970229,5855732.0
2025-08-09,591211.0,376121.0,746374213.3917352,43614181.876055986,293419.5
2025-08-10,489536.0,400467.0,868625162.1369333,51005043.20194832,400661.5
2025-08-11,552696.0,449633.0,945836287.6602162,55915983.724809095,1918879.0
2025-08-12,543783.0,367063.0,881493683.0574806,53843540.11236853,551610.5
2025-08-13,562007.0,441094.0,1003744631.8026783,60045859.57365181,326072.5
2025-08-14,630373.0,484085.0,1042350194.56432,61609577.20507048,300732.0
2025-08-15,555918.0,430405.0,862190901.6766596,51476198.521993086,473184.5
2025-08-16,475351.0,401706.0,978007589.9615842,56291249.48949163,979413.5
2025-08-17,434867.0,440879.0,978007589.9615842,57118058.45187763,266477.0
2025-08-18,506163.0,478104.0,990876110.8821313,57700190.9822444,395123.5
2025-08-19,508055.0,412417.0,862190901.6766596,49935656.50295718,2473128.0
2025-08-20,534876.0,424869.0,907230724.8985746,51965866.520033605,3381693.0
2025-08-21,536698.0,447767.0,958704808.5807632,55379284.1129266,343415.0
2025-08-22,559414.0,459717.0,939585701.641628,53263914.816695295,1966831.5
2025-08-23,487009.0,467080.0,980001769.6141683,55282142.914973006,130549.0
2025-08-24,443678.0,525890.0,1057370330.3731811,61885477.45943765,328622.0
2025-08-25,525919.0,482127.0,909080588.9184059,51120833.63289729,923989.5
2025-08-26,528702.0,456605.0,967107009.4876657,56297907.75003928,704656.5
2025-08-27,526965.0,499276.0,967107009.4876657,54198229.94353496,489102.5
2025-08-28,547915.0,575612.0,1025133430.0569257,57745298.994550705,280115.0
2025-08-29,597526.0,596157.0,1063817710.4364324,58475677.66527168,472083.5
2025-08-30,495905.0,628513.0,1018686049.9936746,54713066.34255501,542812.5
2025-08-31,446532.0,472908.0,851054168.3491462,46665914.96970029,495042.5
2025-09-01,521197.0,598757.0,1038028190.1834283,58509888.881842114,281482.0
2025-09-02,544795.0,592659.0,1050922950.3099302,61013436.12510861,369718.0
2025-09-03,541497.0,411173.0,883291068.6654017,49232179.806125626,6488822.0
2025-09-04,540435.0,395181.0,902633208.8551546,50416444.85079042,5363332.5
2025-09-05,587857.0,416432.0,957592801.7399701,54223984.82193413,453852.0
2025-09-06,481276.0,441035.0,946761026.3534616,51557818.35938023,200475.0
2025-09-07,458587.0,586276.0,1041437128.988808,53775093.15064921,1707562.5
2025-09-08,511832.0,567934.0,1082012601.5468137,59163170.858251974,2056004.5
2025-09-09,549610.0,619514.0,1129350652.8644862,59621353.915624365,468417.5
2025-09-10,542027.0,643239.0,1149638389.1434891,61107717.83874749,112448.5
2025-09-11,537753.0,598468.0,1014386813.9501374,55434703.508697584,281969.0
2025-09-12,543345.0,396513.0,811509451.1601102,45996051.3087754,4291544.5
2025-09-13,526152.0,533108.0,953523605.1131293,56615798.65069372,1426074.0
2025-09-14,494770.0,534198.0,1034674550.2291405,58590040.977576114,2308017.5
2025-09-15,549560.0,535154.0,1102300337.8258162,60079253.51947369,1277536.5
2025-09-16,546260.0,536633.0,1082012601.5468137,59237319.60654769,478771.0
2025-09-17,517428.0,362913.0,865610081.2374508,58799712.10291436,341783.5
2025-09-18,536964.0,448521.0,1087599379.1411881,60565164.56275341,1105440.0
2025-09-19,553195.0,478312.0,1188749380.7897809,65203654.13159877,356616.5
2025-09-20,535837.0,498549.0,1082611043.2192645,56549857.186625816,8620811.0
2025-09-21,467555.0,513490.0,1146294045.7615743,59677110.55222099,316745.0
2025-09-22,515742.0,456797.0,1061383375.7051616,54197851.96025491,927496.5
2025-09-23,506650.0,495947.0,1018928040.676955,51049596.047497146,1087414.5
2025-09-24,502339.0,522936.0,1082611043.2192645,55101523.83746149,247467.0
2025-09-25,542099.0,431725.0,997700373.1628518,50173577.36223641,464825.0
2025-09-26,553168.0,419078.0,934017370.6205422,49131500.76535409,1560314.0
2025-09-27,484214.0,526116.0,1096762821.5620003,57571424.46552212,438995.5
2025-09-28,458537.0,635424.0,1167521713.2756777,57694137.5158762,492467.0
2025-09-29,521335.0,444460.0,990624483.9914839,52005476.55065172,468512.5
2025-09-30,561370.0,555361.0,1139218156.5902066,59806339.233965605,261876.0
2025-10-01,577245.0,473880.0,1076906913.283782,58814143.62506912,1252653.0
2025-10-02,595776.0,381586.0,1019764936.475331,52703238.64085598,3043337.5
2025-10-03,595427.0,387726.0,884796047.8241848,45203497.90500219,8520153.0
2025-10-04,544104.0,422031.0,1004768393.2918702,54672826.381599,410586.5
2025-10-05,497949.0,525372.0,1117242467.1678262,61639031.92476243,225446.5
2025-10-06,550307.0,431274.0,922287405.7828363,48326772.4491213,4465384.0
2025-10-07,561921.0,430492.0,1034761479.6587919,54530174.102237426,1186902.0
2025-10-08,546778.0,427474.0,1109744195.5760958,58604481.531066805,552933.0
2025-10-09,543331.0,367782.0,899792591.007645,46140046.75896492,3447794.0
2025-10-10,584389.0,418155.0,989771850.1084098,50087834.21199739,4562943.5
2025-10-11,546781.0,444087.0,1102245923.9843652,53304513.956858695,258799.5
2025-10-12,465507.0,463487.0,1087249380.8009045,52631008.27803633,298584.5
2025-10-13,504968.0,491572.0,1139737281.943017,55772581.81280702,370665.5
2025-10-14,524219.0,562791.0,1267207899.0024335,62702029.02424291,927563.0
2025-10-15,542831.0,480244.0,1079751109.2091742,56483930.76401499,1143379.5
2025-10-16,556999.0,497400.0,1124278123.987008,53836990.62783982,927903.5
2025-10-17,591614.0,480068.0,1159633832.2093213,55014779.838728644,636742.5
2025-10-18,481991.0,564018.0,1203393599.4625034,55526576.457383774,515211.5
2025-10-19,443995.0,443253.0,1013767941.3653816,47138834.98135011,974064.0
2025-10-20,507550.0,424653.0,1086700886.7873514,57476921.76238207,271201.0
2025-10-21,538842.0,429039.0,1093994181.3295484,53878170.125397824,442277.0
2025-10-22,507518.0,489141.0,1115874064.956139,54748141.490670696,691261.0
2025-10-23,527286.0,426260.0,1035647824.9919723,48853931.9317649,261023.0
2025-10-24,546753.0,571212.0,1305499723.053261,67896489.5775563,102552.5
2025-10-25,461245.0,504399.0,1166927126.751518,58063431.451331414,322654.5
2025-10-26,433092.0,521328.0,1072114297.7029574,52688113.772418,1504985.0
2025-10-27,522563.0,507349.0,1072114297.7029574,55381422.5990335,349897.5
2025-10-28,504390.0,524707.0,1181513715.835912,59559818.98605979,701773.5
2025-10-29,517043.0,392028.0,929747081.6588961,46366755.927553706,443163.0
2025-10-30,540811.0,554058.0,1240553837.6668227,59014847.657342404,1108303.5
2025-10-31,572374.0,460063.0,1085484607.9584696,49097139.10761869,283100.5
2025-11-01,498680.0,391320.0,1069977684.9876347,48497027.14215949,231557.5
2025-11-02,446508.0,408092.0,1201786530.2397344,57248581.06084638,1876153.0
2025-11-03,547702.0,447703.0,1100991530.929305,50213843.6104412,329154.5
2025-11-04,582796.0,375984.0,1015703454.5897113,44261372.2975437,3641086.5
2025-11-05,550413.0,396072.0,1069977684.9876347,48614915.985910416,5586248.5
2025-11-06,534781.0,416278.0,1085484607.9584696,47273620.26287099,2201482.5
2025-11-07,569444.0,476245.0,1100991530.929305,46148651.64133788,1474281.5
2025-11-08,470481.0,351420.0,930415378.2501172,38668844.67289409,920052.5
2025-11-09,442498.0,466347.0,1093238069.4438875,45526140.89176192,1318793.0
2025-11-10,526898.0,449593.0,1085484607.9584696,48089956.88308448,291115.0
2025-11-11,506473.0,481949.0,1186279607.2688992,52980490.17789942,453006.5
2025-11-12,504920.0,451023.0,1086613750.3494294,46339949.39854222,458059.0
2025-11-13,504920.0,451023.0,1086613750.3494294,48630916.473970026,1543806.0
2025-11-14,504920.0,451023.0,1086613750.3494294,46392333.27877709,1769259.0
2025-11-15,504920.0,451023.0,1086613750.3494294,44397206.72613286,376981.5
2025-11-16,454407.0,581852.0,1203542966.8475492,51839181.95550078,203636.5
2025-11-17,515090.0,415543.0,938612125.0886546,37623941.963384494,344415.0
2025-11-18,517212.0,317239.0,1006737198.683799,39760940.62876144,892002.0
2025-11-19,535320.0,361791.0,1037015009.1705301,41686318.65990569,1115559.5
2025-11-20,545087.0,361895.0,991598293.4404337,37391178.738754086,858142.5
2025-11-21,603204.0,413267.0,1142987345.8740876,41307351.470361225,345715.5
2025-11-22,485120.0,472342.0,1082431724.900626,38587770.65295698,514886.5
2025-11-23,442816.0,317173.0,1074862272.2789433,39803642.23436507,277042.5
2025-11-24,503446.0,400125.0,1082431724.900626,40374787.099114954,303873.0
2025-11-25,513166.0,350825.0,870487051.4935104,32874235.57422186,810950.5
2025-11-26,535443.0,477042.0,1241390229.9559624,48827581.66636605,3252533.5
2025-11-27,525809.0,403825.0,1061465507.6302311,45073841.77706884,316754.5
2025-11-28,543603.0,511691.0,1113270480.6428328,43668909.077361286,330741.0
2025-11-29,475990.0,400703.0,1016787038.987121,40823502.876211286,260103.5
2025-11-30,450764.0,517534.0,1239441135.1156871,50114996.21209714,1168028.0
2025-12-01,557926.0,402123.0,987099826.1699785,37889948.704963274,306332.0
2025-12-02,546016.0,412650.0,942569006.9442655,37209087.675037675,2057022.5
2025-12-03,542787.0,429624.0,979678022.9656931,40366905.180626564,389042.5
2025-12-04,540083.0,414109.0,979678022.9656931,38650213.12878416,1295616.5
2025-12-05,534245.0,356330.0,883194581.309981,35290934.7860603,391459.0
2025-12-06,465393.0,527061.0,1209753922.2985451,47551994.39825927,1179447.5
2025-12-07,438543.0,543191.0,1187488512.6856885,46180600.132956564,326325.5
2025-12-08,477476.0,580273.0,1098426874.2342618,42346198.7392924,1343217.5
2025-12-09,507794.0,448961.0,957412613.3528363,38202403.79200807,500337.5
2025-12-10,511694.0,550483.0,1150379496.6642606,46194650.58886004,234104.0
2025-12-11,513356.0,472857.0,1179902024.3226545,45569903.27880048,340810.5
2025-12-12,537832.0,417151.0,1068190154.3848839,45186891.408350185,299755.0
2025-12-13,463369.0,495923.0,1053456497.083023,41126223.45601717,590452.0
2025-12-14,429658.0,416686.0,942954067.3190697,36576336.1609944,175182.5
2025-12-15,507663.0,423355.0,987155039.2246507,38200148.6397923,238835.0
2025-12-16,507318.0,443734.0,1082923811.686744,42372123.497608654,721783.5
2025-12-17,511367.0,446512.0,1016622353.8283721,39521708.66966769,465422.5
2025-12-18,518421.0,463881.0,1060823325.7339536,39870185.26024819,612266.5
2025-12-19,556166.0,434180.0,1068190154.3848839,41624840.89061918,278290.0
2025-12-20,488594.0,440896.0,1082923811.686744,40764665.21079847,615383.0
2025-12-21,436144.0,441101.0,1016622353.8283721,38282066.66061573,173982.0
2025-12-22,497545.0,427277.0,1023989182.4793022,40642087.56592057,463975.5
2025-12-23,520980.0,431004.0,1068190154.3848839,40027962.17182731,675354.5
2025-12-24,513917.0,501255.0,1171325755.4979067,45269766.079836465,625556.0
2025-12-25,431619.0,464027.0,1016973817.768314,40816647.87350074,306130.5
2025-12-26,477921.0,517078.0,1149714808.6043208,45337497.94168463,374772.0
2025-12-27,457336.0,470913.0,1002315474.1678696,37966099.35216447,907575.5
2025-12-28,435884.0,543992.0,1142344841.882498,44392018.14136716,424330.5
2025-12-29,516338.0,547262.0,1134974875.1606758,44333071.48601913,397266.0
2025-12-30,539847.0,369499.0,877026039.8968855,32980772.1386752,802652.5
2025-12-31,547272.0,408137.0,980205574.0024016,39763257.030322805,307149.5
2026-01-01,441382.0,469099.0,1112864974.9952078,45043745.663201086,711372.0
2026-01-02,518434.0,458965.0,1061275207.9424502,43248637.866295256,323032.5
2026-01-03,473968.0,501272.0,1142344841.882498,46119804.59737659,209255.5
2026-01-04,460281.0,474589.0,1068645174.6642727,42701072.629889734,148983.5
2026-01-05,519989.0,409625.0,972835607.2805791,39260031.2528147,504782.0
2026-01-06,517888.0,424895.0,958095673.8369341,39870766.30093992,857890.0
2026-01-07,485087.0,425191.0,1083385108.1079175,43059881.472027756,1403464.0
2026-01-08,476585.0,334415.0,965289669.1289088,38242426.304593824,3637248.5
2026-01-09,512937.0,355655.0,1033929118.9983668,43360680.846190974,1258643.0
2026-01-10,451552.0,488786.0,1179552938.5756013,47192741.628271244,711670.5
2026-01-11,412668.0,290317.0,888305299.4211321,34774842.27136028,158890.0
2026-01-12,469584.0,411249.0,1033929118.9983668,41898399.34618774,694615.5
2026-01-13,489392.0,336329.0,982960782.146335,39887018.4843792,1375143.0
2026-01-14,501548.0,324327.0,902867681.3788556,38606951.33265132,3577476.0
2026-01-15,516730.0,374223.0,1012085546.0617816,43945622.19613658,1461891.5
2026-01-16,517080.0,361943.0,946554827.2520258,39642363.47762159,905022.5
2026-01-17,451781.0,357391.0,1084897455.850399,47584024.47027049,193991.0
2026-01-18,411852.0,332526.0,1019366737.0406432,44190394.54358933,1414544.5
2026-01-19,460095.0,354595.0,1092178646.8292608,47264334.37584556,176073.0
2026-01-20,466340.0,383148.0,968398400.1886113,38654976.78246953,1671354.5
2026-01-21,503455.0,428195.0,997523164.104058,49726716.484967105,187812.0
2026-01-22,478520.0,464040.0,1163912656.954194,46464034.7438881,401448.0
2026-01-23,500192.0,436563.0,985930374.4704596,42235350.854145795,135914.0
2026-01-24,421686.0,289144.0,690151262.1293219,28729263.387003347,1718078.0
2026-01-25,419735.0,314920.0,760574860.3057833,33814304.70026576,1216805.0
2026-01-26,465362.0,402432.0,873252617.3881215,38079554.19167753,930753.0
2026-01-27,475414.0,362327.0,859167897.7528292,35583755.74561265,226137.0
2026-01-28,485652.0,336095.0,774659579.9410756,33247869.895025924,245253.0
2026-01-29,521611.0,428725.0,901422056.6587061,37218185.03085007,2166104.5
2026-01-30,580888.0,380796.0,922549136.1116446,34377746.2435277,199854.5
2026-01-31,527605.0,405402.0,971845654.8351676,39614296.16231698,214102.0
2026-02-01,467476.0,352779.0,838040818.299891,31663403.11907942,528344.0
2026-02-02,521176.0,357323.0,830998458.4822448,29869870.07014526,455113.0
2026-02-03,550746.0,435461.0,929591495.9292907,32668904.952233184,1505770.0
2026-02-04,532371.0,411218.0,1000015094.105752,35594652.764567286,1059068.0
2026-02-05,619296.0,384550.0,894379696.8410602,28340233.43093726,6523874.0
2026-02-06,646236.0,410157.0,1021142173.5586905,31304063.408903655,572666.5
2026-02-07,481546.0,494507.0,1116396723.6283798,37922804.35860754,471578.5
2026-02-08,442633.0,507211.0,1063649660.9826868,39307842.46530021,230361.0
2026-02-09,481228.0,402013.0,1019852322.0010467,37701555.88624861,369031.5
2026-02-10,486763.0,385928.0,900973830.4794525,31805766.029373445,384764.0
2026-02-11,490231.0,455182.0,982311745.7310699,33745569.9783912,650288.0
2026-02-12,504187.0,484938.0,1107446999.964327,39717969.33809671,103608.0
2026-02-13,521603.0,529750.0,944771169.4610924,33812197.60598131,1249297.0
2026-02-14,458016.0,537394.0,1038622610.1360354,38825294.198482804,183323.0
2026-02-15,399280.0,701969.0,1232582254.1975844,44747462.56810828,403277.5
2026-02-16,440304.0,526061.0,1094933474.5410013,41514137.47269212,274656.5
2026-02-17,446864.0,659135.0,1032365847.4243727,35705019.17228733,211184.0
2026-02-18,454158.0,507143.0,957284694.8844184,33192878.56735473,358255.0
2026-02-19,473222.0,512501.0,1020622252.4872998,35453245.47632441,994623.0
2026-02-20,493761.0,413542.0,983397435.8766681,29583415.862321332,762366.5
2026-02-21,447339.0,350751.0,854191933.352726,25941681.428243037,473230.0
2026-02-22,408828.0,529495.0,1177205689.6625803,38334798.13538485,178237.0
2026-02-23,458764.0,453671.0,1062356354.0857433,31768274.212035805,501309.0
2026-02-24,501015.0,566873.0,1184383773.1361327,34308088.5723721,261587.5
2026-02-25,509923.0,485381.0,1119781021.874162,33163205.0955439,912406.0
2026-02-26,521846.0,425509.0,1004931686.2973247,31242254.39746657,188019.0
2026-02-27,549158.0,415510.0,1012109769.7708769,32978961.78356569,1807516.0
2026-02-28,498805.0,424909.0,1026465936.7179816,31741956.231636845,702130.0
2026-03-01,447977.0,462687.0,1069534437.5592955,32892105.20807477,472328.5
2026-03-02,515250.0,422366.0,976219352.4031156,28805700.41345509,249998.0
2026-03-03,504537.0,381186.0,961863185.4560106,29470007.97002152,333420.0
2026-03-04,516794.0,377812.0,933150851.5618018,30908354.53628888,890302.0
2026-03-05,522467.0,464513.0,1192841923.7049837,43517075.97550223,769201.5
2026-03-06,531723.0,442642.0,1052672432.0364789,35189110.133946575,642561.0
2026-03-07,458399.0,437720.0,951731239.9233917,29409810.833845343,896931.5
2026-03-08,413093.0,453532.0,966151410.2252611,29952835.179625377,602765.0
2026-03-09,468702.0,415576.0,994991750.8290006,30248754.74657433,777227.5
2026-03-10,484745.0,381301.0,994991750.8290006,30958077.256941024,779245.5
2026-03-11,475423.0,401926.0,1002201835.9799352,31500855.46140721,1849149.5
2026-03-12,496301.0,449282.0,930100984.4705875,28394948.61118444,297660.0
2026-03-13,525035.0,399857.0,872420303.2631093,28672340.40423705,1427585.5
2026-03-14,440249.0,439447.0,922890899.3196526,31104411.579486884,178027.5
2026-03-15,406808.0,407207.0,901260643.8668482,28551032.51716158,266168.5
2026-03-16,477639.0,405364.0,901260643.8668482,31213760.461403914,1380061.5
2026-03-17,488604.0,372893.0,915680814.1687176,30667607.216510493,189919.5
2026-03-18,472748.0,441086.0,1002201835.9799352,32271586.44477335,264276.0
2026-03-19,486162.0,442571.0,966151410.2252611,30093044.244407844,267300.0
2026-03-20,496098.0,423312.0,958881917.8174205,31876728.371480852,569446.0
2026-03-21,458834.0,488238.0,917823292.9611512,31080134.511768695,955618.5
2026-03-22,432406.0,629923.0,1077444735.2152646,35362303.26767577,619594.5
2026-03-23,476303.0,540923.0,1064142948.360755,35403134.78180417,159966.0
2026-03-24,460523.0,382745.0,831361678.4068401,29425134.82461507,1176108.5
2026-03-25,501248.0,514820.0,1017586694.3699718,34532744.55173951,527371.0
2026-03-26,491918.0,629007.0,1097397415.4970288,36135408.58812936,165041.5
2026-03-27,507433.0,664609.0,1010935800.9427172,32572797.449150614,784911.5
2026-03-28,432914.0,763304.0,1157255456.3423212,37549561.72943241,168351.5
2026-03-29,382086.0,634952.0,957728653.5246795,31332097.968298074,1361956.0
2026-03-30,459981.0,532760.0,904521506.1066417,31652198.95194288,215824.0
2026-03-31,485131.0,523751.0,904521506.1066417,29208989.5260379,299193.5
2026-04-01,527189.0,683419.0,1077444735.2152646,36946073.87653185,1102411.5
2026-04-02,505693.0,508404.0,964379546.9519341,32944128.014213223,569128.0
2026-04-03,498568.0,459037.0,898750099.8899364,28565511.275230702,794157.0
2026-04-04,430348.0,433372.0,828969681.6295495,26981692.957717586,303239.0
2026-04-05,380100.0,725796.0,1098384828.1591525,36446472.64345209,297241.0
2026-04-06,447163.0,465261.0,884234327.0715194,27896636.584679753,1316817.5
2026-04-07,480114.0,538981.0,953315133.8739818,30230835.12217497,187557.0
2026-04-08,489051.0,558574.0,1022395940.676444,36394654.17361098,937024.5
2026-04-09,484467.0,586158.0,994763617.9554594,34088594.566414475,252529.5
2026-04-10,507681.0,448495.0,863510085.0307804,30288293.046783395,847175.0
2026-04-11,441709.0,465807.0,849693923.6702881,30023283.722729884,837250.5
2026-04-12,395725.0,707229.0,1070752505.4381678,36106957.76146776,737498.5
2026-04-13,454902.0,641052.0,1022395940.676444,35058588.5729043,620258.0
2026-04-14,491023.0,610515.0,1132925231.560384,43519231.83055178,146710.0
2026-04-15,470280.0,465753.0,863510085.0307804,30137463.294372242,2277028.0
2026-04-16,470280.0,630320.0,1050028263.3974293,37530771.07909433,353550.5
2026-04-17,521678.0,552747.0,968172577.6598405,35162805.095583595,477982.5
2026-04-18,439552.0,695157.0,1031290054.5634866,37175673.682350546,950591.0
2026-04-19,396267.0,727793.0,1064992343.9283061,39687112.333298646,600756.5
2026-04-20,464309.0,547526.0,876259523.4853154,30691964.37339555,221965.0
2026-04-21,478903.0,537497.0,909961812.8501353,34607957.17180722,119403.0
2026-04-22,493157.0,542847.0,882999981.3582796,32710248.88055914,1147426.5
2026-04-23,490574.0,450825.0,815595402.6286399,30181396.125552695,352493.5
2026-04-24,506108.0,589597.0,1004328223.0716305,36956995.36926147,196543.5
2026-04-25,428848.0,581159.0,943664102.2149547,35540028.23006317,418388.5
2026-04-26,399528.0,712904.0,1004328223.0716305,37907580.20176736,556672.0
2026-04-27,465611.0,580030.0,930183186.4690272,37153466.59126739,618145.0
2026-04-28,472688.0,566274.0,936923644.3419911,35894449.053407766,379497.5
2026-04-29,482542.0,383942.0,856038149.8664234,31123986.725846674,932523.0
2026-04-30,509941.0,409874.0,943664102.2149547,38381140.996294245,502081.5
2026-05-01,541560.0,593987.0,1064992343.9283061,41497268.04635047,488175.0
2026-05-02,449751.0,526246.0,897607937.210035,33978259.8014594,232998.5
2026-05-03,402346.0,604132.0,1000953347.145923,37957825.09103924,226625.5
2026-05-04,485657.0,567996.0,981197688.9785694,37802927.14645988,593163.5
2026-05-05,508713.0,585611.0,987782908.3676875,41226137.29796431,679442.0
2026-05-06,498493.0,526789.0,928515933.8656261,37170254.10973385,936547.0
2026-05-07,497326.0,531108.0,935101153.2547442,36549027.8608138,330711.5
2026-05-08,506524.0,581936.0,968027250.2003335,40423314.1434815,1008090.0
2026-05-09,707204.0,831620.0,1126072515.5391636,44584005.24631609,150942.5
2026-05-10,407132.0,733259.0,987782908.3676875,39621267.16479055,996276.5
2026-05-11,457665.0,772122.0,1086561199.204456,45135542.948139064,1231283.0
2026-05-12,476383.0,587513.0,882419398.1418005,36600096.52934795,247418.5
2026-05-13,485900.0,620400.0,915345495.0873903,38562664.84282158,229547.0
2026-05-14,489856.0,684549.0,994368127.7568054,39577345.88310893,433860.0
2026-05-15,525031.0,618617.0,963695673.6867331,37584497.72878831,355853.5
2026-05-16,445624.0,679928.0,1025406923.151223,39142248.12923508,352857.5
2026-05-17,396443.0,605313.0,950708405.5706699,40697281.89198457,984939.0
2026-05-18,474167.0,600874.0,950708405.5706699,36727998.61930419,821406.5
2026-05-19,469682.0,618114.0,964289954.2216796,36712345.59041001,696805.0
2026-05-20,473582.0,676439.0,1032197697.4767272,40285580.87419021,622250.5
2026-05-21,484958.0,538509.0,862428339.3391081,32977144.973637983,314643.0
2026-05-22,547131.0,708628.0,1059360794.7787467,38731739.16575614,349360.0
2026-05-23,439350.0,732845.0,1113686989.3827848,40896180.634492286,337079.0
2026-05-24,387403.0,628352.0,889591436.6411269,33551122.24949937,491962.0
2026-05-25,430908.0,781994.0,1120477763.7082896,41619889.269138455,340130.0
2026-05-26,464460.0,627380.0,943917631.2451651,34580370.49577967,316585.0
2026-05-27,474906.0,645768.0,950708405.5706699,34203807.850598074,406804.0
2026-05-28,490956.0,779340.0,1100105440.7317753,39320840.567629226,315709.0
2026-05-29,518522.0,648318.0,959580184.8628848,32937653.994468622,366816.0
2026-05-30,454741.0,651123.0,980866173.425555,34800660.64053763,281330.0
2026-05-31,403295.0,717451.0,994681189.9526752,40416020.03192868,875446.0
2026-06-01,508084.0,558154.0,932513615.5806334,32156339.769274358,383173.5
2026-06-02,501194.0,438817.0,759825908.9916271,24522467.930324204,4939498.5
2026-06-03,515383.0,424362.0,746010892.4645066,24432298.93709044,4187658.5
2026-06-04,538439.0,588281.0,980866173.425555,31994424.504998155,1386896.5
2026-06-05,557607.0,569981.0,932513615.5806334,26347747.612574305,2504070.0
2026-06-06,458423.0,530864.0,842716008.1543498,23769580.873137023,221977.0
2026-06-07,400871.0,548514.0,808178466.8365489,23214514.58494519,331933.0
2026-06-08,457079.0,580206.0,877253549.4721516,26166733.692821153,1079712.0
2026-06-09,466012.0,573287.0,856531024.6814705,27149338.9211155,1147854.0
2026-06-10,478720.0,567680.0,870346041.2085911,24484223.559984963,1560646.5
2026-06-11,487498.0,637515.0,932513615.5806334,27490584.13183997,4495279.0
2026-06-12,515594.0,647883.0,1015403714.743356,31436770.76781264,702223.0
2026-06-13,423183.0,550296.0,856531024.6814705,25757659.401464887,1656001.5
2026-06-14,400405.0,726520.0,908119306.0165769,30279244.594365463,352040.0
2026-06-15,492782.0,710717.0,931566968.2181835,32087056.179462083,136714.0
2026-06-16,477480.0,786360.0,1006092325.6756383,37804194.329022676,337401.0
2026-06-17,474545.0,601375.0,819778932.0320016,28337336.97282871,901946.5
2026-06-18,503361.0,815537.0,1024723665.040002,39027824.014946744,1655441.5
2026-06-19,486150.0,746922.0,937777414.6729716,33453833.895754717,182227.0
2026-06-20,409924.0,779461.0,962619200.4921229,31830352.606492512,363486.0
2026-06-21,381259.0,669777.0,832199824.9415773,28231237.7138422,170848.0
2026-06-22,454922.0,770946.0,968829646.9469111,33983075.16364371,390575.5
2026-06-23,464862.0,862979.0,1074407236.6783051,37380880.69218837,316188.0
2026-06-24,488035.0,749523.0,962619200.4921229,30898733.96285523,821911.0
2026-06-25,522671.0,805731.0,1055775897.3139414,35737200.07342634,733094.0
2026-06-26,521746.0,712555.0,962619200.4921229,31793868.264358897,1947996.0
2026-06-27,452506.0,826483.0,1111771053.6412394,33755336.59745445,247368.0
2026-06-28,452506.0,826483.0,1111771053.6412394,33755336.59745445,590961.0
