date,open,high,low,close,volume_btc,volume_usd,source
2014-11-28,363.59,381.34,360.57,376.28,8617.15,3220878.18,early-history
2014-11-29,376.42,386.6,372.25,376.72,7245.19,2746157.05,early-history
2014-11-30,376.57,381.99,373.32,373.34,3046.33,1145566.61,early-history
2014-12-01,376.4,382.31,373.03,378.39,6660.56,2520662.37,early-history
2014-12-02,378.39,382.86,375.23,379.25,6832.53,2593576.46,early-history
2014-12-03,379.25,383.0,374.23,376.67,7908.29,2998357.92,early-history
2014-12-04,376.67,378.99,360.01,365.2,8865.09,3297896.46,early-history
2014-12-05,365.2,377.89,363.99,374.95,8951.16,3331762.49,early-history
2014-12-06,374.95,376.99,371.31,375.07,2300.21,861748.71,early-history
2014-12-07,375.07,377.5,373.16,376.87,2429.62,913715.62,early-history
2014-12-08,376.87,377.45,364.6,364.61,9920.84,3655238.4,early-history
2014-12-09,364.61,365.48,343.97,350.49,20940.84,7376463.45,early-history
2014-12-10,350.49,353.74,347.23,348.13,6579.79,2304335.87,early-history
2014-12-11,348.13,364.43,339.8,348.98,16533.38,5842055.01,early-history
2014-12-12,348.98,358.59,348.0,354.48,8039.95,2846451.59,early-history
2014-12-13,354.48,354.95,347.03,351.45,3880.75,1359211.39,early-history
2014-12-14,351.45,351.98,348.96,350.17,561.33,196831.56,early-history
2014-12-15,350.17,350.17,350.17,350.17,0.0,0.0,early-history
2014-12-16,350.17,350.17,330.0,330.02,5677.83,1902071.15,early-history
2014-12-17,331.56,335.99,315.23,321.1,23478.02,7586686.22,early-history
2014-12-18,321.32,325.61,304.99,312.17,21637.58,6788858.09,early-history
2014-12-19,310.48,320.0,307.11,318.0,15958.56,4999167.76,early-history
2014-12-20,317.23,333.0,316.52,329.99,11146.4,3617196.63,early-history
2014-12-21,332.58,332.98,318.78,323.15,6510.0,2114707.57,early-history
2014-12-22,322.24,333.99,319.9,330.52,11646.6,3821126.0,early-history
2014-12-23,330.52,338.99,327.49,335.49,7804.03,2604314.14,early-history
2014-12-24,337.0,337.0,320.92,322.14,5544.8,1826465.31,early-history
2014-12-25,320.92,324.23,316.63,319.39,3924.9,1255322.02,early-history
2014-12-26,319.0,332.0,316.64,330.88,6347.26,2066944.34,early-history
2014-12-27,330.97,330.97,311.63,315.89,8639.54,2747753.48,early-history
2014-12-28,315.89,319.56,311.22,316.63,4089.61,1288906.81,early-history
2014-12-29,316.63,320.14,311.61,314.78,5901.06,1859591.78,early-history
2014-12-30,314.78,316.77,310.0,311.94,9894.24,3091941.68,early-history
2014-12-31,311.94,320.0,310.69,319.25,6097.71,1925334.88,early-history
2015-01-01,319.25,321.0,312.6,316.31,3223.06,1018388.35,early-history
2015-01-02,316.31,317.01,311.96,316.51,3472.05,1093571.94,early-history
2015-01-03,316.51,316.58,285.0,286.01,20350.46,6078845.04,early-history
2015-01-04,286.01,289.81,255.0,264.62,42650.57,11614560.04,early-history
2015-01-05,264.62,280.0,262.94,276.8,9752.08,2655979.12,early-history
2015-01-06,276.8,276.8,276.8,276.8,0.0,0.0,early-history
2015-01-07,276.8,276.8,276.8,276.8,0.0,0.0,early-history
2015-01-08,276.8,276.8,276.8,276.8,0.0,0.0,early-history
2015-01-09,276.8,276.8,276.8,276.8,0.0,0.0,early-history
2015-01-10,276.8,276.8,276.8,276.8,0.0,0.0,early-history
2015-01-11,276.8,276.8,276.8,276.8,0.0,0.0,early-history
2015-01-12,270.4,272.43,263.54,268.16,7909.25,2133679.78,early-history
2015-01-13,268.16,268.72,216.0,221.0,57653.9,13652228.51,early-history
2015-01-14,221.0,230.89,152.4,162.0,123599.76,23647658.54,early-history
2015-01-15,162.0,233.9,161.1,208.81,86158.17,17721319.5,early-history
2015-01-16,214.77,223.15,198.04,206.6,34657.09,7308109.72,early-history
2015-01-17,206.6,212.84,192.17,200.1,19933.78,4007435.83,early-history
2015-01-18,200.1,222.0,195.02,211.42,18205.49,3816641.51,early-history
2015-01-19,210.05,220.94,207.7,216.88,12796.47,2729178.12,early-history
2015-01-20,217.84,217.84,201.98,211.08,14234.73,2998319.48,early-history
2015-01-21,211.08,228.9,205.0,228.59,22796.06,4937625.47,early-history
2015-01-22,228.59,239.0,226.01,233.0,25809.37,6003089.46,early-history
2015-01-23,233.0,240.0,225.55,233.03,15246.43,3539626.61,early-history
2015-01-24,233.03,249.99,230.03,249.99,13633.14,3297573.46,early-history
2015-01-25,249.99,257.0,241.33,253.09,28139.7,7019125.49,early-history
2015-01-26,253.09,309.9,253.09,269.5,55355.5,15614774.92,early-history
2015-01-27,269.5,278.51,243.1,262.99,21293.57,5501345.88,early-history
2015-01-28,262.99,266.45,225.91,236.2,27595.15,6774004.56,early-history
2015-01-29,236.2,242.18,220.0,234.75,26178.79,6076004.2,early-history
2015-01-30,234.75,244.98,227.26,232.6,19832.17,4653564.37,early-history
2015-01-31,232.6,234.8,215.75,217.98,19706.27,4494529.82,early-history
2015-02-01,217.98,220.81,208.48,214.8,6189.01,1336586.85,early-history
2015-02-02,214.8,241.98,214.8,237.97,6423.56,1494778.57,early-history
2015-02-03,237.97,244.39,223.79,227.35,17756.67,4178199.28,early-history
2015-02-04,227.35,231.0,220.02,227.0,14313.23,3220391.1,early-history
2015-02-05,227.0,228.94,213.64,217.0,4314.11,953936.47,early-history
2015-02-06,216.81,225.86,214.95,222.88,4730.33,1044545.84,early-history
2015-02-07,223.37,231.14,221.77,228.61,6356.04,1444459.22,early-history
2015-02-08,228.3,232.89,219.7,224.19,5456.94,1232858.74,early-history
2015-02-09,224.19,225.99,215.0,220.72,19478.94,4277024.95,early-history
2015-02-10,220.72,222.0,215.0,220.95,6332.22,1385375.22,early-history
2015-02-11,220.95,223.43,217.99,219.12,9298.5,2057106.38,early-history
2015-02-12,219.55,223.07,218.17,222.46,4010.23,886601.16,early-history
2015-02-13,223.0,242.35,221.37,236.86,8077.55,1895018.31,early-history
2015-02-14,237.0,259.31,236.9,257.9,10813.61,2698932.39,early-history
2015-02-15,256.99,265.89,227.75,234.01,18474.58,4533254.41,early-history
2015-02-16,234.01,241.23,229.2,236.55,12321.08,2907774.51,early-history
2015-02-17,236.55,248.78,232.01,244.96,11898.41,2871937.78,early-history
2015-02-18,244.96,247.0,232.24,235.79,6766.05,1626634.28,early-history
2015-02-19,237.37,245.01,235.66,242.67,4730.24,1138295.79,early-history
2015-02-20,240.59,248.96,239.41,246.1,4559.19,1115548.64,early-history
2015-02-21,245.48,247.48,244.0,245.87,1553.36,381377.02,early-history
2015-02-22,245.41,247.42,232.48,236.68,6739.67,1598342.42,early-history
2015-02-23,236.68,240.66,232.05,238.92,3706.77,873272.09,early-history
2015-02-24,239.65,240.88,236.3,239.69,2430.95,580503.8,early-history
2015-02-25,239.94,240.61,236.0,238.0,1735.6,413399.21,early-history
2015-02-26,237.97,238.55,234.01,236.7,3498.78,826644.88,early-history
2015-02-27,236.7,256.15,236.16,253.06,22016.89,5507719.94,early-history
2015-02-28,253.06,254.29,245.2,252.98,3613.22,906874.89,early-history
2015-03-01,253.47,260.0,245.0,255.81,5062.1,1275703.25,early-history
2015-03-02,258.34,274.81,256.0,274.0,9781.93,2598170.67,early-history
2015-03-03,274.0,284.95,265.89,279.0,22213.49,6104061.68,early-history
2015-03-04,279.0,283.88,264.94,269.83,14281.76,3934109.59,early-history
2015-03-05,269.83,280.5,262.2,273.8,11360.44,3070426.12,early-history
2015-03-06,273.8,276.46,269.0,273.26,6996.36,1907509.64,early-history
2015-03-07,273.26,279.48,270.0,275.59,5605.63,1540760.07,early-history
2015-03-08,275.59,277.59,271.12,274.89,4455.34,1223277.71,early-history
2015-03-09,274.89,289.0,274.17,287.0,11984.22,3389556.2,early-history
2015-03-10,287.0,296.8,283.96,290.24,12857.02,3744249.17,early-history
2015-03-11,290.24,296.74,285.83,295.11,6784.55,1979535.16,early-history
2015-03-12,295.11,297.95,289.0,295.56,8145.87,2399612.33,early-history
2015-03-13,295.56,295.84,282.99,284.4,9178.74,2654225.31,early-history
2015-03-14,284.4,287.69,280.46,282.7,5616.62,1595106.71,early-history
2015-03-15,282.7,287.75,281.42,286.4,2426.65,691987.13,early-history
2015-03-16,286.4,294.26,285.78,289.7,6473.86,1882414.82,early-history
2015-03-17,289.7,292.99,281.9,284.46,6470.43,1864637.8,early-history
2015-03-18,284.46,284.48,249.02,257.29,21120.78,5650707.75,early-history
2015-03-19,257.29,265.95,249.0,262.01,14750.19,3808281.05,early-history
2015-03-20,262.01,265.27,257.0,262.09,5683.15,1482272.82,early-history
2015-03-21,262.09,262.62,256.25,259.8,4622.93,1199360.1,early-history
2015-03-22,259.8,272.0,259.24,269.39,5709.7,1512162.68,early-history
2015-03-23,269.39,270.07,259.5,265.84,8901.07,2367965.68,early-history
2015-03-24,265.84,266.52,241.84,246.93,17591.02,4404982.22,early-history
2015-03-25,246.93,250.0,236.4,247.68,13448.56,3276219.0,early-history
2015-03-26,247.68,253.75,244.91,249.46,8403.54,2105838.57,early-history
2015-03-27,249.46,250.52,245.12,248.09,5845.29,1449279.37,early-history
2015-03-28,248.09,253.83,247.17,252.31,5943.83,1492447.63,early-history
2015-03-29,252.31,252.96,239.96,242.19,6591.6,1608836.03,early-history
2015-03-30,242.19,248.86,236.52,247.69,7880.41,1929807.46,early-history
2015-03-31,247.69,248.59,238.55,243.98,8180.68,1993776.43,early-history
2015-04-01,243.98,246.83,239.32,245.98,6106.97,1484287.63,early-history
2015-04-02,245.98,256.96,244.52,253.16,9880.07,2471179.83,early-history
2015-04-03,253.16,256.67,251.23,253.79,5062.49,1286655.62,early-history
2015-04-04,253.79,255.85,250.76,253.45,2579.58,652406.55,early-history
2015-04-05,253.45,261.0,251.65,260.5,5807.32,1491248.36,early-history
2015-04-06,260.5,262.98,254.0,255.83,5989.94,1543244.68,early-history
2015-04-07,255.83,256.62,251.5,254.45,5990.22,1522986.5,early-history
2015-04-08,254.45,254.96,243.06,244.09,11647.96,2875251.66,early-history
2015-04-09,244.09,246.3,238.47,243.53,7990.92,1944122.48,early-history
2015-04-10,243.53,243.94,231.0,234.77,11525.77,2722903.56,early-history
2015-04-11,234.77,239.42,233.0,237.34,4103.6,968919.7,early-history
2015-04-12,237.34,237.5,233.42,236.3,2850.16,672985.92,early-history
2015-04-13,236.3,236.9,219.64,222.87,13823.98,3166493.61,early-history
2015-04-14,222.87,224.79,210.0,216.42,18432.86,4015453.32,early-history
2015-04-15,216.42,222.43,214.05,221.51,9766.32,2147063.57,early-history
2015-04-16,221.51,229.67,221.51,227.59,11002.79,2492640.64,early-history
2015-04-17,227.59,228.29,220.0,221.86,5767.04,1291923.73,early-history
2015-04-18,221.86,224.72,220.32,223.14,4254.1,947137.91,early-history
2015-04-19,223.14,227.35,221.91,222.89,5866.64,1318695.12,early-history
2015-04-20,222.89,226.51,221.43,224.07,6013.41,1348484.04,early-history
2015-04-21,224.07,235.61,223.91,234.13,9531.32,2180368.54,early-history
2015-04-22,234.13,238.64,229.1,233.0,11066.24,2603008.93,early-history
2015-04-23,233.0,236.22,232.01,235.14,8021.19,1880708.15,early-history
2015-04-24,235.14,236.0,228.0,231.06,8557.1,1978994.28,early-history
2015-04-25,231.06,232.29,225.7,226.28,5375.75,1227435.36,early-history
2015-04-26,226.28,227.26,214.98,219.49,11260.03,2470526.72,early-history
2015-04-27,219.49,229.93,217.52,226.01,13501.83,3006598.56,early-history
2015-04-28,226.01,228.06,221.45,225.11,9597.44,2158043.31,early-history
2015-04-29,225.11,226.99,221.81,225.49,8661.92,1947334.9,early-history
2015-04-30,225.49,240.0,224.6,235.75,12474.83,2909232.47,early-history
2015-05-01,235.75,239.23,231.04,231.96,6622.93,1555055.46,early-history
2015-05-02,231.96,234.9,229.87,233.9,4381.68,1018305.56,early-history
2015-05-03,233.9,242.25,232.31,239.18,4422.59,1057142.04,early-history
2015-05-04,239.18,242.2,236.07,237.93,7163.19,1709074.08,early-history
2015-05-05,237.93,238.99,229.66,234.37,8788.82,2054652.32,early-history
2015-05-06,234.37,235.98,227.01,229.78,8708.99,2028662.13,early-history
2015-05-07,229.78,240.0,227.35,236.82,10896.59,2541351.14,early-history
2015-05-08,236.82,246.57,235.29,243.16,9617.81,2320081.36,early-history
2015-05-09,243.16,247.01,238.62,241.4,5562.4,1347017.52,early-history
2015-05-10,241.4,244.99,238.02,239.08,3493.96,841527.88,early-history
2015-05-11,239.08,241.0,237.99,239.0,5171.02,1237018.64,early-history
2015-05-12,240.06,242.0,238.56,241.3,5822.43,1401760.94,early-history
2015-05-13,241.3,244.14,235.06,236.9,9233.25,2223629.39,early-history
2015-05-14,236.9,239.7,232.22,236.95,7711.21,1825553.83,early-history
2015-05-15,236.95,239.28,235.12,237.12,4517.94,1071658.38,early-history
2015-05-16,237.12,237.4,234.0,235.6,3118.36,735930.74,early-history
2015-05-17,235.6,237.0,234.15,236.05,2628.86,620341.93,early-history
2015-05-18,236.05,236.94,231.44,232.24,7421.78,1745036.34,early-history
2015-05-19,232.24,234.24,230.86,231.69,5562.18,1294154.8,early-history
2015-05-20,231.69,234.86,231.0,233.8,7681.74,1794259.53,early-history
2015-05-21,233.8,236.52,233.75,235.49,4586.63,1079198.12,early-history
2015-05-22,235.49,240.9,232.92,238.99,10421.69,2467303.72,early-history
2015-05-23,238.99,240.67,237.4,237.71,3295.19,788510.89,early-history
2015-05-24,237.71,241.64,237.66,239.68,2864.64,687061.13,early-history
2015-05-25,239.68,240.1,233.1,235.48,5297.76,1252273.58,early-history
2015-05-26,235.48,236.23,235.0,236.21,474.9,111811.92,early-history
2015-05-27,236.21,237.35,234.0,235.34,8615.67,2030192.16,early-history
2015-05-28,235.34,236.8,234.87,236.46,4983.03,1175844.36,early-history
2015-05-29,236.46,236.52,234.0,236.02,6208.04,1461920.02,early-history
2015-05-30,236.02,236.21,231.0,232.07,4263.02,993683.46,early-history
2015-05-31,232.07,232.51,228.0,229.08,4385.74,1013021.49,early-history
2015-06-01,229.08,231.2,220.65,223.67,12135.65,2734668.41,early-history
2015-06-02,223.67,226.38,221.34,224.78,7796.34,1744459.32,early-history
2015-06-03,224.78,226.99,222.57,225.11,5730.82,1289882.15,early-history
2015-06-04,225.11,225.98,222.0,222.37,4892.73,1098677.11,early-history
2015-06-05,222.37,225.9,219.03,224.49,7893.14,1761179.04,early-history
2015-06-06,224.49,225.26,223.07,224.36,2585.82,580288.75,early-history
2015-06-07,224.36,225.48,221.86,222.86,3473.44,778011.72,early-history
2015-06-08,222.86,229.4,222.09,228.11,8948.31,2021873.39,early-history
2015-06-09,228.11,230.79,226.67,229.49,9116.02,2089239.29,early-history
2015-06-10,229.49,229.75,226.83,227.51,6347.54,1449250.42,early-history
2015-06-11,227.51,229.57,227.25,229.01,4721.47,1080607.18,early-history
2015-06-12,229.01,230.7,228.29,229.61,5893.36,1353909.39,early-history
2015-06-13,229.61,232.03,228.06,231.51,3931.71,906453.07,early-history
2015-06-14,231.51,234.0,230.94,231.77,3541.16,822490.29,early-history
2015-06-15,231.77,237.09,231.55,235.92,10453.01,2450622.3,early-history
2015-06-16,235.92,252.05,234.35,248.75,17375.21,4215461.57,early-history
2015-06-17,248.75,257.39,243.2,245.78,17474.9,4374712.59,early-history
2015-06-18,245.78,251.58,240.0,248.09,11164.4,2751456.26,early-history
2015-06-19,248.09,249.93,242.14,243.42,6749.43,1662685.74,early-history
2015-06-20,243.42,245.56,239.93,244.69,4503.01,1091957.3,early-history
2015-06-21,244.69,245.0,241.06,243.37,1960.74,476876.23,early-history
2015-06-22,243.37,247.99,242.64,247.09,4980.1,1222121.12,early-history
2015-06-23,247.09,247.25,242.14,243.78,5073.39,1240089.41,early-history
2015-06-24,243.78,244.14,238.2,240.69,6597.99,1592022.64,early-history
2015-06-25,240.69,242.9,239.18,241.65,5160.95,1245520.61,early-history
2015-06-26,241.65,243.44,240.0,243.2,5140.84,1242790.18,early-history
2015-06-27,243.2,252.0,242.36,251.17,7113.62,1759788.81,early-history
2015-06-28,251.17,251.4,247.04,248.9,5867.88,1462975.04,early-history
2015-06-29,248.9,256.94,248.15,256.38,15337.97,3891883.52,early-history
2015-06-30,256.38,268.0,255.0,264.13,19956.78,5235444.48,early-history
2015-07-01,264.13,265.25,253.81,257.07,13366.47,3446154.53,early-history
2015-07-02,257.07,260.77,253.19,254.69,9722.57,2489354.9,early-history
2015-07-03,254.69,256.44,252.4,255.86,8654.59,2204571.62,early-history
2015-07-04,255.86,261.28,254.05,260.74,7843.22,2019244.25,early-history
2015-07-05,260.74,274.74,258.75,270.33,20910.74,5564645.13,early-history
2015-07-06,270.33,278.54,267.13,269.47,20312.49,5551215.57,early-history
2015-07-07,269.47,271.69,264.01,266.18,13614.5,3633491.82,early-history
2015-07-08,266.18,273.0,263.01,269.39,14420.88,3865656.2,early-history
2015-07-09,269.39,271.98,265.92,269.65,13965.07,3759916.62,early-history
2015-07-10,269.65,294.71,268.63,286.61,29175.43,8298807.96,early-history
2015-07-11,286.61,298.05,283.88,292.02,11468.25,3354503.61,early-history
2015-07-12,292.02,317.99,291.64,310.24,22483.42,6896100.33,early-history
2015-07-13,310.24,310.73,281.0,292.0,29753.17,8674485.99,early-history
2015-07-14,292.0,297.13,286.02,287.96,10331.15,3007819.74,early-history
2015-07-15,287.96,293.7,285.4,285.55,9139.09,2654830.77,early-history
2015-07-16,285.55,292.4,274.92,277.23,21306.73,6000087.33,early-history
2015-07-17,278.27,280.73,272.31,279.43,11791.54,3263317.61,early-history
2015-07-18,279.43,283.0,276.73,276.73,9438.44,2631336.95,early-history
2015-07-19,276.73,278.1,275.12,275.5,4922.56,1359445.35,early-history
2015-07-20,275.5,279.16,274.62,277.73,8914.57,2471553.26,early-history
2015-07-21,277.73,281.07,276.28,276.48,8831.73,2465410.35,early-history
2015-07-22,276.48,277.93,275.0,277.93,8397.47,2321796.93,early-history
2015-07-23,277.93,278.55,275.79,276.67,6582.58,1824262.52,early-history
2015-07-24,276.67,290.02,275.9,289.96,13542.88,3848904.21,early-history
2015-07-25,289.96,292.0,286.5,289.34,6912.1,1999546.59,early-history
2015-07-26,289.34,294.0,287.41,292.84,5451.14,1589174.72,early-history
2015-07-27,292.84,297.44,286.43,294.27,14479.23,4226344.3,early-history
2015-07-28,294.27,297.0,292.19,293.84,8973.72,2643989.23,early-history
2015-07-29,293.84,294.67,287.27,289.63,10200.93,2965535.82,early-history
2015-07-30,289.63,290.23,284.53,287.73,7987.07,2298107.6,early-history
2015-07-31,287.73,289.0,281.8,284.39,7806.41,2218539.42,early-history
2015-08-01,284.39,285.16,276.66,280.77,7104.93,1992579.09,early-history
2015-08-02,280.77,282.9,276.57,281.5,4504.34,1258557.7,early-history
2015-08-03,281.5,285.8,279.52,282.72,6191.27,1753353.95,early-history
2015-08-04,282.72,285.88,280.26,284.65,6341.12,1798604.43,early-history
2015-08-05,284.65,285.86,280.63,281.99,6265.79,1770641.93,early-history
2015-08-06,281.99,281.99,281.99,281.99,0.0,0.0,early-history
2015-08-07,281.99,281.99,277.43,279.01,4153.05,1158954.0,early-history
2015-08-08,279.01,279.97,260.41,261.71,10196.43,2760954.37,early-history
2015-08-09,261.71,268.95,261.01,265.36,8992.5,2374804.25,early-history
2015-08-10,265.36,266.79,261.6,264.33,9762.3,2579884.33,early-history
2015-08-11,264.33,270.87,263.64,270.0,8309.4,2211924.7,early-history
2015-08-12,270.0,271.5,265.71,268.51,8958.14,2402394.96,early-history
2015-08-13,268.51,269.37,262.32,264.65,11012.75,2920632.41,early-history
2015-08-14,264.65,266.99,262.0,265.71,8078.55,2139186.76,early-history
2015-08-15,265.71,266.5,260.45,261.03,5325.65,1408972.75,early-history
2015-08-16,261.03,262.2,254.01,256.09,9784.83,2520197.88,early-history
2015-08-17,256.09,259.12,254.63,256.66,8544.68,2195673.39,early-history
2015-08-18,256.66,256.99,245.05,246.0,11560.09,2922457.54,early-history
2015-08-19,246.0,246.0,221.11,227.1,28563.8,6613615.77,early-history
2015-08-20,227.1,236.66,226.01,235.95,16008.51,3735462.71,early-history
2015-08-21,235.95,236.66,231.77,233.27,10039.9,2347247.27,early-history
2015-08-22,233.27,235.2,223.01,230.47,16002.99,3667961.32,early-history
2015-08-23,230.47,234.03,227.13,228.47,7473.26,1725083.07,early-history
2015-08-24,228.47,228.99,207.73,211.79,37272.75,8106706.15,early-history
2015-08-25,211.79,228.04,198.12,221.64,42103.77,9040638.86,early-history
2015-08-26,221.64,231.09,219.77,225.17,24502.89,5543744.64,early-history
2015-08-27,225.17,228.89,223.17,223.8,14442.78,3267192.5,early-history
2015-08-28,223.8,235.93,220.29,232.09,22724.23,5200095.43,early-history
2015-08-29,232.09,233.9,226.67,229.23,15403.85,3546302.36,early-history
2015-08-30,229.23,232.75,225.04,228.43,15797.35,3604475.76,early-history
2015-08-31,228.43,232.49,224.39,229.84,15220.01,3483770.74,early-history
2015-09-01,229.84,231.67,226.17,227.65,23816.39,5435475.61,early-history
2015-09-02,227.65,230.77,226.0,228.77,21569.59,4931694.75,early-history
2015-09-03,228.77,229.96,226.5,226.79,19714.63,4489055.76,early-history
2015-09-04,226.79,231.4,226.33,231.09,20890.72,4791065.22,early-history
2015-09-05,231.09,237.22,229.23,235.45,20028.27,4675054.57,early-history
2015-09-06,235.45,244.2,235.02,240.45,25523.35,6136017.84,early-history
2015-09-07,240.45,242.91,238.44,240.12,23160.77,5569212.84,early-history
2015-09-08,240.12,246.24,239.89,244.04,23713.93,5778734.49,early-history
2015-09-09,244.04,244.22,237.01,237.96,23263.18,5582113.93,early-history
2015-09-10,237.96,241.65,234.78,238.5,20541.17,4912126.42,early-history
2015-09-11,238.5,240.94,237.5,239.94,13813.07,3310863.21,early-history
2015-09-12,239.94,240.0,233.02,235.61,12452.61,2953565.27,early-history
2015-09-13,235.61,236.09,228.0,230.17,18652.71,4316617.77,early-history
2015-09-14,230.17,232.92,223.99,229.51,17592.99,4038784.07,early-history
2015-09-15,229.51,231.21,226.5,229.3,16362.58,3761713.94,early-history
2015-09-16,229.3,230.0,223.0,227.85,15080.6,3425654.89,early-history
2015-09-17,227.85,235.0,227.0,232.44,14590.39,3367136.42,early-history
2015-09-18,232.44,234.4,230.83,232.82,19329.16,4504783.52,early-history
2015-09-19,232.82,233.76,229.98,230.23,11239.65,2603719.84,early-history
2015-09-20,230.23,231.7,229.01,230.29,13163.49,3032926.37,early-history
2015-09-21,230.29,230.34,225.0,225.93,13979.61,3174904.24,early-history
2015-09-22,226.15,231.96,223.12,229.59,18901.15,4313428.34,early-history
2015-09-23,230.08,231.5,228.0,229.41,13541.0,3115694.32,early-history
2015-09-24,229.42,235.52,228.89,233.19,23959.71,5551743.34,early-history
2015-09-25,233.88,237.25,232.56,235.13,22472.07,5285210.99,early-history
2015-09-26,235.14,235.67,233.0,233.89,15034.03,3523048.07,early-history
2015-09-27,233.81,234.61,231.16,231.91,17283.89,4019534.29,early-history
2015-09-28,232.4,239.68,231.69,239.0,17516.84,4157771.7,early-history
2015-09-29,239.14,240.56,235.09,236.71,19556.79,4647432.49,early-history
2015-09-30,236.78,238.27,234.67,236.65,20602.4,4868955.65,early-history
2015-10-01,236.19,239.44,235.01,237.52,20053.8,4755143.56,early-history
2015-10-02,237.15,239.06,235.0,237.69,16889.46,4011577.62,early-history
2015-10-03,237.77,239.86,236.3,238.77,17807.25,4243470.37,early-history
2015-10-04,239.06,239.98,237.62,238.4,14937.72,3568930.36,early-history
2015-10-05,238.6,240.57,236.1,240.53,20080.15,4783286.22,early-history
2015-10-06,240.85,248.19,239.52,246.93,26660.11,6479338.48,early-history
2015-10-07,246.79,247.65,242.3,243.47,23728.8,5814066.37,early-history
2015-10-08,243.47,244.76,242.06,243.41,13785.97,3359588.79,early-history
2015-10-09,243.29,244.95,242.16,244.49,14078.43,3428059.53,early-history
2015-10-10,244.49,246.43,243.0,245.72,17279.47,4231167.2,early-history
2015-10-11,245.71,248.5,244.53,247.83,18945.03,4682787.16,early-history
2015-10-12,248.05,248.47,245.01,245.48,10507.17,2593320.33,early-history
2015-10-13,245.81,250.89,242.82,248.69,25785.95,6351641.49,early-history
2015-10-14,249.97,255.93,248.06,252.46,26881.16,6737959.74,early-history
2015-10-15,252.47,256.5,250.3,254.44,21895.64,5578740.83,early-history
2015-10-16,254.49,267.0,253.69,262.5,33657.67,8783403.13,early-history
2015-10-17,263.09,273.0,260.8,268.99,25102.03,6740958.58,early-history
2015-10-18,270.04,271.17,260.0,261.0,9651.58,2553365.04,early-history
2015-10-19,260.99,266.01,259.82,264.43,16353.66,4289133.96,early-history
2015-10-20,264.28,272.95,262.67,270.23,28660.58,7638164.61,early-history
2015-10-21,270.3,272.69,264.0,267.8,20286.19,5450048.68,early-history
2015-10-22,267.9,280.04,267.39,275.3,28004.6,7665954.22,early-history
2015-10-23,275.12,280.19,273.46,277.71,21426.74,5944078.44,early-history
2015-10-24,278.6,283.0,278.22,282.59,20060.55,5618365.29,early-history
2015-10-25,283.03,296.0,282.2,288.27,28720.71,8315290.02,early-history
2015-10-26,283.96,286.99,279.25,285.82,20790.45,5898921.94,early-history
2015-10-27,286.9,300.0,286.15,295.17,33675.21,9867602.57,early-history
2015-10-28,295.59,308.48,294.4,304.05,30679.48,9258154.13,early-history
2015-10-29,304.77,319.6,301.7,313.73,31657.38,9831879.91,early-history
2015-10-30,314.95,334.05,313.5,328.78,38136.6,12367475.77,early-history
2015-10-31,328.15,334.67,302.99,310.06,28649.04,9115142.28,early-history
2015-11-01,309.3,329.85,303.01,328.98,14020.62,4435611.06,early-history
2015-11-02,325.78,369.02,320.0,361.98,44128.12,15340060.07,early-history
2015-11-03,361.73,420.77,360.4,398.21,75165.25,29231893.79,early-history
2015-11-04,404.55,502.0,368.11,404.3,102836.94,45952886.39,early-history
2015-11-05,407.99,448.79,364.37,383.22,59345.77,23867619.71,early-history
2015-11-06,387.77,396.67,353.26,371.79,46753.83,17456826.57,early-history
2015-11-07,374.41,392.82,371.07,385.76,26232.37,10058975.27,early-history
2015-11-08,384.62,390.47,366.18,371.87,27164.76,10355751.72,early-history
2015-11-09,372.86,386.79,360.54,379.88,25175.75,9477408.94,early-history
2015-11-10,378.32,381.44,323.63,337.69,47566.89,17008397.14,early-history
2015-11-11,336.66,341.41,294.0,303.0,50855.93,15939271.77,early-history
2015-11-12,309.9,344.78,308.42,334.94,36439.1,11886431.63,early-history
2015-11-13,337.17,342.0,325.0,333.51,24269.32,8106822.27,early-history
2015-11-14,336.28,356.1,325.45,331.61,25224.62,8462312.91,early-history
2015-11-15,333.02,334.99,314.6,317.0,27063.93,8768484.87,early-history
2015-11-16,319.3,332.2,315.0,330.9,20088.97,6507645.44,early-history
2015-11-17,330.95,350.44,329.0,335.44,27389.82,9214462.2,early-history
2015-11-18,336.0,337.89,330.28,337.06,26870.04,8987857.94,early-history
2015-11-19,334.53,336.48,324.94,324.95,26672.92,8856879.85,early-history
2015-11-20,326.51,327.73,310.0,321.5,21066.59,6717727.46,early-history
2015-11-21,322.05,328.94,318.52,324.99,4924.8,1599948.43,early-history
2015-11-22,326.5,326.6,320.13,323.11,3922.9,1267230.48,early-history
2015-11-23,324.24,326.09,320.39,323.01,4998.52,1616552.53,early-history
2015-11-24,323.48,323.5,317.0,318.42,8504.75,2728746.78,early-history
2015-11-25,319.7,330.84,316.0,328.3,12219.77,3953649.86,early-history
2015-11-26,328.9,369.7,328.53,356.39,35559.27,12422273.47,early-history
2015-11-27,353.9,364.8,347.84,359.87,13114.65,4695664.08,early-history
2015-11-28,357.14,359.44,350.41,356.39,6228.08,2208751.82,early-history
2015-11-29,356.78,373.15,354.45,371.04,7667.1,2798580.83,early-history
2015-11-30,371.48,383.0,367.11,377.98,17776.96,6688039.27,early-history
2015-12-01,376.7,379.0,354.56,362.95,15389.67,5610058.11,early-history
2015-12-02,363.06,363.06,348.64,359.97,12043.46,4282488.25,early-history
2015-12-03,359.11,370.53,356.21,361.32,12110.5,4394915.48,early-history
2015-12-04,361.48,364.3,355.92,362.3,9924.22,3573289.38,early-history
2015-12-05,363.62,389.89,363.0,384.67,16356.43,6173704.59,early-history
2015-12-06,388.0,399.85,383.0,394.6,14206.16,5570564.08,early-history
2015-12-07,387.18,399.91,381.01,395.1,14778.37,5800694.75,early-history
2015-12-08,394.96,409.0,388.33,409.0,9656.3,3825649.71,early-history
2015-12-09,418.8,424.95,400.0,416.08,20835.19,8641355.07,early-history
2015-12-10,416.98,419.79,408.91,416.28,8304.87,3448586.43,early-history
2015-12-11,415.36,454.36,415.13,451.68,28322.47,12399633.04,early-history
2015-12-12,452.99,467.8,403.0,435.87,29628.96,12814616.39,early-history
2015-12-13,436.08,442.97,422.03,435.8,11227.18,4885667.86,early-history
2015-12-14,432.89,448.12,428.42,442.37,13155.98,5806064.93,early-history
2015-12-15,443.36,464.99,442.94,463.61,17598.64,8006856.52,early-history
2015-12-16,464.5,465.0,436.89,455.1,23311.2,10597761.52,early-history
2015-12-17,455.63,458.84,448.75,456.01,6551.59,2979011.75,early-history
2015-12-18,455.87,466.64,453.5,463.0,12837.8,5902097.11,early-history
2015-12-19,462.99,465.9,452.03,460.96,6710.68,3097007.27,early-history
2015-12-20,461.8,462.0,433.83,441.48,16556.94,7399332.35,early-history
2015-12-21,442.54,450.0,425.52,437.56,18774.32,8188958.32,early-history
2015-12-22,438.07,443.58,433.06,436.15,7980.12,3490906.28,early-history
2015-12-23,435.18,445.52,434.43,443.34,6926.87,3048303.13,early-history
2015-12-24,442.5,459.54,442.5,455.71,10117.43,4589002.87,early-history
2015-12-25,455.42,458.33,448.0,455.5,2866.07,1299892.21,early-history
2015-12-26,455.51,457.45,407.25,417.42,26407.73,11276027.93,early-history
2015-12-27,417.11,425.42,410.5,423.29,6833.96,2864576.24,early-history
2015-12-28,421.57,429.86,417.01,420.7,7435.09,3151306.04,early-history
2015-12-29,420.81,433.17,418.55,430.04,10134.54,4321235.8,early-history
2015-12-30,431.7,434.97,420.75,427.05,7637.42,3281609.6,early-history
2015-12-31,426.09,433.89,419.99,430.57,6585.13,2811931.1,early-history
2016-01-01,430.89,436.0,427.2,434.98,3735.62,1617803.31,early-history
2016-01-02,434.87,435.99,430.42,433.74,2908.35,1260194.29,early-history
2016-01-03,433.2,434.09,424.06,430.85,4504.52,1930486.92,early-history
2016-01-04,430.79,435.86,428.44,433.97,5700.13,2467176.88,early-history
2016-01-05,434.17,435.39,429.5,431.89,3862.38,1668756.45,early-history
2016-01-06,432.45,432.67,426.54,431.84,5326.67,2291148.77,early-history
2016-01-07,429.99,457.79,429.25,457.79,15940.74,7127390.53,early-history
2016-01-08,457.0,465.0,444.51,451.32,10258.75,4654917.52,early-history
2016-01-09,452.02,454.0,446.68,449.95,4330.04,1947311.14,early-history
2016-01-10,448.84,449.89,440.8,447.21,3987.37,1772542.11,early-history
2016-01-11,448.79,451.13,438.0,448.99,7902.84,3519698.03,early-history
2016-01-12,448.0,448.0,442.88,446.27,4096.26,1826314.47,early-history
2016-01-13,434.89,438.35,424.5,432.53,9997.31,4297337.64,early-history
2016-01-14,432.64,434.0,427.0,429.22,4388.51,1889729.91,early-history
2016-01-15,429.55,429.8,365.0,372.85,35218.44,13985318.0,early-history
2016-01-16,360.0,387.5,352.0,386.43,23675.75,8790996.62,early-history
2016-01-17,387.28,391.14,376.0,382.85,7962.09,3050025.47,early-history
2016-01-18,380.16,388.5,373.63,385.0,6968.7,2662265.2,early-history
2016-01-19,385.47,386.92,375.59,379.88,6854.8,2619071.74,early-history
2016-01-20,376.77,422.98,372.53,410.93,24594.14,9829484.37,early-history
2016-01-21,418.9,421.25,404.59,410.03,9301.69,3840395.14,early-history
2016-01-22,409.42,410.07,374.45,381.78,14308.54,5581017.46,early-history
2016-01-23,382.85,395.0,381.05,386.92,7020.14,2725952.77,early-history
2016-01-24,386.37,405.97,385.36,402.5,5356.26,2139150.54,early-history
2016-01-25,402.16,402.31,385.5,392.58,7943.7,3131070.89,early-history
2016-01-26,390.1,397.7,386.2,390.66,6361.63,2497097.16,early-history
2016-01-27,391.77,397.0,390.31,395.0,4234.46,1669789.13,early-history
2016-01-28,394.62,395.56,376.0,379.16,11329.82,4329530.76,early-history
2016-01-29,379.55,383.99,363.73,379.44,13500.22,5067927.64,early-history
2016-01-30,378.12,380.42,372.95,376.6,2351.12,887062.39,early-history
2016-01-31,376.38,379.3,367.77,370.0,3752.13,1407869.8,early-history
2016-02-01,368.49,378.2,366.53,371.5,7005.04,2610393.92,early-history
2016-02-02,371.79,375.0,369.73,373.18,5655.12,2109726.06,early-history
2016-02-03,373.05,374.0,365.0,367.64,7030.2,2602788.49,early-history
2016-02-04,368.4,391.88,367.95,390.0,13133.51,5017103.32,early-history
2016-02-05,388.0,389.5,382.99,385.88,7247.88,2806294.0,early-history
2016-02-06,384.97,384.98,371.35,374.27,5702.07,2146630.0,early-history
2016-02-07,375.39,380.0,373.04,375.4,2855.74,1073830.87,early-history
2016-02-08,375.0,378.99,369.99,371.16,6907.71,2586381.88,early-history
2016-02-09,370.95,377.0,369.12,373.16,5724.8,2136759.49,early-history
2016-02-10,373.69,383.85,372.12,379.86,9979.76,3782707.13,early-history
2016-02-11,379.34,380.5,373.54,377.99,6953.11,2624697.92,early-history
2016-02-12,377.98,383.0,377.07,382.88,5714.98,2177591.75,early-history
2016-02-13,383.0,390.08,382.0,389.51,6936.51,2684911.84,early-history
2016-02-14,390.99,404.0,390.59,403.95,9555.92,3805192.6,early-history
2016-02-15,405.5,409.71,393.4,399.0,7876.6,3166241.01,early-history
2016-02-16,399.5,407.8,396.0,406.47,8208.39,3312534.49,early-history
2016-02-17,407.51,421.11,404.0,415.52,11273.65,4679988.35,early-history
2016-02-18,415.59,424.9,413.4,420.31,8537.45,3588829.87,early-history
2016-02-19,421.15,422.0,414.0,419.27,4968.2,2082054.85,early-history
2016-02-20,419.98,443.96,419.5,440.24,10802.06,4678345.04,early-history
2016-02-21,434.63,447.99,426.0,437.7,10244.17,4488830.12,early-history
2016-02-22,438.33,439.5,431.15,437.97,5823.89,2543672.13,early-history
2016-02-23,438.26,440.0,414.0,420.05,10427.66,4426532.85,early-history
2016-02-24,419.1,424.28,409.07,422.61,7236.69,3035274.03,early-history
2016-02-25,423.79,426.75,415.79,423.51,5541.05,2337122.92,early-history
2016-02-26,423.38,428.38,418.01,427.8,4310.49,1825687.5,early-history
2016-02-27,432.0,435.0,428.22,431.06,4119.77,1776990.19,early-history
2016-02-28,431.07,435.0,422.29,432.16,3435.21,1475149.23,early-history
2016-02-29,430.26,440.99,428.12,436.62,8260.08,3599439.36,early-history
2016-03-01,436.75,437.5,427.01,433.31,6763.52,2922909.82,early-history
2016-03-02,433.33,434.5,424.0,425.18,5220.05,2244122.04,early-history
2016-03-03,422.4,424.47,415.85,420.27,7304.22,3069008.4,early-history
2016-03-04,420.29,423.9,407.55,409.97,7474.02,3114003.54,early-history
2016-03-05,408.18,408.98,382.0,398.5,16205.36,6450215.35,early-history
2016-03-06,399.77,412.31,393.11,404.78,5659.13,2292269.65,early-history
2016-03-07,406.15,414.96,403.03,414.76,5793.31,2375720.45,early-history
2016-03-08,413.96,414.99,408.46,412.13,5549.37,2283231.18,early-history
2016-03-09,412.14,413.51,408.75,412.66,4832.17,1987918.75,early-history
2016-03-10,412.99,416.9,409.31,416.5,5105.04,2110300.04,early-history
2016-03-11,416.0,421.91,415.11,418.1,5905.9,2476673.27,early-history
2016-03-12,419.14,420.93,406.59,410.47,4577.67,1890411.55,early-history
2016-03-13,409.95,417.0,409.67,412.64,3254.44,1344134.95,early-history
2016-03-14,412.99,415.22,410.5,413.85,4217.13,1743744.96,early-history
2016-03-15,414.83,417.43,412.15,415.89,4500.81,1870078.95,early-history
2016-03-16,415.84,416.61,413.15,416.49,4065.34,1687474.91,early-history
2016-03-17,416.52,419.0,415.66,418.49,3703.74,1548565.13,early-history
2016-03-18,418.47,418.49,403.34,408.21,6324.84,2593429.99,early-history
2016-03-19,407.5,409.95,404.1,408.94,2840.41,1155762.48,early-history
2016-03-20,408.36,412.0,406.6,411.34,2555.36,1047500.89,early-history
2016-03-21,410.62,411.96,406.5,410.99,3491.93,1429011.16,early-history
2016-03-22,411.15,416.99,410.35,415.89,3863.92,1603062.46,early-history
2016-03-23,416.39,419.0,413.44,417.22,4908.2,2043615.33,early-history
2016-03-24,417.62,418.15,412.85,415.96,2766.79,1151083.01,early-history
2016-03-25,415.17,416.92,412.0,416.25,2550.63,1058887.1,early-history
2016-03-26,415.6,416.99,414.0,416.77,1251.01,520246.85,early-history
2016-03-27,416.96,427.99,415.77,424.3,5033.3,2132703.21,early-history
2016-03-28,424.62,424.77,420.32,422.05,3227.79,1364444.78,early-history
2016-03-29,422.87,424.37,407.22,415.4,5894.96,2448940.42,early-history
2016-03-30,415.43,415.93,408.59,413.09,4785.87,1974453.35,early-history
2016-03-31,413.68,416.99,411.4,415.51,3669.08,1522442.48,early-history
2016-04-01,414.66,416.99,413.42,415.38,3662.38,1521987.64,early-history
2016-04-02,416.31,420.0,416.01,419.19,2052.82,858816.08,early-history
2016-04-03,419.35,419.44,416.1,419.0,1302.3,544167.96,early-history
2016-04-04,418.51,419.85,416.0,418.65,3434.14,1436042.23,early-history
2016-04-05,418.81,423.0,416.61,422.6,3934.8,1656378.77,early-history
2016-04-06,422.71,422.9,420.0,421.63,2389.51,1007355.42,early-history
2016-04-07,420.62,421.99,418.09,419.84,3093.89,1301132.34,early-history
2016-04-08,419.99,423.99,416.26,418.13,4501.64,1893915.56,early-history
2016-04-09,417.75,418.71,412.0,418.37,3578.63,1488490.68,early-history
2016-04-10,418.59,421.79,417.2,420.77,1735.02,728035.88,early-history
2016-04-11,420.4,422.8,418.0,422.08,3461.33,1455970.96,early-history
2016-04-12,422.79,426.67,421.0,425.91,6052.84,2569227.44,early-history
2016-04-13,425.32,426.0,422.27,423.26,3888.13,1648750.52,early-history
2016-04-14,423.6,425.35,420.57,424.51,3844.83,1629295.05,early-history
2016-04-15,424.4,430.0,423.07,429.25,4378.6,1871353.05,early-history
2016-04-16,429.29,432.87,427.12,430.68,1824.13,784282.5,early-history
2016-04-17,430.18,430.91,424.24,426.75,1482.15,633684.98,early-history
2016-04-18,427.15,430.01,425.8,428.07,3175.38,1357320.94,early-history
2016-04-19,428.14,436.82,426.24,435.25,3734.22,1606377.98,early-history
2016-04-20,435.7,444.0,433.11,441.25,7279.21,3192599.47,early-history
2016-04-21,441.99,452.11,440.0,451.0,5394.19,2405825.02,early-history
2016-04-22,451.0,451.36,442.96,447.8,5482.08,2452914.54,early-history
2016-04-23,447.16,452.18,444.46,451.31,2229.62,998886.31,early-history
2016-04-24,451.92,470.02,447.06,459.4,7012.4,3211111.55,early-history
2016-04-25,460.03,469.47,455.13,465.99,5508.19,2543834.74,early-history
2016-04-26,462.29,469.87,462.13,468.0,4611.27,2146442.6,early-history
2016-04-27,467.39,469.03,445.42,447.46,6747.73,3083587.06,early-history
2016-04-28,445.39,451.0,435.0,450.0,8725.35,3879872.31,early-history
2016-04-29,449.94,456.0,445.62,454.77,2924.98,1321180.97,early-history
2016-04-30,456.53,456.9,446.5,446.7,2413.28,1088703.36,early-history
2016-05-01,448.43,453.78,446.84,451.4,1180.66,532738.45,early-history
2016-05-02,452.99,453.8,438.59,443.54,6326.81,2808139.14,early-history
2016-05-03,444.06,452.0,440.78,451.7,5568.02,2492642.46,early-history
2016-05-04,451.18,451.68,444.15,446.3,3295.73,1473942.97,early-history
2016-05-05,447.36,450.0,445.11,448.82,2366.93,1059530.04,early-history
2016-05-06,448.5,463.97,447.03,459.73,5517.34,2508091.25,early-history
2016-05-07,458.98,461.0,455.95,458.15,1989.03,911630.56,early-history
2016-05-08,458.97,459.69,455.95,457.81,1294.05,591905.16,early-history
2016-05-09,457.75,464.79,455.62,461.63,3517.48,1617041.39,early-history
2016-05-10,461.49,463.0,447.38,449.91,5664.75,2571495.49,early-history
2016-05-11,450.88,457.99,450.32,452.01,3344.72,1517420.38,early-history
2016-05-12,452.95,455.09,448.88,454.92,3404.27,1538456.69,early-history
2016-05-13,455.2,456.82,452.04,456.04,2819.7,1282634.69,early-history
2016-05-14,456.42,457.25,453.51,455.38,1344.33,612807.08,early-history
2016-05-15,456.3,458.08,454.72,457.48,1599.7,730393.65,early-history
2016-05-16,457.56,458.0,451.11,455.56,3075.4,1401093.82,early-history
2016-05-17,454.0,456.09,452.14,453.01,3173.8,1439597.99,early-history
2016-05-18,452.96,455.68,452.01,452.94,2588.67,1175478.69,early-history
2016-05-19,452.47,453.85,441.05,441.63,5466.73,2450585.4,early-history
2016-05-20,436.3,444.41,435.06,441.97,3414.13,1505886.06,early-history
2016-05-21,442.84,443.98,435.28,442.84,1909.66,841576.8,early-history
2016-05-22,442.72,443.47,435.0,437.85,2294.47,1007976.18,early-history
2016-05-23,438.72,442.91,436.4,442.29,2555.94,1126274.52,early-history
2016-05-24,442.63,446.37,441.0,445.31,3053.33,1358027.73,early-history
2016-05-25,445.31,449.6,444.26,448.02,3655.41,1636079.83,early-history
2016-05-26,448.27,452.98,446.8,452.38,3763.09,1693500.51,early-history
2016-05-27,452.07,478.16,452.07,472.68,12121.62,5706733.77,early-history
2016-05-28,470.58,529.08,468.0,521.5,12464.98,6154346.32,early-history
2016-05-29,522.13,540.0,485.0,513.85,8124.92,4221703.64,early-history
2016-05-30,517.6,535.0,510.01,527.0,6063.14,3189532.46,early-history
2016-05-31,527.64,548.5,515.0,532.06,12006.15,6431063.42,early-history
2016-06-01,532.37,542.87,525.49,538.65,5388.62,2882083.0,early-history
2016-06-02,536.95,540.0,529.13,538.98,3910.44,2094443.58,early-history
2016-06-03,538.0,578.37,535.74,567.94,8718.77,4871569.53,early-history
2016-06-04,569.93,588.71,558.54,573.87,6187.45,3553068.65,early-history
2016-06-05,573.5,582.0,566.0,573.76,5341.22,3061431.32,early-history
2016-06-06,573.8,586.02,573.8,583.49,4420.07,2573089.92,early-history
2016-06-07,584.12,594.44,563.0,576.75,6660.02,3862682.24,early-history
2016-06-08,577.48,584.25,571.86,583.24,3252.98,1882161.28,early-history
2016-06-09,583.01,583.1,572.97,576.4,3758.43,2166774.29,early-history
2016-06-10,576.06,580.0,572.0,577.91,3457.49,1991840.12,early-history
2016-06-11,576.53,594.0,575.93,592.13,2766.37,1616911.88,early-history
2016-06-12,610.0,683.02,603.21,667.94,13876.2,8917259.7,early-history
2016-06-13,668.73,725.0,655.02,702.05,17251.66,11928392.51,early-history
2016-06-14,703.81,704.5,655.0,685.69,10609.09,7228993.7,early-history
2016-06-15,685.25,695.77,672.12,693.01,5752.51,3936205.99,early-history
2016-06-16,695.0,773.07,689.8,765.6,17747.96,13101113.07,early-history
2016-06-17,767.37,778.7,706.37,746.99,14631.57,10811253.75,early-history
2016-06-18,745.0,778.85,723.02,755.02,5827.87,4394175.96,early-history
2016-06-19,753.47,764.93,740.11,760.55,2611.71,1971087.94,early-history
2016-06-20,759.12,763.99,725.0,734.99,7836.92,5816127.61,early-history
2016-06-21,725.0,728.18,625.0,668.42,32747.0,22050470.24,early-history
2016-06-22,665.36,677.63,593.03,594.1,15620.53,9966791.88,early-history
2016-06-23,602.82,632.67,540.17,624.69,23795.95,13982861.16,early-history
2016-06-24,622.59,683.88,620.82,656.71,16058.17,10493009.71,early-history
2016-06-25,660.76,684.45,639.4,663.24,6559.01,4363898.7,early-history
2016-06-26,658.8,662.9,608.64,628.61,5277.84,3320432.14,early-history
2016-06-27,630.16,653.46,618.03,648.2,8482.24,5415184.25,early-history
2016-06-28,657.49,665.51,635.5,645.39,5462.68,3534625.42,early-history
2016-06-29,644.33,645.0,621.09,634.43,9088.42,5742183.05,early-history
2016-06-30,635.91,671.22,628.06,666.84,7428.6,4861694.15,early-history
2016-07-01,666.33,684.1,659.71,677.0,6421.13,4331285.23,early-history
2016-07-02,674.55,704.93,672.74,702.48,5431.82,3759346.11,early-history
2016-07-03,702.48,704.99,646.29,664.14,7213.63,4835674.84,early-history
2016-07-04,659.77,682.35,640.1,678.72,4180.06,2796115.29,early-history
2016-07-05,678.74,682.36,661.57,666.58,3100.26,2084268.82,early-history
2016-07-06,669.09,679.0,662.13,674.46,3541.03,2379339.84,early-history
2016-07-07,674.7,678.43,605.5,636.39,12646.13,8032742.44,early-history
2016-07-08,638.89,665.0,635.0,664.0,6483.61,4189449.95,early-history
2016-07-09,663.0,663.99,626.0,652.54,6111.73,3950333.46,early-history
2016-07-10,647.78,650.88,636.8,646.55,2272.95,1464107.64,early-history
2016-07-11,648.77,659.6,639.31,647.42,2973.44,1929797.21,early-history
2016-07-12,649.32,678.0,646.05,671.7,4145.96,2744860.85,early-history
2016-07-13,663.52,669.97,654.52,661.5,6367.45,4207227.67,early-history
2016-07-14,652.24,664.93,650.01,660.53,2379.09,1567824.55,early-history
2016-07-15,660.3,670.01,658.41,664.99,3209.21,2130837.14,early-history
2016-07-16,664.6,666.67,655.0,662.0,1640.0,1082955.17,early-history
2016-07-17,662.45,684.19,661.35,678.23,3409.25,2301127.43,early-history
2016-07-18,679.54,682.21,666.12,673.46,2993.77,2024992.39,early-history
2016-07-19,673.45,675.81,666.0,673.86,1855.39,1245111.37,early-history
2016-07-20,674.8,675.0,660.0,667.02,3402.67,2271618.27,early-history
2016-07-21,667.01,667.1,660.1,664.25,2486.28,1650112.49,early-history
2016-07-22,663.25,666.3,645.0,652.95,5031.9,3304025.08,early-history
2016-07-23,647.88,656.77,646.0,653.8,1274.47,831459.97,early-history
2016-07-24,655.52,665.0,651.99,659.51,1402.78,922962.62,early-history
2016-07-25,659.64,661.99,652.28,654.37,2429.95,1592779.48,early-history
2016-07-26,655.0,656.94,645.01,652.22,3378.47,2197810.59,early-history
2016-07-27,651.22,659.98,646.31,655.63,2623.74,1715044.8,early-history
2016-07-28,655.13,657.89,652.41,653.44,1880.26,1230981.99,early-history
2016-07-29,654.84,657.48,653.0,657.03,1290.14,844396.19,early-history
2016-07-30,654.88,657.5,652.19,654.37,704.79,461519.75,early-history
2016-07-31,654.02,654.71,620.01,620.01,4521.71,2871028.07,early-history
2016-08-01,622.5,630.0,604.0,607.61,5337.66,3293338.89,early-history
2016-08-02,606.84,613.03,465.28,514.98,20392.04,11194858.55,early-history
2016-08-03,540.03,572.34,521.0,565.63,15293.43,8385537.77,early-history
2016-08-04,563.99,583.97,552.0,575.52,8428.57,4808420.85,early-history
2016-08-05,578.14,578.2,562.0,576.64,4733.0,2699273.59,early-history
2016-08-06,572.98,592.0,562.56,588.78,6011.14,3464967.59,early-history
2016-08-07,589.47,598.82,582.12,592.6,2896.89,1712331.58,early-history
2016-08-08,592.47,594.0,583.58,589.46,3171.44,1870768.65,early-history
2016-08-09,591.85,591.85,579.43,583.53,3160.44,1848228.25,early-history
2016-08-10,582.71,603.0,580.01,591.7,5145.88,3051412.4,early-history
2016-08-11,590.46,597.78,585.23,587.57,2506.9,1482748.4,early-history
2016-08-12,585.25,591.19,580.47,586.0,2133.13,1250458.16,early-history
2016-08-13,585.34,589.98,581.71,582.11,951.03,557048.78,early-history
2016-08-14,583.52,583.92,556.24,567.45,4797.45,2739411.42,early-history
2016-08-15,568.76,573.69,554.9,565.79,4530.14,2559974.14,early-history
2016-08-16,564.2,579.8,563.0,577.53,4786.52,2737496.38,early-history
2016-08-17,574.95,577.86,566.02,570.47,4097.78,2342225.12,early-history
2016-08-18,570.91,575.87,568.79,569.71,3956.21,2265207.23,early-history
2016-08-19,571.51,574.86,552.3,572.11,4630.18,2640630.83,early-history
2016-08-20,572.98,580.0,568.52,580.0,2348.32,1351481.73,early-history
2016-08-21,577.7,583.99,576.01,578.47,1125.19,651138.86,early-history
2016-08-22,577.55,585.95,572.5,583.85,5054.71,2931957.03,early-history
2016-08-23,582.78,584.99,576.0,580.71,4177.43,2426513.82,early-history
2016-08-24,580.27,582.1,575.4,577.11,2968.77,1718669.83,early-history
2016-08-25,577.65,578.75,571.16,576.99,4193.61,2410666.36,early-history
2016-08-26,575.75,582.46,574.1,577.84,3265.45,1886798.54,early-history
2016-08-27,577.92,579.09,564.81,567.41,2689.93,1532934.37,early-history
2016-08-28,567.51,573.0,566.8,573.0,995.44,567811.88,early-history
2016-08-29,573.2,575.0,568.6,571.5,2325.16,1332938.19,early-history
2016-08-30,570.74,576.5,568.55,575.23,4412.26,2533734.77,early-history
2016-08-31,575.88,576.49,568.4,570.76,3629.56,2073935.36,early-history
2016-09-01,570.75,572.86,566.86,571.6,2772.91,1580497.14,early-history
2016-09-02,571.05,574.2,567.03,572.0,2943.1,1680704.12,early-history
2016-09-03,572.0,598.64,569.01,592.5,4578.51,2669564.21,early-history
2016-09-04,596.25,609.05,590.88,604.25,3913.31,2351517.76,early-history
2016-09-05,605.72,607.31,592.46,603.74,3829.55,2301873.17,early-history
2016-09-06,604.98,609.74,601.0,608.96,4030.31,2442751.66,early-history
2016-09-07,608.93,615.92,604.7,614.39,4372.18,2669717.29,early-history
2016-09-08,614.44,628.98,611.66,625.66,4346.02,2704906.63,early-history
2016-09-09,625.67,627.49,612.93,622.0,3272.66,2031045.12,early-history
2016-09-10,622.01,625.0,618.67,622.01,1515.24,942782.96,early-history
2016-09-11,621.65,628.99,594.63,603.8,5290.23,3212019.0,early-history
2016-09-12,604.08,609.15,602.0,607.0,3505.24,2122659.19,early-history
2016-09-13,606.4,609.61,603.28,607.73,3452.28,2094788.68,early-history
2016-09-14,607.45,610.69,605.98,607.89,2886.87,1756240.09,early-history
2016-09-15,608.5,608.99,602.3,605.21,3071.05,1861670.0,early-history
2016-09-16,606.65,608.99,603.5,605.9,2588.36,1570359.1,early-history
2016-09-17,607.04,607.59,601.1,604.04,1109.35,670061.95,early-history
2016-09-18,602.93,609.06,601.97,608.0,1289.48,781477.06,early-history
2016-09-19,608.0,609.5,603.0,607.88,2468.15,1499069.38,early-history
2016-09-20,608.73,608.88,605.35,606.95,2432.7,1476207.69,early-history
2016-09-21,601.0,601.01,592.1,594.66,3652.44,2172921.84,early-history
2016-09-22,595.46,596.42,592.5,593.95,2312.18,1375604.47,early-history
2016-09-23,595.42,602.9,593.0,602.53,3967.48,2370015.59,early-history
2016-09-24,600.47,603.59,597.76,600.14,1092.94,656806.58,early-history
2016-09-25,600.05,601.99,596.0,597.41,1073.77,643116.81,early-history
2016-09-26,598.95,607.27,596.1,604.28,4005.66,2414023.3,early-history
2016-09-27,606.7,608.37,600.02,604.57,3019.48,1824191.37,early-history
2016-09-28,604.26,605.3,601.41,603.71,2180.68,1315801.32,early-history
2016-09-29,603.93,605.99,601.0,604.96,2697.69,1628754.16,early-history
2016-09-30,605.59,608.38,603.15,608.26,2621.96,1586425.29,early-history
2016-10-01,608.23,614.28,608.23,612.0,1459.26,892286.51,early-history
2016-10-02,612.98,613.0,605.0,608.59,1404.48,854574.81,early-history
2016-10-03,608.6,611.59,606.6,611.06,1989.94,1213593.69,early-history
2016-10-04,612.84,612.84,604.99,607.18,2940.59,1786596.93,early-history
2016-10-05,607.19,612.0,605.76,610.98,2263.27,1379508.03,early-history
2016-10-06,608.01,610.5,607.09,610.34,1997.2,1216942.71,early-history
2016-10-07,610.25,616.34,607.52,614.23,4024.05,2462264.34,early-history
2016-10-08,614.88,616.99,612.5,614.48,879.41,540336.72,early-history
2016-10-09,614.34,614.98,610.0,613.61,1171.51,718220.14,early-history
2016-10-10,612.12,616.47,612.12,615.37,2211.59,1359190.87,early-history
2016-10-11,616.37,639.0,614.56,638.91,8068.14,5087966.79,early-history
2016-10-12,638.3,640.0,628.76,635.06,2647.77,1683399.03,early-history
2016-10-13,634.5,636.0,630.0,635.61,2372.3,1505154.5,early-history
2016-10-14,635.16,639.99,630.45,638.38,3126.93,1985398.45,early-history
2016-10-15,638.2,642.0,635.25,636.01,1416.27,904700.03,early-history
2016-10-16,635.26,641.4,635.18,638.09,1281.36,818316.63,early-history
2016-10-17,638.97,639.99,632.1,635.69,3949.98,2511081.05,early-history
2016-10-18,636.96,637.8,631.52,635.58,2723.53,1730619.17,early-history
2016-10-19,635.95,638.04,624.13,627.98,4438.98,2802783.71,early-history
2016-10-20,627.84,630.22,625.0,627.72,2027.49,1272578.99,early-history
2016-10-21,628.05,632.36,627.5,628.99,3021.58,1901772.35,early-history
2016-10-22,628.99,656.0,628.57,655.0,4327.45,2796794.12,early-history
2016-10-23,654.52,656.0,647.51,649.69,2515.06,1638750.59,early-history
2016-10-24,648.71,652.25,640.0,648.14,4619.48,2989151.78,early-history
2016-10-25,649.03,657.58,643.0,648.33,5962.24,3888441.58,early-history
2016-10-26,651.97,677.0,651.69,673.14,6676.41,4439547.37,early-history
2016-10-27,674.63,685.89,665.59,682.67,4360.41,2963679.02,early-history
2016-10-28,684.68,687.23,677.05,685.29,3533.3,2418614.56,early-history
2016-10-29,685.91,717.99,684.89,712.06,4006.35,2818902.89,early-history
2016-10-30,711.1,711.78,691.49,696.36,3701.4,2595213.56,early-history
2016-10-31,697.1,706.97,683.6,697.67,4633.45,3231182.18,early-history
2016-11-01,697.04,737.0,695.38,726.6,6513.61,4705903.17,early-history
2016-11-02,726.6,735.93,717.32,732.99,3993.43,2892450.16,early-history
2016-11-03,742.0,745.19,670.32,681.03,12058.18,8590702.9,early-history
2016-11-04,684.84,707.67,681.0,702.98,5281.98,3680627.26,early-history
2016-11-05,702.95,707.34,694.71,703.63,1903.05,1335523.71,early-history
2016-11-06,703.33,714.36,697.92,710.22,2286.86,1616523.29,early-history
2016-11-07,709.92,709.92,698.26,706.5,2980.3,2095201.51,early-history
2016-11-08,702.86,712.92,701.02,710.19,5507.32,3892295.31,early-history
2016-11-09,708.17,740.86,705.45,720.44,9704.45,7065921.02,early-history
2016-11-10,721.5,722.0,707.0,714.5,4904.22,3504671.05,early-history
2016-11-11,714.48,720.94,712.24,715.82,3275.09,2344789.75,early-history
2016-11-12,716.39,716.39,701.0,703.0,2744.07,1940916.08,early-history
2016-11-13,701.17,702.89,683.23,701.51,6019.9,4171893.49,early-history
2016-11-14,700.38,705.89,697.14,704.7,7277.37,5098505.82,early-history
2016-11-15,704.98,716.54,703.05,710.82,5632.96,4005033.08,early-history
2016-11-16,711.07,742.87,708.44,737.99,11341.32,8263859.53,early-history
2016-11-17,739.71,749.98,732.22,737.0,6643.37,4943483.12,early-history
2016-11-18,736.0,752.95,731.31,745.99,4252.57,3166648.02,early-history
2016-11-19,748.98,755.07,742.63,749.57,1959.94,1466174.56,early-history
2016-11-20,750.09,753.82,714.0,727.09,5518.93,4041204.67,early-history
2016-11-21,727.09,739.2,727.03,736.97,4009.26,2942854.28,early-history
2016-11-22,736.92,750.0,730.27,746.61,4968.31,3685436.12,early-history
2016-11-23,749.13,749.98,729.92,740.17,4417.64,3264940.91,early-history
2016-11-24,740.18,741.15,729.0,735.7,3998.96,2937407.2,early-history
2016-11-25,735.63,737.03,728.0,737.03,3328.41,2438631.37,early-history
2016-11-26,736.96,737.56,722.3,729.87,2272.64,1654649.42,early-history
2016-11-27,729.91,732.0,722.44,726.12,3436.36,2499926.68,early-history
2016-11-28,727.32,732.44,724.1,730.98,4736.73,3454018.44,early-history
2016-11-29,730.99,733.29,721.0,730.99,5193.25,3788691.62,early-history
2016-11-30,730.72,744.49,727.0,742.06,6208.19,4577304.37,early-history
2016-12-01,742.06,754.98,740.18,751.6,6097.42,4569793.09,early-history
2016-12-02,751.55,778.07,750.77,769.99,8062.0,6181050.26,early-history
2016-12-03,770.91,770.99,752.41,762.79,2763.36,2107293.54,early-history
2016-12-04,762.97,762.97,752.41,761.99,3143.49,2385412.41,early-history
2016-12-05,762.0,762.09,743.0,750.0,5540.78,4155543.78,early-history
2016-12-06,749.51,759.9,747.99,758.91,6703.0,5062327.13,early-history
2016-12-07,758.97,769.61,751.78,766.85,4745.99,3616332.71,early-history
2016-12-08,764.05,772.01,762.29,767.96,4475.48,3438246.11,early-history
2016-12-09,766.84,773.99,766.29,769.49,2855.94,2200017.6,early-history
2016-12-10,769.57,774.12,768.11,772.35,2197.94,1698016.64,early-history
2016-12-11,772.28,772.28,764.01,768.19,1378.71,1058389.27,early-history
2016-12-12,768.97,779.0,768.96,777.93,2790.93,2163450.23,early-history
2016-12-13,777.0,793.27,765.1,778.71,4840.32,3767383.2,early-history
2016-12-14,775.35,781.0,770.74,776.29,2309.6,1793918.87,early-history
2016-12-15,777.03,779.08,771.0,774.79,2948.47,2290042.69,early-history
2016-12-16,776.3,782.46,771.24,780.35,3290.32,2561600.07,early-history
2016-12-17,781.32,790.88,780.36,788.4,2387.99,1876973.65,early-history
2016-12-18,788.3,790.99,780.0,788.68,2516.86,1981286.28,early-history
2016-12-19,788.34,794.39,787.01,790.65,3878.35,3069394.12,early-history
2016-12-20,791.03,803.0,787.1,801.02,3979.47,3156234.61,early-history
2016-12-21,798.65,830.01,796.82,828.1,9191.56,7502025.03,early-history
2016-12-22,832.02,875.0,827.29,858.94,12029.93,10296745.43,early-history
2016-12-23,858.94,920.0,858.93,916.0,16185.92,14525838.63,early-history
2016-12-24,914.48,918.5,878.89,892.63,5987.56,5390303.22,early-history
2016-12-25,892.61,894.97,859.0,891.67,3974.2,3478222.78,early-history
2016-12-26,890.65,905.18,888.0,899.1,3461.33,3111630.61,early-history
2016-12-27,897.82,936.42,891.0,929.92,7170.3,6613609.53,early-history
2016-12-28,930.34,975.97,929.49,975.97,12023.35,11488843.01,early-history
2016-12-29,976.46,980.74,950.0,968.99,7785.7,7528704.36,early-history
2016-12-30,969.99,970.0,931.0,959.03,10687.6,10164057.18,early-history
2016-12-31,959.54,966.37,944.11,964.32,4029.84,3850228.19,early-history
2017-01-01,966.34,1005.0,960.53,998.8,6665.42,6579903.85,early-history
2017-01-02,997.75,1032.0,990.01,1014.1,8085.06,8190254.59,early-history
2017-01-03,1011.44,1039.0,999.99,1036.99,8779.72,8955192.92,early-history
2017-01-04,1035.51,1139.89,1028.56,1122.56,21371.6,23257162.08,early-history
2017-01-05,1114.38,1136.72,885.41,994.02,34736.36,35036904.22,early-history
2017-01-06,1004.73,1026.99,871.0,891.56,27597.93,25238781.34,early-history
2017-01-07,894.02,906.0,812.28,897.14,19697.24,17026388.21,early-history
2017-01-08,906.2,941.81,881.3,906.17,8849.68,8088448.27,early-history
2017-01-09,909.8,912.87,875.0,899.99,8663.98,7733150.91,early-history
2017-01-10,896.09,912.47,889.41,907.96,7931.46,7157833.4,early-history
2017-01-11,905.05,918.4,755.0,788.81,35446.63,29111252.67,early-history
2017-01-12,778.7,832.99,751.34,816.0,17298.71,13545426.73,early-history
2017-01-13,807.51,831.4,775.0,826.9,11298.84,9133431.3,early-history
2017-01-14,825.98,837.76,810.0,819.66,6581.1,5442676.2,early-history
2017-01-15,819.52,823.45,808.0,822.47,4203.56,3432426.03,early-history
2017-01-16,821.86,835.0,818.09,829.62,6136.18,5082219.0,early-history
2017-01-17,831.76,908.5,827.0,906.08,12173.38,10693223.8,early-history
2017-01-18,905.95,915.99,851.74,876.74,11022.4,9689310.45,early-history
2017-01-19,887.69,910.0,878.89,900.46,11066.52,9904314.22,early-history
2017-01-20,902.23,902.43,880.0,895.62,6605.45,5904057.73,early-history
2017-01-21,895.81,928.0,895.0,921.1,5817.93,5329454.56,early-history
2017-01-22,921.98,937.74,886.76,919.39,7066.33,6476841.64,early-history
2017-01-23,923.75,927.57,913.21,921.39,3339.46,3073522.47,early-history
2017-01-24,913.15,923.0,886.27,893.0,8821.87,7978981.16,early-history
2017-01-25,885.47,904.01,884.5,892.95,5289.95,4724511.12,early-history
2017-01-26,893.25,919.49,892.86,916.34,5107.77,4635817.25,early-history
2017-01-27,914.95,924.88,908.01,917.84,4817.73,4422003.07,early-history
2017-01-28,918.02,920.99,913.08,917.75,1144.75,1050315.48,early-history
2017-01-29,918.6,919.99,910.45,913.1,1322.86,1210874.32,early-history
2017-01-30,913.12,923.0,910.0,921.08,2997.2,2750934.15,early-history
2017-01-31,919.99,970.0,917.5,965.01,9315.91,8839243.99,early-history
2017-02-01,963.99,986.96,962.0,983.36,6874.21,6669709.8,early-history
2017-02-02,983.79,1011.65,973.12,1008.18,8205.72,8158190.25,early-history
2017-02-03,1009.15,1022.64,987.01,1012.64,10799.51,10899361.44,early-history
2017-02-04,1015.06,1044.23,1004.0,1034.44,5725.94,5857358.53,early-history
2017-02-05,1033.72,1034.6,1004.7,1014.57,4318.54,4387548.42,early-history
2017-02-06,1010.03,1031.94,1005.1,1023.7,5069.03,5176624.63,early-history
2017-02-07,1024.0,1056.25,1021.3,1054.12,5280.65,5509558.04,early-history
2017-02-08,1052.48,1070.0,1025.0,1056.99,9568.8,10005034.74,early-history
2017-02-09,1051.73,1074.69,913.73,981.96,24957.61,24875574.97,early-history
2017-02-10,985.71,1010.68,950.0,997.57,10634.42,10395040.24,early-history
2017-02-11,995.49,1020.0,987.62,1011.98,4426.59,4462704.29,early-history
2017-02-12,1011.01,1011.97,991.98,1001.63,2662.09,2668338.13,early-history
2017-02-13,1000.73,1007.89,975.1,1000.25,4540.29,4515153.39,early-history
2017-02-14,1000.74,1019.0,987.97,1011.51,6536.91,6580183.46,early-history
2017-02-15,1008.88,1013.8,1000.97,1011.53,3095.66,3123812.22,early-history
2017-02-16,1011.53,1043.21,1010.75,1032.7,5996.1,6170238.86,early-history
2017-02-17,1032.7,1064.99,1031.98,1055.46,6085.02,6386285.16,early-history
2017-02-18,1055.46,1068.99,1046.14,1056.4,4471.03,4741677.69,early-history
2017-02-19,1056.4,1061.9,1039.07,1051.8,2270.85,2388775.41,early-history
2017-02-20,1051.8,1089.99,1044.39,1084.0,3664.0,3902264.53,early-history
2017-02-21,1084.0,1126.86,1077.0,1124.62,8394.92,9273043.86,early-history
2017-02-22,1124.62,1143.0,1098.16,1130.01,11672.0,13145511.0,early-history
2017-02-23,1130.01,1193.92,1120.73,1188.11,11752.03,13556658.98,early-history
2017-02-24,1188.11,1220.0,1091.1,1180.14,19597.57,23022719.16,early-history
2017-02-25,1180.14,1184.73,1127.0,1152.2,6238.36,7226356.76,early-history
2017-02-26,1152.2,1184.97,1133.0,1179.05,3536.49,4127618.08,early-history
2017-02-27,1179.05,1197.99,1169.0,1194.64,4638.0,5508029.79,early-history
2017-02-28,1194.64,1209.99,1176.27,1191.21,7559.42,9013416.33,early-history
2017-03-01,1191.21,1231.0,1188.3,1226.39,6012.98,7276042.54,early-history
2017-03-02,1226.39,1283.25,1215.0,1257.6,7761.85,9678454.84,early-history
2017-03-03,1257.6,1298.0,1255.0,1285.33,7545.48,9615648.42,early-history
2017-03-04,1285.33,1289.55,1230.0,1260.0,4951.0,6237313.77,early-history
2017-03-05,1260.0,1275.0,1240.0,1273.0,3026.02,3809526.44,early-history
2017-03-06,1273.0,1285.0,1251.0,1278.49,4249.47,5420539.75,early-history
2017-03-07,1278.49,1281.62,1175.97,1233.05,14450.04,17887749.61,early-history
2017-03-08,1233.05,1245.49,1145.5,1150.05,13391.55,15896181.2,early-history
2017-03-09,1150.05,1208.0,1135.01,1190.89,7653.86,9018801.31,early-history
2017-03-10,1190.89,1350.0,975.0,1116.97,33194.61,38529724.81,early-history
2017-03-11,1116.97,1198.0,1106.51,1176.55,7346.55,8528948.13,early-history
2017-03-12,1176.55,1241.85,1170.9,1226.62,5793.91,7003314.41,early-history
2017-03-13,1226.62,1249.02,1215.43,1242.46,5630.79,6955370.87,early-history
2017-03-14,1242.46,1260.0,1226.5,1245.86,5745.5,7156458.55,early-history
2017-03-15,1245.86,1260.0,1238.32,1257.32,3920.35,4908117.86,early-history
2017-03-16,1257.32,1258.96,1130.0,1172.62,15244.87,18263170.71,early-history
2017-03-17,1172.62,1173.23,1063.0,1071.02,16703.78,18710285.4,early-history
2017-03-18,1071.02,1099.0,944.36,969.4,21291.94,21545200.42,early-history
2017-03-19,969.4,1063.7,969.4,1017.97,12196.14,12327661.82,early-history
2017-03-20,1017.97,1053.0,1010.01,1035.96,7486.66,7753027.09,early-history
2017-03-21,1035.96,1117.9,1034.92,1114.39,11125.5,12068049.72,early-history
2017-03-22,1114.39,1114.39,988.0,1037.56,14520.38,15060114.15,early-history
2017-03-23,1037.56,1054.4,1010.69,1029.65,5917.0,6134595.75,early-history
2017-03-24,1029.65,1032.0,920.0,929.06,16066.46,15691519.3,early-history
2017-03-25,929.06,963.36,891.33,956.02,13507.18,12469415.59,early-history
2017-03-26,956.02,997.0,937.52,960.0,9005.18,8735685.94,early-history
2017-03-27,960.0,1043.0,952.95,1039.92,8687.09,8753826.09,early-history
2017-03-28,1039.92,1068.26,1014.9,1043.99,9109.22,9531808.18,early-history
2017-03-29,1043.99,1059.43,1008.16,1035.96,9379.72,9675900.4,early-history
2017-03-30,1035.96,1050.17,1017.14,1033.7,8644.96,8918956.47,early-history
2017-03-31,1033.7,1081.0,1031.43,1070.31,12058.79,12711331.62,early-history
2017-04-01,1070.31,1097.0,1061.64,1083.94,5209.01,5617187.43,early-history
2017-04-02,1083.94,1100.0,1066.49,1078.01,7635.31,8269728.69,early-history
2017-04-03,1078.01,1152.0,1076.19,1144.77,11076.86,12487637.63,early-history
2017-04-04,1144.77,1162.93,1118.85,1143.0,7418.36,8468987.32,early-history
2017-04-05,1143.0,1145.0,1111.0,1134.58,5581.47,6291139.39,early-history
2017-04-06,1134.58,1201.37,1134.36,1190.85,9134.3,10690571.43,early-history
2017-04-07,1190.85,1202.0,1176.0,1190.66,5450.27,6486716.5,early-history
2017-04-08,1190.66,1197.3,1166.66,1184.03,2720.8,3224244.36,early-history
2017-04-09,1184.03,1216.87,1173.98,1206.2,4817.38,5764917.28,early-history
2017-04-10,1206.2,1219.71,1195.0,1209.25,3656.82,4416613.87,early-history
2017-04-11,1209.25,1229.0,1198.02,1218.99,3487.75,4229830.76,early-history
2017-04-12,1218.99,1224.57,1208.0,1212.17,3475.19,4224875.8,early-history
2017-04-13,1212.17,1219.45,1141.0,1172.91,7135.29,8410777.07,early-history
2017-04-14,1172.91,1193.0,1142.0,1170.34,8982.72,10475598.06,early-history
2017-04-15,1170.34,1192.5,1165.0,1173.45,1804.45,2128067.82,early-history
2017-04-16,1173.45,1179.3,1150.0,1162.31,2663.99,3094769.46,early-history
2017-04-17,1162.31,1192.5,1161.0,1176.54,3568.83,4210491.81,early-history
2017-04-18,1176.54,1210.0,1175.95,1202.58,5514.17,6636764.68,early-history
2017-04-19,1202.58,1209.99,1190.0,1203.98,6046.52,7247878.76,early-history
2017-04-20,1203.98,1243.88,1201.66,1234.19,5970.91,7299836.83,early-history
2017-04-21,1234.19,1252.32,1231.65,1243.61,4984.49,6189234.63,early-history
2017-04-22,1243.61,1247.15,1199.0,1233.2,4122.37,5065733.74,early-history
2017-04-23,1233.2,1248.99,1223.42,1241.99,2604.72,3219987.14,early-history
2017-04-24,1241.99,1254.0,1234.0,1253.58,3048.04,3787704.79,early-history
2017-04-25,1253.58,1280.0,1251.07,1269.0,5249.77,6651231.27,early-history
2017-04-26,1269.0,1330.0,1265.0,1287.99,8685.55,11237494.55,early-history
2017-04-27,1287.99,1342.02,1285.0,1331.53,6668.0,8807415.32,early-history
2017-04-28,1331.53,1347.02,1299.0,1330.7,8234.28,10882526.4,early-history
2017-04-29,1330.7,1342.8,1316.0,1333.0,3927.45,5226089.45,early-history
2017-04-30,1333.0,1356.0,1315.68,1350.21,3536.18,4718587.81,early-history
2017-05-01,1350.21,1425.0,1341.22,1390.86,8602.88,11920971.92,early-history
2017-05-02,1390.86,1481.73,1388.0,1447.75,8920.17,12835457.62,early-history
2017-05-03,1447.75,1516.04,1431.02,1503.22,11052.34,16342395.53,early-history
2017-05-04,1503.22,1623.01,1444.94,1537.23,18824.97,29012554.52,early-history
2017-05-05,1537.23,1609.0,1495.0,1514.9,15601.41,24254113.78,early-history
2017-05-06,1514.9,1578.97,1505.0,1558.02,7898.17,12174477.83,early-history
2017-05-07,1558.02,1565.0,1525.0,1554.01,7667.79,11809645.33,early-history
2017-05-08,1554.01,1653.97,1554.01,1649.54,19232.7,30605645.62,early-history
2017-05-09,1649.54,1760.4,1616.05,1720.28,16793.24,28716399.21,early-history
2017-05-10,1720.28,1794.21,1682.0,1772.58,11263.87,19694962.35,early-history
2017-05-11,1772.58,1892.0,1745.01,1828.45,14739.88,26996647.4,early-history
2017-05-12,1828.45,1832.0,1650.0,1691.51,17061.7,29854369.28,early-history
2017-05-13,1691.51,1785.82,1601.46,1776.89,10531.58,17796170.28,early-history
2017-05-14,1776.89,1815.0,1753.0,1784.0,4816.73,8585557.39,early-history
2017-05-15,1784.0,1784.0,1682.56,1705.48,13312.2,22943567.22,early-history
2017-05-16,1705.48,1750.0,1641.22,1700.01,16473.76,28117414.51,early-history
2017-05-17,1700.01,1840.42,1670.01,1782.99,17790.68,31587033.39,early-history
2017-05-18,1782.99,1881.8,1766.33,1878.99,11915.2,21764514.72,early-history
2017-05-19,1878.99,1969.99,1874.99,1958.0,14115.85,27201808.7,early-history
2017-05-20,1958.0,2021.0,1914.0,2013.99,12308.17,24244964.0,early-history
2017-05-21,2013.99,2063.11,1961.52,2017.55,6755.83,13647083.74,early-history
2017-05-22,2017.55,2230.34,2008.75,2099.97,15312.07,32452142.3,early-history
2017-05-23,2099.97,2275.0,2088.45,2264.23,14138.92,31139771.52,early-history
2017-05-24,2264.23,2481.75,2264.23,2420.29,22143.08,52778575.76,early-history
2017-05-25,2420.29,2760.1,2221.0,2292.53,32938.03,82965665.93,early-history
2017-05-26,2292.53,2599.12,2060.0,2279.82,28125.34,66000848.39,early-history
2017-05-27,2279.82,2339.94,1850.0,2042.0,26205.92,54093115.87,early-history
2017-05-28,2042.0,2313.96,2041.48,2178.81,15365.53,33633799.51,early-history
2017-05-29,2178.81,2350.0,2110.0,2292.1,12115.83,27345796.01,early-history
2017-05-30,2292.1,2339.08,2160.0,2203.51,13888.0,31432708.32,early-history
2017-05-31,2203.51,2334.0,2154.28,2298.01,16275.49,36853820.79,early-history
2017-06-01,2298.01,2456.39,2296.81,2413.63,18392.66,43968591.95,early-history
2017-06-02,2413.63,2489.0,2370.03,2488.94,12423.32,30173071.82,early-history
2017-06-03,2488.94,2584.34,2445.0,2540.94,10806.98,27285983.07,early-history
2017-06-04,2540.94,2569.0,2460.0,2530.27,8827.27,22259945.52,early-history
2017-06-05,2530.27,2699.35,2525.28,2698.0,12220.09,31915607.88,early-history
2017-06-06,2698.0,2933.0,2689.4,2880.74,26672.53,75184117.96,early-history
2017-06-07,2880.74,2893.28,2612.5,2683.03,16961.13,47189507.3,early-history
2017-06-08,2683.03,2815.0,2613.13,2806.0,13248.6,36422409.92,early-history
2017-06-09,2806.0,2868.23,2780.43,2822.32,8036.31,22701149.15,early-history
2017-06-10,2822.32,2912.98,2800.0,2899.99,9589.16,27422781.42,early-history
2017-06-11,2899.99,2967.46,2861.53,2954.22,6830.4,19889398.37,early-history
2017-06-12,2954.22,2980.0,2480.03,2667.06,31530.49,85786969.44,early-history
2017-06-13,2667.06,2783.62,2638.62,2703.02,16035.02,43568709.95,early-history
2017-06-14,2703.02,2801.0,2320.0,2450.0,29466.54,76083640.16,early-history
2017-06-15,2450.0,2516.2,2120.0,2424.91,36736.98,84920570.37,early-history
2017-06-16,2424.91,2540.0,2307.66,2484.68,13800.26,33826420.1,early-history
2017-06-17,2484.68,2674.4,2420.53,2630.0,11137.71,28555923.68,early-history
2017-06-18,2630.0,2665.0,2460.62,2516.98,9423.46,24021728.81,early-history
2017-06-19,2516.98,2598.0,2480.96,2598.0,10563.71,26993977.69,early-history
2017-06-20,2598.0,2783.0,2581.0,2740.0,15891.45,42537518.87,early-history
2017-06-21,2740.0,2789.0,2611.0,2657.04,15671.82,42292796.44,early-history
2017-06-22,2657.04,2740.0,2594.61,2713.48,10790.79,28950475.51,early-history
2017-06-23,2713.48,2745.0,2657.46,2685.05,8229.5,22339917.54,early-history
2017-06-24,2685.05,2724.96,2512.13,2557.66,13341.43,34941154.41,early-history
2017-06-25,2557.66,2635.72,2432.0,2502.03,10339.57,26249953.89,early-history
2017-06-26,2502.03,2550.03,2315.01,2421.22,22086.78,54077563.86,early-history
2017-06-27,2421.22,2565.0,2291.0,2565.0,19109.29,45725060.61,early-history
2017-06-28,2565.0,2593.0,2468.01,2559.9,12254.3,31054748.58,early-history
2017-06-29,2559.9,2594.78,2500.31,2541.59,8115.56,20745883.75,early-history
2017-06-30,2541.59,2564.58,2451.0,2465.49,8711.29,21937499.3,early-history
2017-07-01,2465.49,2517.11,2390.0,2412.41,8863.07,21694860.67,early-history
2017-07-02,2412.41,2528.72,2374.34,2504.37,8739.52,21373737.73,early-history
2017-07-03,2504.37,2595.0,2472.68,2550.47,11519.81,29211425.51,early-history
2017-07-04,2550.47,2639.47,2540.07,2596.12,9653.8,25084134.62,early-history
2017-07-05,2596.12,2623.0,2530.1,2602.9,10880.61,27944609.56,early-history
2017-07-06,2602.9,2614.0,2522.0,2600.39,8327.49,21512892.56,early-history
2017-07-07,2600.39,2605.0,2475.0,2501.46,9428.99,23866443.45,early-history
2017-07-08,2501.46,2555.0,2462.0,2550.07,5400.45,13570951.58,early-history
2017-07-09,2550.07,2564.65,2500.5,2502.28,4481.28,11357689.63,early-history
2017-07-10,2502.28,2527.88,2261.85,2323.45,17285.96,41625857.69,early-history
2017-07-11,2323.45,2399.0,2242.62,2305.98,17576.48,41135309.34,early-history
2017-07-12,2305.98,2408.84,2239.54,2388.0,12881.06,30250318.76,early-history
2017-07-13,2388.0,2425.16,2312.93,2339.99,8427.81,19953094.82,early-history
2017-07-14,2339.99,2357.84,2140.0,2213.37,12614.31,28223890.84,early-history
2017-07-15,2213.37,2219.99,1967.65,1970.51,19882.2,40917690.02,early-history
2017-07-16,1970.51,2044.44,1830.0,1917.63,25559.44,49004259.73,early-history
2017-07-17,1917.63,2229.97,1910.57,2226.0,26427.32,55012387.35,early-history
2017-07-18,2226.0,2392.0,2164.0,2303.71,25186.71,57642999.9,early-history
2017-07-19,2303.71,2402.5,2223.0,2265.21,17007.92,39243957.64,early-history
2017-07-20,2265.21,2938.0,2265.21,2875.03,30969.52,80333454.15,early-history
2017-07-21,2875.03,2887.45,2611.39,2670.0,20713.79,56427932.93,early-history
2017-07-22,2670.0,2882.0,2644.59,2832.71,12811.92,35783389.64,early-history
2017-07-23,2832.71,2855.0,2640.0,2749.02,11000.53,30306854.43,early-history
2017-07-24,2749.02,2800.0,2701.0,2759.98,10001.91,27562683.88,early-history
2017-07-25,2759.98,2775.79,2450.0,2564.82,21325.75,55118584.1,early-history
2017-07-26,2564.82,2608.96,2400.0,2524.99,17706.93,44074589.03,early-history
2017-07-27,2524.99,2695.0,2509.63,2666.33,11825.41,30468221.16,early-history
2017-07-28,2666.33,2825.0,2655.82,2777.01,14061.36,38653272.36,early-history
2017-07-29,2777.01,2785.65,2631.78,2680.56,10780.01,29153822.62,early-history
2017-07-30,2680.56,2774.45,2569.69,2742.37,9675.59,25842024.03,early-history
2017-07-31,2742.37,2889.99,2680.01,2855.81,11112.43,30771946.97,early-history
2017-08-01,2855.81,2929.17,2615.0,2731.0,12518.56,34305116.96,early-history
2017-08-02,2731.0,2760.0,2650.0,2703.51,9478.55,25679084.59,early-history
2017-08-03,2703.51,2807.44,2698.83,2793.37,7963.67,21938228.66,early-history
2017-08-04,2793.37,2877.52,2765.91,2855.0,7635.81,21650042.13,early-history
2017-08-05,2855.0,3339.66,2848.32,3263.62,16994.2,53855576.01,early-history
2017-08-06,3263.62,3296.51,3146.1,3222.75,5998.74,19412655.97,early-history
2017-08-07,3222.75,3430.0,3186.0,3387.55,12042.05,40212285.97,early-history
2017-08-08,3387.55,3490.0,3300.0,3412.41,15829.04,54033180.58,early-history
2017-08-09,3412.41,3423.1,3178.72,3342.99,14270.73,47303195.92,early-history
2017-08-10,3342.99,3448.0,3311.17,3413.03,9027.65,30646612.36,early-history
2017-08-11,3413.03,3705.0,3390.67,3645.06,11923.28,41873464.0,early-history
2017-08-12,3645.06,3934.0,3586.95,3855.1,12340.84,46761411.29,early-history
2017-08-13,3855.1,4190.0,3841.71,4053.87,15881.43,63638815.67,early-history
2017-08-14,4053.87,4329.43,3964.96,4306.23,14210.19,59827087.21,early-history
2017-08-15,4306.23,4400.0,3800.0,4155.67,25498.45,104581194.25,early-history
2017-08-16,4155.67,4379.78,3926.06,4378.84,12923.26,54192791.68,early-history
2017-08-17,4378.84,4480.0,4167.21,4276.5,14566.12,63198384.95,early-history
2017-08-18,4276.5,4368.0,3964.96,4100.0,17329.3,72432096.0,early-history
2017-08-19,4100.0,4188.0,3900.0,4099.55,15034.29,60597363.73,early-history
2017-08-20,4099.55,4125.95,4000.0,4058.68,6235.95,25281427.99,early-history
2017-08-21,4058.68,4080.0,3949.78,3987.52,9779.7,39194496.37,early-history
2017-08-22,3987.52,4139.31,3600.0,4085.0,23497.56,91500637.87,early-history
2017-08-23,4085.0,4248.97,4051.94,4108.12,14972.03,62086390.53,early-history
2017-08-24,4108.12,4350.0,4082.57,4300.34,10779.09,45158907.08,early-history
2017-08-25,4300.34,4449.98,4270.0,4355.98,9691.7,42239588.77,early-history
2017-08-26,4355.98,4369.78,4232.43,4333.38,6559.28,28226249.72,early-history
2017-08-27,4333.38,4393.3,4290.32,4337.68,3944.92,17115061.37,early-history
2017-08-28,4337.68,4399.72,4169.01,4379.99,8636.26,37056561.52,early-history
2017-08-29,4379.99,4649.78,4336.26,4578.82,11875.02,53470073.42,early-history
2017-08-30,4578.82,4642.22,4479.0,4573.2,8593.36,39221767.23,early-history
2017-08-31,4573.2,4765.21,4566.66,4734.26,8901.59,41680053.91,early-history
2017-09-01,4734.26,4935.0,4671.09,4921.7,15349.9,73806190.52,early-history
2017-09-02,4921.7,4979.9,4488.5,4599.9,16968.78,79450494.42,early-history
2017-09-03,4599.9,4700.0,4385.0,4606.26,11216.38,51073979.31,early-history
2017-09-04,4606.26,4613.97,4058.5,4277.0,25014.15,107556542.05,early-history
2017-09-05,4277.0,4474.88,4001.93,4396.52,20870.95,88387794.12,early-history
2017-09-06,4396.52,4649.23,4356.42,4605.8,16613.84,75215090.16,early-history
2017-09-07,4605.8,4674.34,4475.0,4615.0,9248.08,42404174.64,early-history
2017-09-08,4615.0,4679.97,4125.99,4312.0,23654.99,103400550.32,early-history
2017-09-09,4312.0,4379.78,4164.0,4308.72,9970.37,42672278.95,early-history
2017-09-10,4308.72,4322.44,4010.0,4226.22,14714.59,61000822.58,early-history
2017-09-11,4226.22,4353.49,4092.4,4207.31,11154.82,46993960.17,early-history
2017-09-12,4207.31,4377.65,4080.0,4172.56,13251.77,56085500.46,early-history
2017-09-13,4172.56,4179.14,3720.01,3865.34,29518.25,115047415.38,early-history
2017-09-14,3865.34,3921.74,3210.0,3227.79,41197.76,145677912.44,early-history
2017-09-15,3227.79,3820.0,2977.0,3700.01,59782.68,201603301.27,early-history
2017-09-16,3700.01,3872.9,3500.0,3678.93,23098.16,84682175.88,early-history
2017-09-17,3678.93,3772.52,3463.0,3662.99,11757.1,42610629.87,early-history
2017-09-18,3662.99,4122.7,3659.42,4101.6,17181.29,67884703.07,early-history
2017-09-19,4101.6,4119.7,3848.35,3888.8,15251.89,60296939.36,early-history
2017-09-20,3888.8,4050.0,3820.56,3874.46,11636.97,45755993.66,early-history
2017-09-21,3874.46,3914.0,3573.0,3617.05,17898.73,66991792.86,early-history
2017-09-22,3617.05,3761.84,3514.0,3612.18,14959.45,54095681.79,early-history
2017-09-23,3612.18,3810.25,3552.0,3779.17,10105.29,37543313.88,early-history
2017-09-24,3779.17,3783.25,3615.0,3664.22,6506.91,24002945.44,early-history
2017-09-25,3664.22,3968.59,3658.39,3918.0,14928.61,57436091.87,early-history
2017-09-26,3918.0,3970.0,3850.61,3888.03,9982.65,39095846.8,early-history
2017-09-27,3888.03,4226.73,3870.0,4199.29,15047.14,61138922.31,early-history
2017-09-28,4199.29,4270.01,4123.5,4184.84,9606.78,40228821.54,early-history
2017-09-29,4184.84,4227.62,4022.02,4164.82,12152.44,50174093.2,early-history
2017-09-30,4164.82,4349.0,4154.28,4326.09,7484.86,32022657.82,early-history
2017-10-01,4326.09,4377.22,4216.0,4377.22,7186.75,30767188.12,early-history
2017-10-02,4377.22,4453.0,4352.0,4391.48,8257.67,36284325.23,early-history
2017-10-03,4391.48,4425.0,4218.0,4315.83,12439.78,53430721.04,early-history
2017-10-04,4315.83,4343.0,4170.07,4219.53,8495.27,35967135.01,early-history
2017-10-05,4219.53,4358.97,4137.96,4301.09,8403.54,35843264.32,early-history
2017-10-06,4301.09,4425.0,4278.4,4362.95,8373.72,36536990.19,early-history
2017-10-07,4362.95,4463.0,4312.82,4423.3,4624.88,20225980.37,early-history
2017-10-08,4423.3,4612.0,4404.5,4597.98,10072.26,45437977.1,early-history
2017-10-09,4597.98,4865.0,4541.0,4764.7,12900.31,60364606.58,early-history
2017-10-10,4764.7,4909.97,4700.0,4749.29,11657.5,56048025.67,early-history
2017-10-11,4749.29,4869.78,4700.0,4822.01,9847.43,47163032.6,early-history
2017-10-12,4822.01,5445.0,4793.66,5445.0,19885.18,102397248.43,early-history
2017-10-13,5445.0,5846.43,5380.0,5653.6,27797.47,155680854.0,early-history
2017-10-14,5653.6,5817.34,5558.26,5801.29,8393.91,47682043.42,early-history
2017-10-15,5801.29,5830.0,5415.0,5679.7,11529.17,64387164.5,early-history
2017-10-16,5679.7,5807.11,5548.0,5745.72,9053.39,51432597.47,early-history
2017-10-17,5745.72,5776.31,5506.78,5597.31,9087.77,50937177.61,early-history
2017-10-18,5597.31,5617.75,5101.36,5582.05,18914.61,101403785.99,early-history
2017-10-19,5582.05,5735.14,5512.06,5698.69,9883.68,55881257.79,early-history
2017-10-20,5698.69,6074.0,5589.8,5977.29,15052.02,88681234.35,early-history
2017-10-21,5977.29,6180.0,5871.0,6013.46,15305.54,92596831.55,early-history
2017-10-22,6013.46,6071.07,5700.0,5969.0,12213.02,71783836.81,early-history
2017-10-23,5969.0,6045.34,5617.75,5871.17,15257.2,89096118.44,early-history
2017-10-24,5871.17,5871.17,5453.01,5523.4,17264.05,97431687.22,early-history
2017-10-25,5523.4,5748.0,5366.0,5735.88,12312.35,68165895.28,early-history
2017-10-26,5735.88,5988.0,5683.0,5890.0,11743.86,68819732.17,early-history
2017-10-27,5890.0,5994.06,5674.06,5771.89,11878.19,68864252.31,early-history
2017-10-28,5771.89,5875.66,5646.18,5730.69,5911.95,33910959.44,early-history
2017-10-29,5730.69,6316.85,5683.0,6137.37,16067.43,96245243.8,early-history
2017-10-30,6137.37,6229.77,6024.03,6119.99,9573.17,58628072.74,early-history
2017-10-31,6119.99,6449.78,6072.81,6434.21,13388.29,84132031.05,early-history
2017-11-01,6434.21,6756.36,6340.01,6741.59,12942.67,84730388.78,early-history
2017-11-02,6741.59,7354.1,6700.0,7030.0,26442.64,184478482.71,early-history
2017-11-03,7030.0,7500.0,6925.22,7146.82,15978.77,115885350.37,early-history
2017-11-04,7146.82,7569.9,6994.0,7388.83,9178.26,66574400.23,early-history
2017-11-05,7388.83,7590.0,7275.16,7372.72,9211.21,68578104.7,early-history
2017-11-06,7372.72,7421.39,6922.07,6967.68,19290.82,138309426.6,early-history
2017-11-07,6967.68,7244.69,6945.0,7130.28,11625.97,82573875.36,early-history
2017-11-08,7130.28,7888.0,7080.01,7450.32,24598.0,182900719.5,early-history
2017-11-09,7450.32,7490.0,7061.2,7148.0,14729.52,106479695.18,early-history
2017-11-10,7148.0,7343.18,6429.44,6588.18,26492.72,180472185.39,early-history
2017-11-11,6588.18,6820.0,6218.0,6355.13,14890.46,96465935.17,early-history
2017-11-12,6355.13,6488.88,5555.55,5870.37,37220.5,224990004.1,early-history
2017-11-13,5870.37,6775.75,5846.0,6525.17,27163.67,173725919.53,early-history
2017-11-14,6525.17,6750.0,6466.88,6609.0,12072.05,79508390.54,early-history
2017-11-15,6609.0,7350.0,6609.0,7294.0,16869.9,119171192.38,early-history
2017-11-16,7294.0,7976.79,7120.85,7846.96,19272.37,145738327.49,early-history
2017-11-17,7846.96,7997.0,7528.5,7674.99,17714.37,138124189.43,early-history
2017-11-18,7674.99,7858.0,7431.54,7771.03,7326.81,56264967.21,early-history
2017-11-19,7771.03,8087.35,7675.0,8016.58,8307.78,65332064.65,early-history
2017-11-20,8016.58,8269.99,7900.0,8226.17,8179.46,66366007.81,early-history
2017-11-21,8226.17,8354.46,7770.0,8095.23,13686.34,110809826.43,early-history
2017-11-22,8095.23,8310.89,8045.76,8214.69,8078.58,66215711.71,early-history
2017-11-23,8214.69,8279.76,7980.0,7989.0,7811.79,63644740.39,early-history
2017-11-24,7989.0,8340.0,7876.0,8199.19,9289.99,75751868.75,early-history
2017-11-25,8199.19,8737.0,8114.78,8717.99,11611.67,97628924.79,early-history
2017-11-26,8717.99,9366.6,8538.2,9271.06,12021.22,108525815.45,early-history
2017-11-27,9271.06,9721.7,9267.0,9708.07,13272.45,126458117.67,early-history
2017-11-28,9708.07,9968.0,9582.25,9868.82,11214.93,110496755.85,early-history
2017-11-29,9868.82,11395.0,9289.0,9824.68,29509.5,307124764.72,early-history
2017-11-30,9824.68,10618.29,9000.0,9947.67,25433.46,247093850.76,early-history
2017-12-01,9947.67,10949.89,9370.11,10840.45,16708.03,171881760.62,early-history
2017-12-02,10840.45,11200.0,10637.69,10872.0,9267.16,101270084.38,early-history
2017-12-03,10872.0,11800.01,10513.16,11250.0,14238.53,160176290.44,early-history
2017-12-04,11250.0,11613.07,10850.0,11613.07,13621.48,154122917.9,early-history
2017-12-05,11613.07,11850.0,11384.25,11677.0,10910.99,127101844.05,early-history
2017-12-06,11677.0,13700.0,11659.8,13623.5,19784.87,250560790.3,early-history
2017-12-07,13623.5,16615.62,13085.9,16599.99,24423.39,362107737.05,early-history
2017-12-08,16599.99,16666.66,13482.42,15800.0,25473.4,389366035.09,early-history
2017-12-09,15800.0,15998.5,12701.05,14607.49,15763.56,227938370.13,early-history
2017-12-10,14607.49,15385.0,13011.0,14691.0,18487.98,263150668.0,early-history
2017-12-11,14691.0,17270.0,14677.19,16470.0,16583.72,270203844.28,early-history
2017-12-12,16470.0,17428.42,15967.29,16650.01,12511.23,210743301.62,early-history
2017-12-13,16650.01,17107.03,15497.69,16250.0,17136.71,281640493.79,early-history
2017-12-14,16250.0,16830.45,15852.69,16404.99,13409.52,219263192.46,early-history
2017-12-15,16404.99,17934.0,16337.19,17471.5,18998.39,329337014.76,early-history
2017-12-16,17471.5,19377.0,17269.99,19187.78,9761.22,179906034.64,early-history
2017-12-17,19187.78,19666.0,18465.0,18953.0,9749.25,186310530.76,early-history
2017-12-18,18953.0,19220.0,17835.2,18940.57,14678.94,273533539.4,early-history
2017-12-19,18940.57,19160.79,16831.26,17700.0,21528.14,387206242.38,early-history
2017-12-20,17700.0,17950.0,15343.04,16466.98,31172.23,521350550.61,early-history
2017-12-21,16466.98,17281.17,15005.0,15600.01,20377.86,326730689.65,early-history
2017-12-22,15600.01,15795.61,11159.93,14009.79,57444.16,772329454.8,early-history
2017-12-23,14009.79,15756.22,13496.48,14619.0,21786.41,322120599.56,early-history
2017-12-24,14619.0,14619.1,12488.0,14157.87,18519.49,250476423.64,early-history
2017-12-25,14157.87,14650.0,13210.0,13911.28,11564.54,161347357.08,early-history
2017-12-26,13911.28,16147.87,13746.95,15764.44,15051.16,230922569.15,early-history
2017-12-27,15764.44,16480.52,14484.0,15364.93,15643.75,241860985.13,early-history
2017-12-28,15364.93,15474.19,13500.0,14470.07,16557.22,234428578.54,early-history
2017-12-29,14470.07,15111.0,13998.0,14340.0,13505.7,195727638.77,early-history
2017-12-30,14340.0,14463.28,12050.0,12640.0,21749.67,285985550.32,early-history
2017-12-31,12640.0,14296.06,12491.21,13880.0,11583.42,154552644.47,early-history
2018-01-01,13715.65,13818.55,12750.0,13380.0,8609.9158,114799747.44,binance
2018-01-02,13382.16,15473.49,12890.02,14675.11,20078.0921,279717107.43,binance
2018-01-03,14690.0,15307.56,14150.0,14919.51,15905.6676,236116868.34,binance
2018-01-04,14919.51,15280.0,13918.04,15059.54,21329.6496,312781583.8,binance
2018-01-05,15059.56,17176.24,14600.0,16960.39,23251.4911,369321956.49,binance
2018-01-06,16960.39,17143.13,16011.21,17069.79,18571.4575,309216920.99,binance
2018-01-07,17069.79,17099.96,15610.0,16150.03,12493.1256,206194706.37,binance
2018-01-08,16218.85,16322.3,12812.0,14902.54,26600.6099,396569997.16,binance
2018-01-09,14902.54,15500.0,14011.05,14400.0,14315.0043,210630187.46,binance
2018-01-10,14401.0,14955.66,13131.31,14907.09,17411.0017,244011366.76,binance
2018-01-11,14940.0,14968.68,11400.0,13238.78,33554.7238,446587594.69,binance
2018-01-12,13238.76,14109.78,12500.0,13740.01,16417.1621,222516076.27,binance
2018-01-13,13749.95,14580.0,13706.15,14210.0,12221.5085,173086488.55,binance
2018-01-14,14210.0,14339.5,12569.2,13474.99,17017.8943,226525305.13,binance
2018-01-15,13477.98,14249.99,13147.79,13539.93,14652.0947,200614554.54,binance
2018-01-16,13500.0,13542.93,9035.0,10900.0,63401.1692,722150828.15,binance
2018-01-17,10899.99,11680.99,9037.94,10988.79,72331.7966,744154180.13,binance
2018-01-18,10972.59,11878.82,10435.33,10961.97,48464.4349,541289614.06,binance
2018-01-19,10960.0,11795.0,10360.0,11474.98,34129.3754,382773499.23,binance
2018-01-20,11474.98,13099.0,11412.45,12799.94,28768.8578,358561107.78,binance
2018-01-21,12799.8,12799.8,10965.0,11530.0,41379.7734,485289230.82,binance
2018-01-22,11530.0,11926.35,9900.24,10760.05,43752.6068,475716514.21,binance
2018-01-23,10760.05,11399.0,9905.0,10799.18,37473.9226,399419413.23,binance
2018-01-24,10799.14,11570.48,10500.0,11349.99,27158.5878,299470607.43,binance
2018-01-25,11349.96,11794.05,10950.21,11175.27,20839.9542,236081364.97,binance
2018-01-26,11184.7,11643.0,10311.15,11089.0,33056.872,360482470.17,binance
2018-01-27,11089.0,11650.0,10842.69,11491.0,18860.7683,212663199.53,binance
2018-01-28,11499.98,12244.0,11408.0,11879.95,16887.3395,200211582.94,binance
2018-01-29,11879.95,11975.02,11139.55,11251.0,14170.3775,162110154.88,binance
2018-01-30,11250.11,11308.42,9900.0,10237.51,25554.3729,268978329.51,binance
2018-01-31,10230.0,10425.85,9700.0,10285.1,18015.9568,181644207.11,binance
2018-02-01,10285.1,10335.0,8750.99,9224.52,33564.7643,317636345.98,binance
2018-02-02,9224.52,9250.0,8010.02,8873.03,49971.627,434236483.7,binance
2018-02-03,8873.03,9473.01,8229.0,9199.96,28725.0007,256834729.06,binance
2018-02-04,9199.96,9368.0,7930.0,8184.81,32014.3084,274912288.42,binance
2018-02-05,8179.99,8382.8,6625.0,6939.99,63403.1826,471166218.71,binance
2018-02-06,6939.63,7878.0,6000.01,7652.14,100201.5003,684364276.37,binance
2018-02-07,7655.02,8476.0,7150.01,7599.0,60778.4605,477935038.81,binance
2018-02-08,7599.0,7844.0,7572.09,7784.02,1521.5373,11770168.04,binance
2018-02-09,7789.9,8738.0,7789.9,8683.92,20482.9108,173348469.81,binance
2018-02-10,8683.93,9065.78,8120.0,8533.98,49381.5127,423411421.93,binance
2018-02-11,8533.99,8549.0,7726.53,8063.88,45025.188,366966437.25,binance
2018-02-12,8063.82,8989.0,8053.0,8903.0,41987.8505,362440826.99,binance
2018-02-13,8903.0,8950.0,8351.0,8539.9,35454.973,305165143.7,binance
2018-02-14,8535.17,9489.6,8533.0,9449.99,40811.9529,370126692.73,binance
2018-02-15,9449.98,10219.5,9301.5,10000.09,52427.5967,512388484.73,binance
2018-02-16,10000.89,10323.37,9666.0,10159.98,38161.206,381103299.22,binance
2018-02-17,10156.07,11075.07,10050.0,11039.55,41882.1084,446012696.17,binance
2018-02-18,11039.55,11274.0,10080.0,10383.43,61137.3807,649423311.31,binance
2018-02-19,10375.01,11250.0,10270.33,11153.0,40831.4171,443766562.68,binance
2018-02-20,11147.11,11786.01,11100.59,11200.99,48153.3543,551573232.24,binance
2018-02-21,11195.07,11304.03,10200.0,10437.6,68113.8188,731537130.49,binance
2018-02-22,10439.02,10933.44,9679.0,9811.04,67060.1665,682006373.87,binance
2018-02-23,9815.55,10435.0,9570.19,10131.04,57202.7024,571800753.47,binance
2018-02-24,10131.04,10496.97,9352.0,9694.51,40888.1563,405618586.65,binance
2018-02-25,9694.51,9847.0,9274.8,9590.0,28373.5176,271286599.13,binance
2018-02-26,9590.0,10444.32,9350.0,10324.0,34878.2928,347559259.74,binance
2018-02-27,10321.0,10870.0,10121.0,10569.04,30705.3851,324295371.14,binance
2018-02-28,10584.33,11098.0,10300.0,10326.76,30800.9838,327914696.13,binance
2018-03-01,10325.64,11060.41,10240.0,10920.0,25092.5539,268172535.38,binance
2018-03-02,10923.36,11200.0,10770.0,11039.0,23910.7101,262936307.01,binance
2018-03-03,11038.99,11544.0,11015.01,11464.48,21287.1533,241749497.9,binance
2018-03-04,11464.47,11565.0,11050.02,11515.0,17295.9187,194849579.13,binance
2018-03-05,11515.0,11710.0,11415.01,11454.0,15144.2311,174866951.4,binance
2018-03-06,11455.0,11455.0,10555.48,10716.48,29515.5724,323842216.65,binance
2018-03-07,10716.48,10899.0,9389.31,9910.0,50647.6711,514808033.49,binance
2018-03-08,9910.0,10099.0,9060.0,9271.64,41109.4732,394641280.64,binance
2018-03-09,9267.07,9410.0,8329.0,9227.0,64112.2914,567082901.13,binance
2018-03-10,9230.0,9490.0,8667.07,8770.22,37180.0129,341210248.41,binance
2018-03-11,8770.22,9740.0,8450.0,9533.57,44325.9734,403491260.93,binance
2018-03-12,9533.57,9888.88,8780.0,9131.34,42230.7779,395562731.87,binance
2018-03-13,9131.34,9474.0,8823.0,9150.0,40191.4094,367353984.71,binance
2018-03-14,9151.92,9333.78,7900.28,8170.0,49708.0941,426058009.76,binance
2018-03-15,8184.01,8430.0,7650.0,8240.98,52291.0223,422130717.47,binance
2018-03-16,8240.98,8611.64,7900.0,8260.0,38815.4099,322355002.17,binance
2018-03-17,8260.0,8348.62,7721.99,7824.8,33110.2063,265973111.62,binance
2018-03-18,7824.01,8317.4,7322.0,8189.99,59488.2317,458311733.52,binance
2018-03-19,8189.0,8705.23,8088.4,8600.0,55297.0849,462654338.98,binance
2018-03-20,8595.01,9050.0,8280.0,8909.98,44865.1058,387879393.47,binance
2018-03-21,8909.96,9177.01,8750.6,8885.0,39972.4054,358157473.36,binance
2018-03-22,8884.82,9100.0,8465.1,8722.9,40617.5568,354804129.34,binance
2018-03-23,8720.0,8909.0,8269.0,8898.03,39991.0077,340755592.54,binance
2018-03-24,8898.04,8999.95,8491.0,8546.86,35466.6096,313254829.91,binance
2018-03-25,8531.25,8669.85,8365.77,8470.15,29001.7693,247023172.31,binance
2018-03-26,8470.14,8514.89,7831.0,8134.23,44033.5957,358429758.87,binance
2018-03-27,8134.22,8215.94,7730.0,7795.51,37427.6481,297609656.44,binance
2018-03-28,7795.51,8109.0,7728.0,7949.3,26401.3317,209186093.18,binance
2018-03-29,7949.3,7975.0,6941.11,7090.14,54620.9151,405591158.63,binance
2018-03-30,7090.16,7292.43,6600.1,6840.23,65306.032,450352009.17,binance
2018-03-31,6840.24,7223.36,6777.0,6923.91,36868.5391,258341534.47,binance
2018-04-01,6922.0,7049.98,6430.0,6813.01,44071.4305,297470498.82,binance
2018-04-02,6813.01,7125.0,6765.0,7056.0,32123.5601,224322159.41,binance
2018-04-03,7063.97,7520.0,7011.01,7405.21,37787.3318,277080072.76,binance
2018-04-04,7405.21,7427.52,6707.0,6796.1,42227.1838,297443582.75,binance
2018-04-05,6796.1,6902.0,6566.69,6770.76,39029.7315,263446941.13,binance
2018-04-06,6770.0,6850.0,6500.0,6601.39,27455.0119,182139799.81,binance
2018-04-07,6601.39,7070.0,6586.28,6895.8,32269.5783,222323863.54,binance
2018-04-08,6895.81,7109.13,6880.0,7018.0,21427.6732,149967346.66,binance
2018-04-09,7011.04,7185.0,6611.0,6782.72,34078.2972,234309953.75,binance
2018-04-10,6781.55,6890.0,6656.0,6843.9,22326.7281,151417844.27,binance
2018-04-11,6839.56,6990.0,6787.0,6953.79,23997.8712,165264003.41,binance
2018-04-12,6953.78,8012.23,6743.2,7923.0,64861.596,485176252.49,binance
2018-04-13,7922.99,8233.39,7732.0,7877.41,55044.5231,439884522.71,binance
2018-04-14,7877.48,8186.0,7810.0,7999.01,31621.2864,252868761.32,binance
2018-04-15,8004.0,8429.54,7999.02,8355.0,27946.7204,230287099.58,binance
2018-04-16,8355.07,8419.0,7867.0,8064.92,36664.0697,295817536.47,binance
2018-04-17,8064.92,8173.7,7825.4,7885.02,32152.6036,258221765.57,binance
2018-04-18,7890.96,8236.43,7868.0,8173.0,26969.0446,217649160.11,binance
2018-04-19,8173.99,8296.0,8080.0,8278.0,27113.8475,222675105.79,binance
2018-04-20,8273.84,8930.0,8177.09,8856.98,39795.3375,337288580.43,binance
2018-04-21,8852.12,9035.0,8565.0,8915.31,40872.2299,358915978.1,binance
2018-04-22,8915.31,9020.67,8727.68,8787.02,29458.2535,261804372.91,binance
2018-04-23,8785.7,8985.0,8745.0,8934.01,25838.1147,229754640.6,binance
2018-04-24,8934.0,9731.01,8922.0,9619.99,46268.7901,431210048.06,binance
2018-04-25,9618.96,9759.82,8730.0,8869.99,81110.0376,745137762.97,binance
2018-04-26,8869.99,9307.48,8651.62,9266.0,43300.3042,385046648.14,binance
2018-04-27,9267.03,9395.0,8889.0,8915.35,37241.347,342805674.55,binance
2018-04-28,8915.35,9427.48,8870.0,9348.0,34759.6284,321653866.2,binance
2018-04-29,9348.0,9570.51,9163.74,9419.0,38149.85,357004895.96,binance
2018-04-30,9417.04,9458.64,9124.99,9246.01,35002.0339,325019389.25,binance
2018-05-01,9246.01,9248.99,8800.49,9071.48,41018.4636,368688349.62,binance
2018-05-02,9071.48,9268.0,8970.2,9247.84,26123.544,238421833.76,binance
2018-05-03,9247.81,9844.0,9168.4,9750.0,38768.3883,366028365.23,binance
2018-05-04,9750.0,9830.04,9520.85,9713.99,28681.5889,277565997.63,binance
2018-05-05,9714.0,10020.0,9682.0,9864.0,24990.0183,246807563.51,binance
2018-05-06,9863.99,9970.0,9417.03,9659.01,27690.3516,267359420.3,binance
2018-05-07,9661.02,9689.67,9181.0,9365.0,33787.64,316015961.44,binance
2018-05-08,9365.0,9475.7,9060.54,9187.56,25533.8319,236418155.69,binance
2018-05-09,9178.0,9390.0,8965.0,9310.0,25673.5249,235736782.29,binance
2018-05-10,9310.0,9395.12,8970.0,9002.2,25055.0637,231595002.6,binance
2018-05-11,9002.21,9016.8,8341.0,8400.0,48227.0481,418859806.48,binance
2018-05-12,8405.94,8646.88,8153.0,8465.94,40241.3208,337899865.86,binance
2018-05-13,8475.44,8763.36,8298.0,8679.71,25632.8694,219455683.08,binance
2018-05-14,8679.71,8879.99,8277.0,8663.34,37389.6665,320583612.23,binance
2018-05-15,8663.37,8859.99,8401.3,8462.0,28126.9561,242341031.06,binance
2018-05-16,8462.0,8488.0,8083.01,8330.0,31130.7189,257056552.43,binance
2018-05-17,8330.0,8464.0,7979.0,8041.46,25439.8448,209489039.34,binance
2018-05-18,8038.82,8273.21,7911.9,8239.81,23476.1583,189870380.86,binance
2018-05-19,8238.01,8390.8,8095.73,8233.49,17193.4243,141878775.41,binance
2018-05-20,8233.49,8609.0,8163.9,8526.98,19957.0571,167440553.75,binance
2018-05-21,8526.97,8595.31,8305.0,8381.24,21516.5965,181750674.82,binance
2018-05-22,8386.89,8400.18,7935.11,7977.11,23710.9029,194335432.44,binance
2018-05-23,7977.12,8031.9,7425.0,7501.95,42910.6668,331238049.64,binance
2018-05-24,7501.95,7730.73,7266.99,7575.01,37845.4466,284286378.51,binance
2018-05-25,7578.99,7649.55,7308.15,7457.0,26739.9566,199749585.97,binance
2018-05-26,7456.99,7620.0,7300.0,7333.96,19464.0861,145636226.46,binance
2018-05-27,7334.0,7400.0,7231.11,7338.99,18706.9455,136710618.5,binance
2018-05-28,7338.99,7437.0,7058.02,7099.0,27219.439,196788994.27,binance
2018-05-29,7099.0,7540.0,7032.95,7461.29,39407.2118,288070643.91,binance
2018-05-30,7467.98,7569.0,7260.5,7375.96,32041.5836,237956894.05,binance
2018-05-31,7382.07,7699.0,7327.51,7485.01,30776.0631,231017579.83,binance
2018-06-01,7485.01,7608.55,7355.54,7521.01,28259.1241,211458512.12,binance
2018-06-02,7521.01,7697.33,7437.0,7640.03,26720.6902,203370447.69,binance
2018-06-03,7636.81,7786.69,7600.0,7714.26,27505.159,211737376.85,binance
2018-06-04,7714.26,7760.52,7446.5,7487.0,32258.8351,244167051.19,binance
2018-06-05,7487.0,7679.49,7358.0,7625.0,31722.9734,237722147.65,binance
2018-06-06,7626.64,7699.0,7467.05,7658.84,27229.9919,207006657.78,binance
2018-06-07,7658.79,7765.0,7620.0,7691.08,25062.2272,192949056.84,binance
2018-06-08,7691.08,7703.5,7531.0,7603.44,23396.8047,178204158.4,binance
2018-06-09,7603.44,7683.98,7450.0,7491.73,19339.8852,147171153.41,binance
2018-06-10,7491.73,7491.73,6622.81,6764.99,52342.02,367338754.56,binance
2018-06-11,6765.0,6922.0,6610.0,6872.0,34552.1623,233056682.86,binance
2018-06-12,6872.0,6890.51,6435.0,6530.0,36722.2112,245787800.8,binance
2018-06-13,6530.0,6627.6,6118.68,6292.78,46185.5181,295395681.66,binance
2018-06-14,6292.78,6720.0,6260.0,6635.98,44478.1308,289074808.78,binance
2018-06-15,6638.67,6666.66,6362.31,6388.9,30018.3299,196192096.15,binance
2018-06-16,6380.01,6560.0,6320.86,6483.98,22277.2411,143760033.69,binance
2018-06-17,6482.5,6589.03,6422.0,6449.61,19847.2477,129120718.76,binance
2018-06-18,6444.06,6794.38,6380.0,6712.46,31821.435,208570443.96,binance
2018-06-19,6711.39,6841.74,6653.0,6741.21,24311.4211,163420093.79,binance
2018-06-20,6740.0,6817.23,6551.81,6761.51,26359.7525,175935335.65,binance
2018-06-21,6763.21,6795.0,6672.57,6718.84,25428.854,171149859.24,binance
2018-06-22,6717.69,6733.97,5918.94,6045.0,52157.3708,327460666.91,binance
2018-06-23,6045.92,6260.0,6008.48,6149.98,26622.7886,162755765.85,binance
2018-06-24,6149.98,6259.8,5750.0,6136.97,47445.999,284095336.06,binance
2018-06-25,6137.95,6350.0,6061.97,6252.0,39164.5153,242859915.8,binance
2018-06-26,6252.0,6272.54,6035.0,6070.78,19377.2405,119676555.56,binance
2018-06-27,6065.89,6190.43,5971.0,6133.73,19225.6711,117103011.8,binance
2018-06-28,6134.73,6173.01,5827.0,5853.98,30585.266,185247010.88,binance
2018-06-29,5851.01,6300.0,5780.0,6197.92,33911.2873,201409363.92,binance
2018-06-30,6197.92,6528.99,6186.03,6390.07,37919.6128,241568568.03,binance
2018-07-01,6391.08,6441.06,6251.0,6356.81,27562.966,175096501.49,binance
2018-07-02,6360.82,6685.0,6271.62,6615.29,36230.4523,235524330.65,binance
2018-07-03,6615.29,6679.35,6463.01,6513.86,38657.7817,254550438.14,binance
2018-07-04,6511.01,6784.92,6441.11,6586.98,23571.8928,156277884.33,binance
2018-07-05,6585.53,6712.0,6453.33,6529.2,35071.9729,230809190.31,binance
2018-07-06,6529.2,6648.54,6425.0,6609.78,29397.0947,192230903.68,binance
2018-07-07,6609.79,6818.16,6508.88,6756.98,23973.8769,158034155.18,binance
2018-07-08,6753.48,6780.0,6667.44,6712.1,24622.9478,165941351.8,binance
2018-07-09,6712.1,6802.06,6612.24,6662.12,26732.4066,179250573.67,binance
2018-07-10,6662.78,6681.0,6263.0,6296.91,38560.6727,249099760.19,binance
2018-07-11,6296.91,6406.0,6278.99,6378.07,28715.4985,182357469.03,binance
2018-07-12,6378.07,6380.28,6070.0,6250.57,31306.6633,194325733.79,binance
2018-07-13,6251.4,6350.0,6110.0,6214.57,26375.3253,164467999.81,binance
2018-07-14,6214.57,6335.0,6178.0,6251.99,17783.072,110959488.25,binance
2018-07-15,6250.9,6395.0,6225.4,6353.01,22979.2115,145409822.74,binance
2018-07-16,6354.15,6747.3,6330.4,6723.35,36204.8771,237104112.45,binance
2018-07-17,6723.33,7468.99,6652.04,7317.44,52105.4235,364669305.04,binance
2018-07-18,7317.44,7588.08,7225.38,7381.9,59487.6434,440669913.21,binance
2018-07-19,7381.88,7576.28,7270.0,7466.21,41218.2564,305198281.14,binance
2018-07-20,7468.86,7700.0,7273.0,7337.53,46140.3134,342862693.1,binance
2018-07-21,7337.47,7458.47,7211.0,7398.78,28886.4903,212126417.23,binance
2018-07-22,7399.25,7582.4,7335.5,7394.79,30270.2184,225619234.84,binance
2018-07-23,7394.78,7833.0,7375.0,7721.01,41646.3467,320156546.58,binance
2018-07-24,7721.65,8486.0,7696.0,8397.24,60121.1637,487117211.68,binance
2018-07-25,8397.24,8491.77,8050.0,8175.64,48257.6491,398119757.8,binance
2018-07-26,8175.63,8315.69,7850.06,7920.0,43223.4817,352101207.68,binance
2018-07-27,7920.0,8285.0,7805.0,8188.57,43671.0059,350881696.75,binance
2018-07-28,8188.57,8246.54,8067.0,8225.04,26215.1738,214357817.03,binance
2018-07-29,8225.04,8294.51,8115.0,8211.0,25531.2262,209564023.05,binance
2018-07-30,8210.99,8273.0,7866.0,8173.92,39692.4165,321599782.18,binance
2018-07-31,8171.4,8180.0,7633.0,7730.93,48296.9156,379841367.2,binance
2018-08-01,7735.67,7750.0,7430.0,7604.58,42582.3129,322252070.44,binance
2018-08-02,7600.08,7709.46,7455.72,7525.71,37665.6967,285656680.7,binance
2018-08-03,7525.71,7540.0,7282.44,7418.78,44669.486,330599837.73,binance
2018-08-04,7412.27,7494.81,6926.0,7009.84,36288.426,262282965.49,binance
2018-08-05,7009.84,7089.87,6882.29,7024.19,32894.8498,229992627.52,binance
2018-08-06,7024.19,7160.0,6821.0,6934.82,32760.1916,229071781.12,binance
2018-08-07,6935.0,7150.46,6670.0,6720.06,45438.4735,316365882.1,binance
2018-08-08,6720.63,6721.54,6123.0,6285.0,59550.5363,382460776.49,binance
2018-08-09,6283.27,6622.81,6178.6,6529.79,51941.1851,332880900.89,binance
2018-08-10,6529.79,6575.88,6026.39,6144.01,59034.9749,374699380.95,binance
2018-08-11,6148.13,6488.0,5971.0,6232.35,47133.4186,291056267.09,binance
2018-08-12,6222.55,6472.3,6130.0,6308.33,38567.7707,243227298.88,binance
2018-08-13,6308.56,6545.0,6145.04,6246.35,53895.8288,341552293.01,binance
2018-08-14,6248.25,6250.33,5880.0,6188.08,50186.7451,303179556.36,binance
2018-08-15,6188.08,6609.0,6172.11,6267.16,68806.687,439109005.4,binance
2018-08-16,6265.27,6480.0,6205.6,6311.75,48515.2546,307755605.16,binance
2018-08-17,6316.0,6585.0,6285.4,6584.49,57851.6108,374472431.72,binance
2018-08-18,6579.04,6620.0,6288.0,6387.96,53742.3222,345964004.37,binance
2018-08-19,6387.96,6541.0,6300.0,6477.53,45190.848,289271954.55,binance
2018-08-20,6477.53,6530.0,6220.0,6254.84,49435.5553,317617945.75,binance
2018-08-21,6251.0,6500.0,6235.08,6480.0,41569.9474,265458342.78,binance
2018-08-22,6479.98,6882.54,6251.2,6360.89,77909.3914,512501182.2,binance
2018-08-23,6362.57,6576.99,6342.28,6525.01,40358.1668,259786384.55,binance
2018-08-24,6525.0,6725.0,6440.5,6681.64,38305.6753,251513064.47,binance
2018-08-25,6686.98,6789.0,6650.61,6733.64,19220.5059,129083702.48,binance
2018-08-26,6733.64,6775.27,6568.0,6700.0,20107.2972,134117930.4,binance
2018-08-27,6700.0,6940.51,6646.5,6908.64,37747.0787,254214730.32,binance
2018-08-28,6907.26,7135.0,6860.0,7076.11,48352.9172,338220284.29,binance
2018-08-29,7077.0,7133.81,6912.34,7031.22,43252.4874,304565438.49,binance
2018-08-30,7033.21,7063.63,6784.81,6984.84,44716.7746,309357226.58,binance
2018-08-31,6984.84,7089.0,6888.0,7011.21,40467.4006,282722730.06,binance
2018-09-01,7011.21,7275.0,7008.74,7200.01,40323.4141,287299347.77,binance
2018-09-02,7201.57,7345.45,7127.0,7302.01,39814.8404,288526018.71,binance
2018-09-03,7302.0,7338.28,7191.63,7263.02,32396.0184,235393601.43,binance
2018-09-04,7263.0,7410.0,7227.17,7359.06,35300.6405,258978411.27,binance
2018-09-05,7359.05,7397.3,6682.0,6700.0,63715.2563,449463489.06,binance
2018-09-06,6697.27,6725.0,6265.0,6516.01,60644.4642,390391932.21,binance
2018-09-07,6516.84,6544.0,6320.0,6395.54,38906.288,250716129.91,binance
2018-09-08,6395.54,6478.0,6111.0,6185.05,38215.0322,241711345.37,binance
2018-09-09,6185.06,6441.0,6141.53,6250.81,37053.9238,233583450.11,binance
2018-09-10,6252.26,6373.98,6221.0,6312.0,32439.4564,204178349.97,binance
2018-09-11,6311.99,6404.0,6169.68,6294.91,33104.8886,208346648.8,binance
2018-09-12,6293.0,6360.0,6192.37,6338.62,31433.6459,197398009.01,binance
2018-09-13,6338.62,6535.0,6337.4,6487.38,40465.0631,260985165.19,binance
2018-09-14,6487.39,6584.99,6385.62,6476.63,37173.3393,241466662.65,binance
2018-09-15,6476.63,6565.45,6466.13,6514.96,25243.6566,164557841.08,binance
2018-09-16,6514.96,6524.62,6370.0,6505.0,27568.1329,178614079.15,binance
2018-09-17,6500.08,6533.84,6201.0,6248.69,35987.2547,228970700.75,binance
2018-09-18,6248.69,6390.0,6224.98,6336.45,32620.8667,205736329.41,binance
2018-09-19,6336.39,6517.7,6123.0,6391.89,39044.0801,247455364.52,binance
2018-09-20,6392.0,6540.0,6325.0,6492.0,25189.0247,161844271.63,binance
2018-09-21,6492.0,6784.86,6491.0,6759.02,51779.3435,345746942.0,binance
2018-09-22,6759.01,6839.03,6627.0,6723.05,29349.6907,197210670.89,binance
2018-09-23,6723.05,6788.23,6661.75,6708.0,30286.2298,203479219.39,binance
2018-09-24,6706.81,6730.0,6557.0,6581.39,35305.7399,234355999.54,binance
2018-09-25,6581.42,6584.01,6325.02,6447.54,40301.0295,258927200.83,binance
2018-09-26,6445.11,6557.99,6379.7,6465.12,33484.5421,216859675.3,binance
2018-09-27,6467.84,6750.0,6434.0,6689.13,33087.4283,216914853.24,binance
2018-09-28,6689.12,6814.8,6540.88,6634.58,42399.4485,283144987.5,binance
2018-09-29,6634.58,6636.0,6464.57,6596.38,30255.9597,198424303.61,binance
2018-09-30,6597.66,6662.0,6533.0,6626.57,27764.7245,183438992.38,binance
2018-10-01,6626.57,6667.09,6510.0,6611.61,20621.5069,136115256.97,binance
2018-10-02,6610.0,6640.0,6494.0,6525.79,28245.8101,185725492.28,binance
2018-10-03,6525.79,6549.0,6430.0,6510.0,28451.9691,184622957.02,binance
2018-10-04,6510.01,6643.46,6505.09,6593.79,20074.3008,132348680.68,binance
2018-10-05,6591.69,6697.0,6543.08,6635.65,16096.5524,106264514.66,binance
2018-10-06,6635.65,6651.0,6566.77,6594.27,10939.5054,72247942.41,binance
2018-10-07,6596.44,6640.0,6525.0,6615.26,17406.8318,114489082.75,binance
2018-10-08,6615.26,6715.6,6587.0,6673.01,23123.4195,153704602.43,binance
2018-10-09,6673.01,6685.38,6607.0,6656.61,15354.7795,102115186.43,binance
2018-10-10,6656.67,6659.95,6530.0,6631.0,15390.6614,101609680.88,binance
2018-10-11,6630.21,6633.92,6205.0,6252.68,48712.4003,308153124.45,binance
2018-10-12,6252.71,6360.0,6209.0,6298.01,29004.0714,183030273.01,binance
2018-10-13,6298.0,6345.0,6285.07,6332.93,19098.07,120728651.0,binance
2018-10-14,6332.92,6416.0,6308.0,6339.34,15627.4113,99527294.08,binance
2018-10-15,6339.34,7680.0,6300.0,6752.5,90748.0312,627984505.56,binance
2018-10-16,6752.5,6900.0,6670.0,6759.27,27557.9578,186122772.22,binance
2018-10-17,6762.76,6811.12,6676.01,6740.89,26641.4314,179641733.16,binance
2018-10-18,6739.01,6796.0,6567.0,6618.96,20116.5219,134777360.15,binance
2018-10-19,6618.96,6648.14,6523.0,6528.88,20772.6008,136686215.67,binance
2018-10-20,6528.88,6617.65,6505.55,6588.4,19240.7222,126325797.5,binance
2018-10-21,6585.72,6663.9,6580.0,6590.11,6515.3578,43146401.59,binance
2018-10-22,6590.12,6639.0,6535.27,6581.2,16213.6927,106815019.55,binance
2018-10-23,6581.2,6595.0,6515.45,6553.51,13856.6018,90969791.03,binance
2018-10-24,6553.51,6630.0,6547.53,6565.5,11951.544,78795617.02,binance
2018-10-25,6566.81,6575.09,6502.8,6528.09,10342.7012,67691945.45,binance
2018-10-26,6528.13,6600.0,6515.01,6538.63,9443.5042,61792487.8,binance
2018-10-27,6538.63,6558.35,6463.04,6505.6,7776.9079,50667220.04,binance
2018-10-28,6505.6,6514.17,6453.0,6489.93,5743.9337,37298357.26,binance
2018-10-29,6489.93,6505.01,6315.0,6344.5,13827.2241,88484721.04,binance
2018-10-30,6344.5,6395.0,6317.01,6330.87,8877.1754,56393439.18,binance
2018-10-31,6330.01,6428.0,6245.02,6371.93,12148.8882,76970488.28,binance
2018-11-01,6369.52,6442.65,6348.66,6410.0,9099.0358,58031686.83,binance
2018-11-02,6410.0,6460.34,6388.2,6433.98,9739.4407,62589428.22,binance
2018-11-03,6432.8,6439.97,6345.0,6387.09,7661.2415,48934237.94,binance
2018-11-04,6388.0,6525.0,6359.0,6485.85,10592.3949,68169573.19,binance
2018-11-05,6485.85,6504.39,6431.02,6468.99,8987.8822,58127213.14,binance
2018-11-06,6468.99,6531.31,6445.18,6519.11,11926.5657,77336101.19,binance
2018-11-07,6522.73,6615.15,6509.0,6578.46,14271.5911,93820576.63,binance
2018-11-08,6578.46,6594.0,6468.22,6479.84,13259.7893,86450363.68,binance
2018-11-09,6479.84,6511.53,6391.01,6419.99,11787.6166,75997777.5,binance
2018-11-10,6419.99,6475.55,6411.0,6433.05,7714.8299,49745307.64,binance
2018-11-11,6435.16,6462.14,6355.0,6449.81,8213.5071,52709099.32,binance
2018-11-12,6450.71,6497.0,6421.0,6453.07,10132.7826,65390882.14,binance
2018-11-13,6451.68,6498.0,6391.15,6457.66,11790.5649,76142983.15,binance
2018-11-14,6458.98,6482.84,5656.87,5922.41,46478.964,279632622.89,binance
2018-11-15,5917.2,5939.54,5403.42,5753.4,47700.8294,270133503.66,binance
2018-11-16,5757.09,5782.89,5549.25,5655.94,38721.8023,219097215.97,binance
2018-11-17,5650.57,5656.6,5565.43,5628.29,26411.2414,148072393.1,binance
2018-11-18,5630.49,5738.17,5617.0,5662.0,23844.9993,134893236.99,binance
2018-11-19,5661.94,5664.0,4855.0,4910.03,70580.8929,368688743.45,binance
2018-11-20,4913.4,5048.24,4326.0,4558.86,117380.9516,548036628.73,binance
2018-11-21,4559.91,4787.2,4413.85,4661.07,61071.8295,281264433.48,binance
2018-11-22,4661.08,4721.77,4335.0,4370.0,34531.1191,157459733.72,binance
2018-11-23,4370.9,4484.0,4222.94,4420.61,49371.9203,215283656.12,binance
2018-11-24,4415.63,4527.0,3824.69,3932.44,61693.111,258702927.7,binance
2018-11-25,3933.68,4233.0,3652.66,4085.78,101693.9756,398253568.53,binance
2018-11-26,4088.69,4206.0,3701.0,3862.2,94504.8657,373230308.28,binance
2018-11-27,3864.45,3940.0,3689.12,3875.21,67480.6072,257593168.12,binance
2018-11-28,3875.63,4394.47,3874.27,4264.85,91983.5679,382697308.3,binance
2018-11-29,4262.06,4450.38,4125.65,4295.84,73980.1987,316809038.41,binance
2018-11-30,4295.72,4341.36,3943.0,4041.32,67758.4463,278810574.94,binance
2018-12-01,4041.27,4299.99,3963.01,4190.02,44840.0735,186157614.32,binance
2018-12-02,4190.98,4312.99,4103.04,4161.01,38912.1548,162917339.01,binance
2018-12-03,4160.55,4179.0,3827.0,3884.01,49094.3692,195055919.54,binance
2018-12-04,3884.76,4085.0,3781.0,3951.64,48489.5516,191673423.71,binance
2018-12-05,3950.98,3970.0,3745.0,3769.84,44004.7994,169404368.19,binance
2018-12-06,3768.44,3899.99,3500.0,3508.75,68378.7969,254722331.49,binance
2018-12-07,3508.75,3549.99,3224.6,3403.55,95145.4574,322364604.28,binance
2018-12-08,3403.57,3495.0,3222.0,3410.93,55365.9499,187909876.25,binance
2018-12-09,3411.36,3658.0,3394.04,3545.37,45956.8933,161618597.83,binance
2018-12-10,3548.49,3610.0,3370.11,3432.88,40989.2446,142507933.07,binance
2018-12-11,3434.01,3480.0,3324.32,3380.39,35920.8642,121841475.29,binance
2018-12-12,3379.23,3492.0,3350.0,3445.0,33922.9313,116227185.79,binance
2018-12-13,3446.38,3460.0,3255.5,3302.06,40040.917,134817053.73,binance
2018-12-14,3302.06,3335.39,3177.0,3224.17,44492.9838,145101409.49,binance
2018-12-15,3225.19,3276.5,3156.26,3211.72,29796.0414,95588793.64,binance
2018-12-16,3211.71,3294.0,3186.0,3228.67,24628.8085,80068159.4,binance
2018-12-17,3229.22,3585.0,3216.0,3509.08,66762.2164,228758085.62,binance
2018-12-18,3509.03,3678.59,3424.47,3652.98,61369.6153,216563775.03,binance
2018-12-19,3653.0,3912.73,3622.55,3662.22,94137.341,352638213.54,binance
2018-12-20,3660.01,4120.0,3635.0,4049.62,101543.836,399967057.78,binance
2018-12-21,4051.86,4139.99,3764.0,3838.66,82343.8501,325803279.96,binance
2018-12-22,3840.25,3979.0,3785.0,3948.91,42822.3509,165085567.59,binance
2018-12-23,3948.91,4021.53,3870.0,3929.71,40117.5315,158756356.82,binance
2018-12-24,3929.71,4198.0,3924.83,4008.01,64647.8091,264628967.07,binance
2018-12-25,4010.11,4020.0,3646.41,3745.79,62725.6294,235584302.95,binance
2018-12-26,3745.56,3837.15,3656.74,3777.74,42629.3758,159705204.5,binance
2018-12-27,3777.74,3813.98,3535.0,3567.91,44097.3929,161915849.87,binance
2018-12-28,3567.89,3887.25,3540.04,3839.26,45964.305,170638519.25,binance
2018-12-29,3839.0,3892.0,3670.0,3695.32,38874.3739,148205200.11,binance
2018-12-30,3696.71,3903.5,3657.9,3801.91,33222.3693,124966229.52,binance
2018-12-31,3803.12,3810.0,3630.33,3702.9,29991.7784,111847216.12,binance
2019-01-01,3701.23,3810.16,3642.0,3797.14,23741.687,88149249.09,binance
2019-01-02,3796.45,3882.14,3750.45,3858.56,35156.4634,133876627.25,binance
2019-01-03,3857.57,3862.74,3730.0,3766.78,29406.9484,111657372.7,binance
2019-01-04,3767.2,3823.64,3703.57,3792.01,29519.5547,111034550.64,binance
2019-01-05,3790.09,3840.99,3751.0,3770.96,30490.6678,115893501.28,binance
2019-01-06,3771.12,4027.71,3740.0,3987.6,36553.8067,142198812.19,binance
2019-01-07,3987.62,4017.9,3921.53,3975.45,31869.8463,126830380.49,binance
2019-01-08,3976.76,4069.8,3903.0,3955.13,38901.4231,154778846.54,binance
2019-01-09,3955.45,4006.81,3930.04,3966.65,28989.4395,115218950.32,binance
2019-01-10,3966.06,3996.01,3540.0,3585.88,59402.2285,221789348.03,binance
2019-01-11,3585.88,3658.0,3465.0,3601.31,38338.6547,137560743.62,binance
2019-01-12,3601.31,3618.19,3530.0,3583.13,21999.9284,78908770.68,binance
2019-01-13,3584.1,3611.1,3441.3,3476.81,26385.7575,92882249.47,binance
2019-01-14,3477.56,3671.87,3467.02,3626.09,35235.2112,125631820.07,binance
2019-01-15,3626.08,3648.42,3516.62,3553.06,34137.9975,122785440.23,binance
2019-01-16,3553.06,3645.0,3543.51,3591.84,27480.18,98504455.21,binance
2019-01-17,3591.84,3634.7,3530.39,3616.21,29755.4408,106709136.97,binance
2019-01-18,3613.32,3620.0,3565.75,3594.87,22713.4468,81699723.54,binance
2019-01-19,3594.87,3720.0,3594.23,3665.3,22171.5781,81354185.9,binance
2019-01-20,3665.75,3693.73,3475.0,3539.28,27901.9386,99767239.95,binance
2019-01-21,3539.26,3559.51,3475.5,3526.9,19644.4368,69316548.77,binance
2019-01-22,3526.88,3608.5,3434.85,3570.93,29336.443,103804480.12,binance
2019-01-23,3570.41,3607.98,3514.5,3552.82,24938.8427,88816396.35,binance
2019-01-24,3552.97,3589.0,3529.22,3569.62,20826.2512,74037052.87,binance
2019-01-25,3569.07,3587.15,3522.51,3565.29,17608.3467,62634926.46,binance
2019-01-26,3566.69,3662.94,3545.0,3565.25,19476.5323,69841766.65,binance
2019-01-27,3565.62,3579.0,3486.0,3550.84,22735.5982,80743416.85,binance
2019-01-28,3550.05,3557.75,3380.27,3434.15,40405.1114,139258708.76,binance
2019-01-29,3434.0,3443.45,3349.92,3411.04,29544.929,100542807.46,binance
2019-01-30,3410.04,3478.0,3387.1,3458.18,23968.2602,82521122.86,binance
2019-01-31,3457.5,3489.2,3418.8,3434.1,29607.1903,101928346.98,binance
2019-02-01,3434.1,3488.0,3401.2,3462.07,25260.4762,87075914.23,binance
2019-02-02,3462.2,3526.4,3440.29,3504.77,17920.802,62134037.98,binance
2019-02-03,3504.06,3511.09,3426.0,3458.11,19867.3364,68801620.06,binance
2019-02-04,3458.11,3484.88,3433.31,3463.22,23131.9811,80024258.23,binance
2019-02-05,3463.22,3478.97,3448.43,3471.59,25264.415,87491347.06,binance
2019-02-06,3471.57,3482.72,3380.0,3405.37,35310.2448,120500703.01,binance
2019-02-07,3407.0,3426.45,3390.0,3398.4,18665.5386,63611505.79,binance
2019-02-08,3398.4,3733.58,3373.1,3659.04,47968.058,170118212.46,binance
2019-02-09,3660.27,3680.02,3625.13,3665.18,24759.8337,90488500.07,binance
2019-02-10,3665.18,3684.99,3609.76,3680.06,23250.6026,84696423.96,binance
2019-02-11,3679.75,3684.9,3615.53,3631.05,24954.6146,90731831.9,binance
2019-02-12,3631.05,3667.6,3582.34,3631.46,29479.5982,106766439.99,binance
2019-02-13,3631.51,3670.0,3591.75,3609.4,25773.9976,93350740.95,binance
2019-02-14,3608.34,3626.4,3568.11,3590.56,21753.5013,78367545.58,binance
2019-02-15,3590.57,3653.23,3573.45,3602.47,20777.8729,74938358.18,binance
2019-02-16,3602.49,3648.2,3597.91,3618.41,19565.9928,70894921.81,binance
2019-02-17,3617.22,3700.11,3604.4,3667.58,25690.2278,93426433.13,binance
2019-02-18,3667.62,3925.0,3655.0,3898.6,64042.7305,242898012.77,binance
2019-02-19,3897.35,3994.52,3856.0,3907.79,50207.1727,197091641.05,binance
2019-02-20,3907.35,3986.98,3870.66,3969.74,36205.1409,142571564.56,binance
2019-02-21,3969.74,4016.48,3901.03,3937.31,31103.8847,122714273.87,binance
2019-02-22,3937.31,3988.0,3926.65,3962.0,23943.1638,94739322.75,binance
2019-02-23,3962.0,4162.02,3933.15,4117.76,33657.9429,135782959.42,binance
2019-02-24,4118.0,4198.0,3712.66,3743.56,62224.1869,244146803.52,binance
2019-02-25,3743.56,3872.66,3740.0,3827.92,38102.9662,145285565.2,binance
2019-02-26,3828.44,3841.51,3777.0,3809.23,28838.748,109932596.11,binance
2019-02-27,3809.31,3838.85,3677.17,3818.07,31500.9955,119564023.12,binance
2019-02-28,3818.04,3888.0,3763.87,3813.69,32561.961,124703738.39,binance
2019-03-01,3814.26,3857.0,3813.01,3823.0,23174.5722,88851336.52,binance
2019-03-02,3822.17,3841.31,3772.25,3819.93,19445.8384,74175357.78,binance
2019-03-03,3819.97,3835.0,3781.32,3807.75,16718.1654,63791898.99,binance
2019-03-04,3807.32,3830.0,3670.69,3715.3,34742.8417,129739738.24,binance
2019-03-05,3716.1,3877.1,3703.55,3857.73,32962.5362,124945530.76,binance
2019-03-06,3857.58,3907.0,3813.09,3861.84,24775.1188,95417637.59,binance
2019-03-07,3861.84,3905.4,3840.4,3873.64,26455.2577,102585458.38,binance
2019-03-08,3873.63,3932.0,3800.0,3864.89,34730.3666,135000852.01,binance
2019-03-09,3864.88,3971.75,3854.75,3943.04,30979.7477,121353606.97,binance
2019-03-10,3943.43,3943.43,3881.69,3916.82,23187.5614,90693949.72,binance
2019-03-11,3915.99,3936.98,3830.0,3871.61,38066.8857,147721971.09,binance
2019-03-12,3871.61,3905.2,3826.06,3882.73,26921.0086,104393849.45,binance
2019-03-13,3882.69,3893.56,3840.0,3866.0,24461.0088,94680049.46,binance
2019-03-14,3866.0,3920.0,3810.43,3877.12,27048.7485,104673038.78,binance
2019-03-15,3877.12,3939.22,3872.2,3923.76,21740.0615,84919900.72,binance
2019-03-16,3924.46,4056.98,3921.98,4005.98,28568.3761,114227606.41,binance
2019-03-17,4005.98,4012.0,3950.01,3981.14,18814.2556,74893913.06,binance
2019-03-18,3981.85,4037.0,3953.33,3987.81,22454.478,89526258.39,binance
2019-03-19,3987.83,4031.0,3970.0,4015.53,19893.7418,79503748.36,binance
2019-03-20,4017.48,4050.0,3980.5,4043.04,23432.3003,94019734.23,binance
2019-03-21,4043.04,4069.32,3880.01,3980.64,35997.6821,144010401.51,binance
2019-03-22,3980.85,4008.0,3968.25,3986.93,20022.6063,79861943.81,binance
2019-03-23,3987.89,4018.83,3978.01,4006.01,17302.6043,69169819.86,binance
2019-03-24,4006.01,4006.02,3950.0,3992.18,17179.8506,68524082.75,binance
2019-03-25,3991.35,3999.3,3888.71,3936.12,33192.8902,131507366.38,binance
2019-03-26,3935.47,3958.98,3894.0,3948.55,29349.5376,115330070.99,binance
2019-03-27,3948.77,4048.0,3936.15,4038.05,32364.5559,129681258.02,binance
2019-03-28,4039.58,4039.7,4002.0,4027.81,20089.2939,80822230.58,binance
2019-03-29,4028.22,4123.71,4024.03,4103.25,30084.2174,122585822.59,binance
2019-03-30,4104.24,4140.0,4052.0,4106.97,19509.2926,79853835.58,binance
2019-03-31,4106.99,4116.12,4082.57,4103.95,13525.0874,55472147.13,binance
2019-04-01,4102.44,4158.7,4067.0,4144.56,25507.0676,105388238.15,binance
2019-04-02,4144.54,4897.99,4140.54,4857.29,105383.6393,489018726.76,binance
2019-04-03,4857.19,5275.01,4753.5,4932.6,109890.1257,548900970.92,binance
2019-04-04,4932.59,5039.08,4777.0,4898.66,61054.2542,301411332.01,binance
2019-04-05,4898.64,5028.22,4880.62,5004.95,39768.5528,197660830.71,binance
2019-04-06,5004.96,5205.0,4928.59,5043.89,41770.8423,210963411.61,binance
2019-04-07,5042.07,5234.0,5026.0,5170.27,37615.4868,192916750.57,binance
2019-04-08,5170.27,5305.0,5039.0,5236.9,50178.4308,260487077.77,binance
2019-04-09,5238.38,5238.4,5076.68,5150.0,34067.0123,175633627.32,binance
2019-04-10,5150.0,5422.0,5135.0,5308.25,40073.6205,210870034.51,binance
2019-04-11,5307.86,5332.67,4927.0,5017.37,54696.6007,277736905.86,binance
2019-04-12,5017.37,5080.58,4861.22,5048.01,33276.6786,166485761.08,binance
2019-04-13,5047.0,5099.0,5004.0,5045.22,17292.4568,87375984.44,binance
2019-04-14,5047.45,5152.99,5000.0,5131.3,18281.6077,92594930.43,binance
2019-04-15,5131.28,5167.38,4950.0,5024.95,29057.1916,147687551.94,binance
2019-04-16,5024.95,5197.72,5003.94,5173.72,24242.2295,123581651.71,binance
2019-04-17,5173.72,5230.4,5146.8,5202.82,23307.5361,120972345.52,binance
2019-04-18,5202.41,5287.0,5198.8,5258.44,22619.239,118573129.87,binance
2019-04-19,5258.44,5320.0,5175.0,5258.68,24611.2363,128937309.64,binance
2019-04-20,5258.68,5333.42,5230.1,5291.73,19168.9083,101343660.15,binance
2019-04-21,5292.91,5314.35,5165.0,5256.14,25549.5709,133929931.15,binance
2019-04-22,5257.41,5400.0,5208.35,5357.14,29563.8523,156632202.97,binance
2019-04-23,5357.14,5600.0,5332.41,5493.31,41262.1039,227154061.86,binance
2019-04-24,5490.91,5582.2,5333.35,5415.0,48224.1524,262493252.94,binance
2019-04-25,5415.0,5491.84,5102.0,5219.9,49636.0899,265091565.61,binance
2019-04-26,5220.47,5510.0,5161.62,5314.1,48912.2945,259659705.65,binance
2019-04-27,5315.0,5342.5,5257.67,5295.69,15422.8969,81749716.42,binance
2019-04-28,5295.69,5340.0,5259.48,5307.52,14371.4339,76277087.37,binance
2019-04-29,5309.81,5332.0,5178.8,5238.14,19918.1351,104822151.51,binance
2019-04-30,5238.14,5339.98,5192.15,5320.81,22238.0682,117309839.23,binance
2019-05-01,5321.94,5402.0,5316.2,5383.2,17217.4732,92194935.6,binance
2019-05-02,5383.2,5538.0,5370.0,5492.87,22795.7878,124498567.21,binance
2019-05-03,5494.81,5844.0,5477.57,5772.69,46297.1728,264435878.93,binance
2019-05-04,5770.62,5900.0,5587.45,5829.45,39682.409,228942582.45,binance
2019-05-05,5829.83,5839.9,5696.0,5775.62,23822.5438,137653160.77,binance
2019-05-06,5773.18,5805.0,5619.14,5747.79,25256.5963,144358553.85,binance
2019-05-07,5749.92,6028.41,5747.74,5846.34,39905.0644,236176663.82,binance
2019-05-08,5846.34,6014.72,5772.2,5987.29,23074.1869,136246055.6,binance
2019-05-09,5986.66,6224.55,5983.71,6209.18,27453.0114,167489934.34,binance
2019-05-10,6209.95,6468.92,6172.0,6373.33,36623.6108,231801342.43,binance
2019-05-11,6375.16,7343.99,6372.85,7076.22,74022.4244,507216001.34,binance
2019-05-12,7076.24,7521.78,6750.0,6967.31,86948.9753,619939454.49,binance
2019-05-13,6968.24,8100.0,6870.0,7790.71,85804.7353,648012612.29,binance
2019-05-14,7795.62,8366.0,7599.56,7947.56,76583.7226,611103206.0,binance
2019-05-15,7945.26,8249.0,7850.0,8169.87,37884.3272,305196285.28,binance
2019-05-16,8169.08,8320.0,7705.0,7866.59,69630.514,557126171.28,binance
2019-05-17,7868.67,7925.0,6913.0,7355.26,88752.0082,645676487.37,binance
2019-05-18,7355.28,7458.0,7156.61,7257.45,37054.9448,271170511.05,binance
2019-05-19,7257.32,8275.09,7243.08,8148.48,65577.4421,517729474.36,binance
2019-05-20,8147.94,8156.03,7553.0,7938.15,65859.2086,517939277.87,binance
2019-05-21,7937.16,8042.32,7771.0,7904.87,52301.7522,413637782.37,binance
2019-05-22,7904.48,8016.0,7465.0,7628.43,49136.9946,384730220.72,binance
2019-05-23,7627.8,7940.98,7461.0,7851.51,49648.1847,381536239.51,binance
2019-05-24,7849.95,8130.0,7766.0,7964.87,46664.7853,371381043.73,binance
2019-05-25,7964.52,8091.8,7908.34,8025.41,28414.3288,227376280.59,binance
2019-05-26,8023.0,8740.0,7833.42,8614.43,49652.1446,409616322.39,binance
2019-05-27,8612.54,8908.32,8589.0,8756.32,51886.7688,452651204.93,binance
2019-05-28,8752.52,8798.49,8510.63,8715.64,31470.5515,273791910.63,binance
2019-05-29,8716.87,8750.0,8406.6,8645.68,33880.8659,292094591.02,binance
2019-05-30,8646.5,9074.26,8005.0,8269.54,70379.9985,603312537.38,binance
2019-05-31,8267.1,8594.0,8108.5,8555.0,44727.4916,373629673.92,binance
2019-06-01,8555.0,8626.0,8442.36,8544.07,31868.2342,272098436.34,binance
2019-06-02,8545.1,8814.78,8524.0,8725.98,27835.1333,241414596.72,binance
2019-06-03,8726.0,8800.95,8080.8,8115.82,45692.9651,387155494.97,binance
2019-06-04,8115.66,8115.66,7481.02,7687.03,74143.9489,582173398.33,binance
2019-06-05,7687.04,7896.7,7572.78,7776.5,48679.6565,377635818.0,binance
2019-06-06,7778.08,7868.13,7444.58,7786.7,36624.1187,282156410.54,binance
2019-06-07,7787.57,8100.0,7737.49,7980.53,33942.2257,269125728.14,binance
2019-06-08,7978.94,8044.65,7751.0,7893.62,22657.3296,179047320.02,binance
2019-06-09,7895.28,7935.0,7506.66,7628.13,31568.4652,243970971.02,binance
2019-06-10,7627.57,8020.0,7511.0,7982.75,36756.0785,287125339.97,binance
2019-06-11,7981.0,8010.0,7692.23,7884.9,30334.9994,238031771.52,binance
2019-06-12,7884.9,8200.0,7788.99,8127.64,41597.0826,333291726.65,binance
2019-06-13,8127.64,8309.82,8010.03,8218.54,30467.7643,248418184.77,binance
2019-06-14,8216.44,8684.41,8144.32,8650.0,39835.2463,333475488.55,binance
2019-06-15,8650.88,8864.99,8567.63,8808.7,31791.636,276420769.29,binance
2019-06-16,8810.77,9333.0,8760.0,8953.33,63289.2512,574211342.98,binance
2019-06-17,8953.0,9444.0,8950.0,9313.96,47895.4854,441567296.06,binance
2019-06-18,9312.13,9336.36,8950.0,9081.55,51554.5694,470271954.3,binance
2019-06-19,9081.97,9304.0,8960.0,9255.49,32147.7065,293748062.67,binance
2019-06-20,9253.76,9590.0,9175.2,9517.12,34556.054,323621848.2,binance
2019-06-21,9518.06,10174.99,9518.06,10159.86,50484.4159,494783687.99,binance
2019-06-22,10159.86,11160.0,9921.72,10729.5,104169.448,1112069567.64,binance
2019-06-23,10729.0,11392.64,10555.18,10906.07,57445.3239,625330374.75,binance
2019-06-24,10905.95,11143.63,10620.8,11056.59,43101.0453,469746663.94,binance
2019-06-25,11056.59,11850.0,11026.0,11820.86,61276.6866,697773986.27,binance
2019-06-26,11821.28,13970.0,11741.0,13093.8,155930.1474,1996178374.59,binance
2019-06-27,13098.38,13478.04,10525.1,11329.99,173894.8209,2058443849.31,binance
2019-06-28,11329.99,12480.0,10982.88,12400.63,95795.204,1129888341.32,binance
2019-06-29,12407.06,12441.54,11475.02,11903.13,69642.0742,829011822.24,binance
2019-06-30,11903.13,12180.0,10766.03,10854.1,84512.5304,971151050.9,binance
2019-07-01,10854.1,11282.28,10030.0,10624.93,90962.2683,972343281.86,binance
2019-07-02,10624.9,10938.75,9727.0,10842.85,109561.0387,1128353804.8,binance
2019-07-03,10844.98,11991.89,10841.04,11940.0,96815.9003,1097804642.76,binance
2019-07-04,11940.0,12000.0,11055.0,11145.67,66512.2219,775818897.39,binance
2019-07-05,11145.67,11406.83,10796.44,10970.73,63534.3506,705853649.03,binance
2019-07-06,10982.41,11665.0,10964.51,11256.49,51469.4963,585001376.16,binance
2019-07-07,11256.45,11538.0,11094.37,11406.24,38884.7956,439439052.95,binance
2019-07-08,11410.0,12338.03,11220.0,12238.6,52182.3672,618530684.43,binance
2019-07-09,12238.6,12794.73,12068.0,12543.41,78442.1303,975986802.03,binance
2019-07-10,12548.51,13147.08,11569.0,12108.37,109246.045,1369749939.97,binance
2019-07-11,12108.11,12111.73,11000.0,11342.89,87506.4611,1007356802.22,binance
2019-07-12,11342.88,11885.0,11073.0,11757.22,56321.8583,649824820.77,binance
2019-07-13,11757.22,11799.98,10830.0,11355.76,54245.5945,614050007.99,binance
2019-07-14,11355.78,11452.0,10103.0,10174.18,72517.5792,777646151.6,binance
2019-07-15,10174.18,11100.0,9860.0,10838.72,81922.4263,851028723.7,binance
2019-07-16,10833.78,11028.0,9350.01,9439.59,97219.4434,982462166.69,binance
2019-07-17,9430.17,9957.0,9060.0,9667.92,84942.6727,809555508.35,binance
2019-07-18,9668.86,10788.0,9252.0,10627.16,80283.3103,807822745.19,binance
2019-07-19,10628.64,10769.71,10121.84,10504.29,56546.9321,589931612.34,binance
2019-07-20,10505.78,11068.99,10350.0,10740.23,47331.8998,505569016.35,binance
2019-07-21,10740.27,10817.9,10288.0,10589.45,38834.2879,409661486.0,binance
2019-07-22,10590.15,10683.16,10100.0,10340.31,40467.9548,421016379.36,binance
2019-07-23,10343.08,10343.97,9822.0,9864.91,47624.3707,478441909.41,binance
2019-07-24,9864.78,9937.0,9525.0,9763.28,43475.3804,422534162.15,binance
2019-07-25,9763.4,10175.0,9720.03,9879.87,37873.3547,378938450.08,binance
2019-07-26,9882.15,9889.98,9637.0,9824.0,27167.4632,265108103.13,binance
2019-07-27,9824.0,10188.66,9333.0,9476.52,43809.7783,424932724.97,binance
2019-07-28,9478.92,9594.99,9165.0,9541.54,29401.0229,278537286.13,binance
2019-07-29,9541.54,9729.0,9395.0,9507.64,29021.9374,277497756.77,binance
2019-07-30,9509.07,9714.28,9402.0,9574.21,32536.3688,310867928.29,binance
2019-07-31,9575.0,10109.8,9555.0,10080.53,39515.3546,389690761.44,binance
2019-08-01,10080.53,10467.86,9863.46,10374.99,41727.637,422156523.67,binance
2019-08-02,10375.0,10670.0,10281.35,10523.75,42990.4442,450323284.15,binance
2019-08-03,10523.75,10904.77,10497.93,10816.86,33802.3188,363852799.87,binance
2019-08-04,10816.86,11040.0,10552.0,10929.23,39924.7451,431793873.42,binance
2019-08-05,10929.99,11937.52,10927.8,11828.8,65153.6737,757976547.22,binance
2019-08-06,11830.0,12330.7,11226.7,11481.69,76705.3899,904119081.62,binance
2019-08-07,11481.69,12141.17,11382.84,11975.03,69173.3904,814597979.05,binance
2019-08-08,11975.04,12060.0,11521.0,11999.77,51207.2572,604389131.06,binance
2019-08-09,11994.17,12045.68,11700.0,11879.99,39427.1526,467011047.94,binance
2019-08-10,11879.98,11985.0,11270.0,11309.31,42633.087,492217964.49,binance
2019-08-11,11309.24,11600.0,11112.11,11549.97,26772.9069,304862403.35,binance
2019-08-12,11539.08,11577.89,11235.32,11396.08,17568.2271,200325471.6,binance
2019-08-13,11398.35,11456.16,10788.45,10892.71,33234.7297,368994475.55,binance
2019-08-14,10893.36,10897.48,9928.1,10050.37,54451.8475,567724729.11,binance
2019-08-15,10055.16,10460.0,9911.0,10293.93,38174.4511,387705855.09,binance
2019-08-16,10296.77,10536.03,9750.0,10331.54,51758.1429,527258446.4,binance
2019-08-17,10331.15,10465.14,10000.0,10216.02,29000.5812,297776329.03,binance
2019-08-18,10216.05,10500.0,10080.0,10306.78,24085.3952,248508872.46,binance
2019-08-19,10306.17,10930.0,10258.6,10915.54,37243.3192,396233441.03,binance
2019-08-20,10914.73,10949.96,10560.0,10760.51,32298.9217,346664453.14,binance
2019-08-21,10760.51,10804.13,9858.0,10142.57,47355.7193,482889274.52,binance
2019-08-22,10140.82,10242.0,9762.0,10099.88,34059.6427,341371442.91,binance
2019-08-23,10099.9,10445.0,10019.79,10389.55,27550.3362,282732431.75,binance
2019-08-24,10388.16,10419.42,9890.0,10134.35,27692.4568,279962133.63,binance
2019-08-25,10134.61,10333.0,9906.97,10142.69,26271.6574,265132761.32,binance
2019-08-26,10142.69,10604.0,10137.93,10372.25,41687.5116,432249835.49,binance
2019-08-27,10373.6,10391.08,10051.08,10185.05,28402.7754,289340681.08,binance
2019-08-28,10185.69,10299.0,9601.01,9721.0,42110.5554,420034883.0,binance
2019-08-29,9721.0,9724.0,9320.0,9498.44,35532.6949,337838761.56,binance
2019-08-30,9499.01,9696.0,9350.41,9584.54,26834.3181,255854874.45,binance
2019-08-31,9582.76,9684.51,9420.75,9587.47,17130.2901,164116756.46,binance
2019-09-01,9588.74,9830.0,9520.0,9724.98,19545.4048,188513289.12,binance
2019-09-02,9723.59,10450.0,9712.5,10340.0,44740.2481,448462178.63,binance
2019-09-03,10340.0,10773.0,10272.0,10615.28,47998.3768,505617667.4,binance
2019-09-04,10611.85,10799.0,10369.89,10567.02,43943.889,463526509.33,binance
2019-09-05,10565.92,10900.0,10450.0,10564.49,33970.9606,358861340.79,binance
2019-09-06,10563.13,10905.87,10150.0,10298.73,58799.641,623662984.38,binance
2019-09-07,10298.71,10558.0,10288.57,10455.88,27637.8774,287851131.18,binance
2019-09-08,10455.9,10592.5,10208.0,10381.18,23984.672,249900964.37,binance
2019-09-09,10381.24,10480.0,10068.5,10303.12,39835.7276,409724831.95,binance
2019-09-10,10302.58,10384.99,9953.0,10098.15,28915.4122,294323839.51,binance
2019-09-11,10098.19,10293.0,9880.0,10158.33,31953.8246,321637085.48,binance
2019-09-12,10158.75,10448.81,10040.0,10415.01,34511.1628,353390090.97,binance
2019-09-13,10415.01,10439.0,10153.0,10342.06,30280.3398,311632094.26,binance
2019-09-14,10344.13,10419.99,10222.33,10335.02,23621.5335,244063007.09,binance
2019-09-15,10332.81,10360.0,10252.15,10302.01,18047.654,185853330.44,binance
2019-09-16,10303.34,10355.0,10078.0,10251.31,28971.4017,296325130.17,binance
2019-09-17,10249.68,10275.0,10128.01,10187.82,22914.3246,233944812.56,binance
2019-09-18,10187.48,10258.02,10100.0,10156.99,24250.2493,247024351.6,binance
2019-09-19,10156.41,10325.0,9653.0,10244.29,44826.2826,447676492.98,binance
2019-09-20,10243.7,10281.0,10061.39,10168.59,25088.4911,255205290.21,binance
2019-09-21,10167.92,10176.7,9900.0,9986.39,20544.1752,206034034.51,binance
2019-09-22,9985.15,10089.0,9853.97,10028.87,22049.2753,220133631.61,binance
2019-09-23,10028.05,10049.99,9615.77,9702.25,31937.2324,314390584.63,binance
2019-09-24,9702.2,9794.99,7800.0,8493.14,94007.3452,838996309.16,binance
2019-09-25,8497.55,8730.0,8215.64,8430.05,60783.8923,512437200.36,binance
2019-09-26,8430.05,8465.99,7750.0,8063.73,67930.8537,552794530.87,binance
2019-09-27,8063.49,8265.0,7852.15,8177.91,43882.9246,352800745.21,binance
2019-09-28,8177.47,8315.0,8001.09,8198.81,34473.6052,280672404.68,binance
2019-09-29,8199.38,8229.13,7890.0,8043.82,31544.2114,253660600.33,binance
2019-09-30,8043.04,8337.26,7710.0,8289.34,55865.4873,449120676.84,binance
2019-10-01,8289.97,8500.0,8173.05,8292.44,43479.5874,363040860.0,binance
2019-10-02,8292.67,8373.91,8151.22,8359.94,26243.3866,216325351.86,binance
2019-10-03,8360.0,8393.0,8060.0,8223.96,30488.2841,250291751.27,binance
2019-10-04,8224.43,8232.41,8005.0,8137.13,26476.3304,215325611.68,binance
2019-10-05,8137.09,8183.41,8012.98,8126.19,21907.6156,177252877.0,binance
2019-10-06,8127.55,8153.87,7785.0,7854.25,34676.104,275447898.03,binance
2019-10-07,7855.3,8299.92,7762.0,8190.09,52202.0723,420921679.84,binance
2019-10-08,8190.82,8325.0,8088.75,8168.39,35452.6574,290675248.14,binance
2019-10-09,8170.79,8670.0,8115.0,8560.74,55038.7044,462845251.81,binance
2019-10-10,8562.15,8644.0,8414.52,8558.03,39137.9462,333925412.3,binance
2019-10-11,8557.82,8779.51,8212.38,8258.5,50405.2844,424413201.53,binance
2019-10-12,8257.95,8400.0,8250.0,8300.09,21339.3341,177707852.59,binance
2019-10-13,8301.98,8451.37,8160.0,8275.01,27840.74,232149438.36,binance
2019-10-14,8275.24,8388.85,8203.0,8348.2,29810.6633,247530733.18,binance
2019-10-15,8346.86,8403.0,8090.0,8159.29,32773.0625,270727559.78,binance
2019-10-16,8159.3,8181.16,7917.0,7991.74,34733.594,279586845.54,binance
2019-10-17,7995.02,8124.92,7929.03,8070.58,29656.9492,238343204.48,binance
2019-10-18,8070.71,8115.0,7816.01,7947.01,31353.1814,248931322.1,binance
2019-10-19,7946.89,8098.1,7866.92,7948.01,26627.8894,211909734.14,binance
2019-10-20,7949.87,8297.0,7870.0,8223.35,34286.4527,275899861.65,binance
2019-10-21,8223.35,8333.0,8142.03,8197.27,30448.6795,250117281.64,binance
2019-10-22,8197.28,8297.99,8000.0,8020.0,34651.8287,283535483.41,binance
2019-10-23,8020.06,8047.59,7300.0,7466.62,63897.4571,488220760.65,binance
2019-10-24,7468.47,7503.68,7337.99,7412.41,32714.3833,243246414.95,binance
2019-10-25,7412.41,8799.0,7361.0,8655.02,90748.2182,737329544.88,binance
2019-10-26,8655.88,10370.0,8470.38,9230.0,162588.5854,1522244166.41,binance
2019-10-27,9230.0,9794.98,9074.34,9529.93,93833.5416,887438297.75,binance
2019-10-28,9528.23,9902.1,9160.0,9205.14,80174.2173,759178942.95,binance
2019-10-29,9204.45,9550.0,9072.0,9407.62,64158.4624,600611324.64,binance
2019-10-30,9407.62,9409.84,9001.01,9154.72,55241.7864,506584830.03,binance
2019-10-31,9154.02,9405.0,8913.0,9140.85,54376.0249,498152743.73,binance
2019-11-01,9140.86,9279.0,9030.0,9231.61,43594.8141,398803069.01,binance
2019-11-02,9231.4,9373.74,9186.21,9289.52,28923.0608,268119579.73,binance
2019-11-03,9289.85,9362.57,9066.14,9194.71,27894.3783,256664259.66,binance
2019-11-04,9196.46,9513.68,9115.84,9393.35,45894.4563,426792003.17,binance
2019-11-05,9392.4,9454.95,9175.76,9308.66,45935.8737,428156963.08,binance
2019-11-06,9307.73,9440.91,9250.01,9339.05,37336.1704,348607499.83,binance
2019-11-07,9339.16,9375.0,9101.0,9216.2,39117.4709,361217475.06,binance
2019-11-08,9214.0,9261.0,8696.0,8773.73,62107.2892,555589995.99,binance
2019-11-09,8773.74,8880.0,8724.88,8809.41,29469.4814,259733491.83,binance
2019-11-10,8809.18,9147.19,8750.0,9039.47,34422.0298,307316853.9,binance
2019-11-11,9040.16,9072.32,8618.68,8733.27,44888.0535,394585996.33,binance
2019-11-12,8733.36,8888.0,8567.6,8821.94,40366.6295,352675938.43,binance
2019-11-13,8821.91,8844.99,8702.0,8777.12,26810.1169,235060554.12,binance
2019-11-14,8777.54,8800.0,8582.6,8646.68,33468.469,290104306.95,binance
2019-11-15,8646.38,8790.0,8400.0,8471.73,46087.4178,394708981.32,binance
2019-11-16,8471.62,8543.0,8400.0,8491.02,20902.2998,177222838.39,binance
2019-11-17,8490.74,8635.0,8350.68,8502.4,27009.0371,229995700.81,binance
2019-11-18,8502.87,8503.52,8060.0,8187.17,43017.6909,358706174.83,binance
2019-11-19,8186.5,8218.63,8003.0,8133.64,43556.061,353463792.04,binance
2019-11-20,8133.83,8264.29,8038.4,8098.01,32466.231,263387575.49,binance
2019-11-21,8098.56,8134.73,7500.0,7627.74,58418.7803,455166676.28,binance
2019-11-22,7627.79,7750.0,6790.0,7268.23,126603.1403,917881536.26,binance
2019-11-23,7268.23,7344.48,7080.01,7311.57,50449.8948,364446217.37,binance
2019-11-24,7311.1,7330.39,6861.0,6903.28,67890.2065,481922941.33,binance
2019-11-25,6900.23,7377.69,6515.0,7109.57,119645.7352,831628458.3,binance
2019-11-26,7109.99,7340.0,7017.48,7156.14,65722.3977,469602476.91,binance
2019-11-27,7154.75,7655.0,6840.0,7508.52,92452.8735,671646609.17,binance
2019-11-28,7507.9,7643.0,7360.0,7419.49,56933.9811,427572714.95,binance
2019-11-29,7418.52,7850.0,7362.3,7739.68,60745.3009,463006956.69,binance
2019-11-30,7740.99,7810.0,7441.0,7541.89,46989.4336,358749026.36,binance
2019-12-01,7540.63,7541.85,7210.0,7390.89,60769.3423,446524917.21,binance
2019-12-02,7391.5,7420.56,7151.1,7294.28,46330.256,337889295.51,binance
2019-12-03,7294.42,7400.0,7241.35,7292.71,33149.4775,242379261.1,binance
2019-12-04,7292.71,7750.0,7067.0,7194.32,83153.7016,608670609.97,binance
2019-12-05,7194.59,7485.0,7150.0,7389.0,59306.6789,434738864.78,binance
2019-12-06,7389.0,7590.03,7305.0,7527.47,48189.0879,356905919.02,binance
2019-12-07,7527.8,7619.62,7470.16,7488.21,31498.6842,237000924.86,binance
2019-12-08,7487.31,7564.0,7374.86,7510.11,29856.8976,223314325.62,binance
2019-12-09,7510.11,7650.0,7273.0,7338.64,46621.8875,347471155.48,binance
2019-12-10,7338.64,7407.6,7157.1,7224.13,49723.7621,363127435.4,binance
2019-12-11,7224.15,7275.5,7125.66,7210.0,30093.0919,217095653.87,binance
2019-12-12,7210.0,7295.0,7080.3,7198.08,42288.6009,303657479.49,binance
2019-12-13,7197.76,7309.05,7190.76,7258.48,27609.8738,199836160.23,binance
2019-12-14,7257.37,7271.77,7012.0,7064.05,29561.986,211004228.02,binance
2019-12-15,7064.14,7200.3,7008.35,7118.59,26395.7781,187402764.56,binance
2019-12-16,7119.6,7150.0,6836.0,6891.72,43863.9931,307508569.89,binance
2019-12-17,6891.44,6942.21,6560.0,6623.82,53865.0699,364087469.82,binance
2019-12-18,6623.84,7440.0,6435.0,7277.83,95636.6513,654057202.16,binance
2019-12-19,7277.83,7380.0,7038.31,7150.3,55509.0491,397407677.06,binance
2019-12-20,7151.31,7220.0,7079.5,7187.83,32132.0692,229842650.42,binance
2019-12-21,7188.01,7190.58,7105.0,7132.75,19467.174,139069157.09,binance
2019-12-22,7131.59,7518.54,7122.47,7501.44,39137.4552,285577206.94,binance
2019-12-23,7500.71,7695.38,7265.84,7317.09,68051.9972,510710431.77,binance
2019-12-24,7317.3,7436.68,7157.04,7255.77,43629.4942,318428019.0,binance
2019-12-25,7255.77,7271.77,7128.86,7204.63,27492.0443,198273303.11,binance
2019-12-26,7205.01,7435.0,7157.12,7202.0,36259.7611,263289798.96,binance
2019-12-27,7202.0,7275.86,7076.42,7254.74,33642.7019,242214722.72,binance
2019-12-28,7254.77,7365.01,7238.67,7316.14,26848.9822,196322192.44,binance
2019-12-29,7315.36,7528.45,7288.0,7388.24,31387.1061,231731575.83,binance
2019-12-30,7388.43,7408.24,7220.0,7246.0,29605.9118,216508875.52,binance
2019-12-31,7246.0,7320.0,7145.01,7195.23,25954.4535,187518399.35,binance
2020-01-01,7195.24,7255.0,7175.15,7200.85,16792.3882,121214452.12,binance
2020-01-02,7200.77,7212.5,6924.74,6965.71,31951.4839,225982341.3,binance
2020-01-03,6965.49,7405.0,6871.04,7344.96,68428.5005,495098582.96,binance
2020-01-04,7345.0,7404.0,7272.21,7354.11,29987.975,219874240.94,binance
2020-01-05,7354.19,7495.0,7318.0,7358.75,38331.0856,284848683.79,binance
2020-01-06,7357.64,7795.34,7346.76,7758.0,54635.6953,413330481.23,binance
2020-01-07,7758.9,8207.68,7723.71,8145.28,91171.6847,724202791.14,binance
2020-01-08,8145.92,8455.0,7870.0,8055.98,112622.6426,926410232.6,binance
2020-01-09,8054.72,8055.96,7750.0,7817.76,64239.5198,507258250.47,binance
2020-01-10,7817.74,8199.0,7672.0,8197.02,82406.7774,652774220.39,binance
2020-01-11,8198.86,8286.34,8003.16,8020.01,54810.0327,445034349.56,binance
2020-01-12,8020.01,8197.0,7960.0,8184.98,38131.4943,309351920.46,binance
2020-01-13,8184.97,8196.0,8055.89,8110.34,31159.7557,252656965.36,binance
2020-01-14,8110.34,8880.0,8105.54,8810.01,120399.1267,1032735180.87,binance
2020-01-15,8814.64,8916.48,8564.0,8821.41,84816.2976,743712237.28,binance
2020-01-16,8820.01,8859.81,8586.0,8720.01,51991.0743,451752380.28,binance
2020-01-17,8720.15,9041.65,8672.44,8913.28,70897.7374,629568740.71,binance
2020-01-18,8913.27,8988.88,8806.38,8915.96,38294.7465,340852837.92,binance
2020-01-19,8915.09,9198.98,8466.0,8701.7,70676.8893,623950864.28,binance
2020-01-20,8701.72,8746.99,8521.28,8642.35,38896.6397,336447837.0,binance
2020-01-21,8642.35,8789.0,8488.0,8736.03,36494.6877,316056704.98,binance
2020-01-22,8736.04,8818.0,8590.0,8682.36,29080.5571,252638888.21,binance
2020-01-23,8682.77,8691.81,8306.39,8404.52,48165.9446,407428808.68,binance
2020-01-24,8404.52,8528.02,8238.0,8439.0,41687.5295,349874174.79,binance
2020-01-25,8438.99,8451.26,8254.9,8340.58,25521.1579,212869245.64,binance
2020-01-26,8340.01,8618.13,8293.66,8615.0,31130.4852,263941925.27,binance
2020-01-27,8614.39,9000.0,8535.0,8907.57,53973.543,473194952.8,binance
2020-01-28,8907.57,9400.0,8862.4,9374.21,74584.8538,676593159.48,binance
2020-01-29,9375.34,9449.24,9216.0,9301.53,53864.0651,503188568.84,binance
2020-01-30,9301.57,9578.0,9204.44,9513.21,60626.7443,569652869.82,binance
2020-01-31,9511.52,9530.22,9210.01,9352.89,45552.0224,425779010.41,binance
2020-02-01,9351.71,9464.53,9281.0,9384.61,28578.0674,268137739.99,binance
2020-02-02,9384.41,9477.03,9120.0,9331.51,45690.9125,428064088.69,binance
2020-02-03,9331.59,9618.79,9234.0,9292.24,50892.1335,476379993.49,binance
2020-02-04,9291.35,9350.0,9093.01,9197.02,53308.1753,491136137.21,binance
2020-02-05,9197.02,9744.45,9177.22,9612.04,64870.4156,613540574.78,binance
2020-02-06,9612.03,9862.57,9526.35,9772.0,64949.7066,631245079.82,binance
2020-02-07,9772.0,9885.0,9730.0,9813.73,43966.1146,430744860.18,binance
2020-02-08,9813.87,9940.0,9667.11,9895.05,43600.8437,427781790.2,binance
2020-02-09,9895.04,10166.0,9880.75,10151.75,43408.4756,437441704.91,binance
2020-02-10,10151.72,10188.0,9756.0,9851.83,59573.0846,590091358.44,binance
2020-02-11,9851.74,10323.59,9700.0,10223.08,62422.3952,624970415.41,binance
2020-02-12,10223.08,10450.0,10223.08,10326.46,61008.0639,629756037.52,binance
2020-02-13,10325.33,10500.0,10080.0,10229.63,79344.3588,815507473.74,binance
2020-02-14,10227.78,10381.56,10111.37,10344.36,47038.4802,482455622.0,binance
2020-02-15,10344.36,10375.0,9801.0,9904.72,57657.2029,580845331.17,binance
2020-02-16,9904.46,10050.0,9638.12,9917.27,60023.9995,592584876.9,binance
2020-02-17,9910.7,9964.16,9452.67,9706.0,70261.0119,680009637.62,binance
2020-02-18,9706.0,10250.0,9576.01,10164.71,70604.124,696870122.81,binance
2020-02-19,10164.78,10250.0,9350.0,9593.79,55162.5869,547679966.93,binance
2020-02-20,9594.65,9699.0,9400.0,9596.42,60152.3429,576020107.46,binance
2020-02-21,9597.21,9755.51,9550.21,9677.05,42181.5545,408286949.8,binance
2020-02-22,9677.05,9709.17,9560.02,9650.86,24636.7576,237544283.23,binance
2020-02-23,9650.85,9990.0,9645.0,9936.4,37702.0898,371815095.47,binance
2020-02-24,9936.4,9990.0,9473.56,9656.13,55796.5961,542081527.64,binance
2020-02-25,9655.52,9675.0,9250.0,9315.84,54379.3446,514946930.57,binance
2020-02-26,9316.48,9377.44,8633.63,8785.25,92130.3455,830717784.38,binance
2020-02-27,8786.0,8971.77,8531.0,8823.21,72483.5788,636955872.76,binance
2020-02-28,8823.25,8900.0,8445.0,8692.91,71155.209,615664817.01,binance
2020-02-29,8690.8,8790.0,8523.55,8523.61,36748.183,318585951.99,binance
2020-03-01,8523.61,8750.0,8411.0,8531.88,43892.2018,375729315.25,binance
2020-03-02,8530.3,8965.75,8498.0,8915.24,60401.3177,528906629.56,binance
2020-03-03,8911.18,8919.65,8651.0,8760.07,55154.9973,484181096.32,binance
2020-03-04,8760.07,8848.29,8660.0,8750.87,38696.4826,338849891.95,binance
2020-03-05,8750.99,9159.42,8746.54,9054.68,58201.8664,524102029.2,binance
2020-03-06,9054.64,9170.0,8985.5,9131.88,43782.948,397598476.42,binance
2020-03-07,9130.89,9188.0,8835.0,8886.66,45422.2045,409983263.79,binance
2020-03-08,8885.25,8886.76,8000.0,8033.31,77537.3152,656931544.78,binance
2020-03-09,8034.76,8179.31,7632.01,7929.87,116968.8633,918787729.09,binance
2020-03-10,7929.87,8149.0,7728.01,7894.56,86783.4439,689700153.45,binance
2020-03-11,7894.57,7980.0,7590.0,7934.52,79942.4112,624465167.36,binance
2020-03-12,7934.58,7966.17,4410.0,4800.0,261505.6087,1628590104.22,binance
2020-03-13,4800.01,5955.0,3782.13,5578.6,402201.6738,2063819540.64,binance
2020-03-14,5576.05,5640.52,5055.13,5172.06,136910.136,736651880.92,binance
2020-03-15,5172.48,5940.0,5093.1,5361.3,139916.1465,753755706.43,binance
2020-03-16,5360.33,5365.42,4442.12,5028.97,227276.9228,1113690309.1,binance
2020-03-17,5028.86,5525.0,4921.45,5312.64,150089.9263,793147908.27,binance
2020-03-18,5312.64,5436.17,5009.37,5393.04,137127.6349,719748122.45,binance
2020-03-19,5393.26,6400.0,5252.53,6162.37,199020.8734,1164739707.51,binance
2020-03-20,6162.05,6900.0,5670.0,6208.36,219298.3295,1401734013.18,binance
2020-03-21,6204.57,6456.98,5860.02,6186.98,128913.6684,794962136.64,binance
2020-03-22,6187.04,6407.87,5734.01,5816.19,119115.9905,722895653.51,binance
2020-03-23,5816.05,6600.0,5688.0,6467.31,164674.2158,1015525672.07,binance
2020-03-24,6465.25,6833.0,6371.33,6744.72,151138.0099,1001890515.24,binance
2020-03-25,6744.69,6957.96,6450.0,6677.43,132155.735,880250736.91,binance
2020-03-26,6677.42,6780.0,6510.0,6737.36,83026.5552,552537189.48,binance
2020-03-27,6737.27,6842.59,6261.0,6359.11,82914.9684,551326113.86,binance
2020-03-28,6359.11,6360.0,6024.0,6236.65,93159.6934,577986706.13,binance
2020-03-29,6236.65,6266.0,5866.56,5881.42,63311.6277,383707122.5,binance
2020-03-30,5880.5,6599.0,5857.76,6394.38,118889.55,747569726.45,binance
2020-03-31,6394.45,6523.23,6321.4,6410.44,72337.5953,465780496.62,binance
2020-04-01,6412.14,6679.94,6150.11,6642.92,97500.7524,618527468.83,binance
2020-04-02,6643.36,7198.0,6551.0,6794.09,149299.9069,1014494762.44,binance
2020-04-03,6793.86,7048.0,6602.1,6734.1,104080.2769,710254017.1,binance
2020-04-04,6732.97,6990.41,6650.01,6856.99,72990.8611,495076283.52,binance
2020-04-05,6857.41,6895.54,6677.52,6772.78,49685.357,337062083.0,binance
2020-04-06,6772.78,7355.14,6765.0,7329.9,118052.0008,837357664.65,binance
2020-04-07,7329.9,7459.69,7077.0,7197.32,103585.1689,757201786.7,binance
2020-04-08,7197.32,7420.0,7150.0,7361.28,76059.1458,555122600.28,binance
2020-04-09,7360.26,7371.92,7108.08,7283.54,61094.8724,444741085.9,binance
2020-04-10,7283.54,7295.75,6739.98,6858.92,104674.6234,727281590.77,binance
2020-04-11,6858.92,6944.3,6760.0,6876.83,45470.2932,311699573.52,binance
2020-04-12,6876.84,7177.0,6780.0,6903.79,73868.6665,516235035.19,binance
2020-04-13,6903.79,6903.79,6575.0,6837.91,96415.4766,649390681.25,binance
2020-04-14,6838.04,6978.0,6754.28,6868.7,69068.6233,474794776.19,binance
2020-04-15,6868.57,6933.0,6605.0,6621.24,61571.385,416947490.62,binance
2020-04-16,6621.25,7190.0,6468.27,7101.94,125009.8575,865277543.39,binance
2020-04-17,7101.99,7148.12,6972.98,7027.55,54126.5098,382334236.17,binance
2020-04-18,7026.78,7293.08,7014.4,7248.6,49488.5428,354845083.78,binance
2020-04-19,7248.6,7266.15,7055.6,7120.74,45664.8639,326485586.93,binance
2020-04-20,7121.4,7220.0,6751.0,6826.83,90149.4914,629612368.75,binance
2020-04-21,6828.98,6940.0,6762.0,6841.37,60109.7108,411800606.08,binance
2020-04-22,6841.36,7156.38,6818.0,7125.14,61486.3773,431271646.18,binance
2020-04-23,7125.12,7738.0,7020.0,7482.39,102773.5696,756320213.59,binance
2020-04-24,7483.96,7615.96,7388.0,7505.0,60182.1199,452118137.79,binance
2020-04-25,7505.0,7705.0,7431.07,7538.67,43874.4277,331292050.77,binance
2020-04-26,7539.03,7700.0,7480.0,7693.1,50522.6162,384202783.27,binance
2020-04-27,7693.1,7792.02,7606.0,7774.62,65441.3396,504025811.65,binance
2020-04-28,7773.51,7780.0,7659.12,7738.98,46302.7526,357391780.93,binance
2020-04-29,7738.58,8952.89,7710.05,8778.57,183546.8875,1536390177.04,binance
2020-04-30,8778.58,9460.0,8401.0,8620.0,206277.2141,1839283907.46,binance
2020-05-01,8620.0,9059.18,8613.56,8826.96,91468.8151,805640126.63,binance
2020-05-02,8825.67,9010.0,8753.0,8972.05,59002.0876,523838859.54,binance
2020-05-03,8972.58,9200.0,8712.0,8894.16,90126.0656,808427095.93,binance
2020-05-04,8894.15,8950.0,8522.0,8871.96,84418.5123,738343818.69,binance
2020-05-05,8871.92,9118.58,8760.0,9021.83,76480.7653,683083018.88,binance
2020-05-06,9021.36,9395.0,8906.21,9142.92,105925.3024,972793508.46,binance
2020-05-07,9143.4,10067.0,9021.0,9986.4,147154.6114,1409783462.01,binance
2020-05-08,9986.3,10035.96,9705.0,9800.01,100683.7964,997005843.74,binance
2020-05-09,9800.02,9914.25,9520.0,9539.4,81950.6796,795001351.68,binance
2020-05-10,9539.1,9574.83,8117.0,8722.77,183865.182,1594996476.98,binance
2020-05-11,8722.77,9168.0,8200.0,8561.52,168807.2518,1468392820.76,binance
2020-05-12,8562.04,8978.26,8528.78,8810.79,86522.7801,760195457.05,binance
2020-05-13,8810.99,9398.0,8792.99,9309.37,92466.274,839725719.96,binance
2020-05-14,9309.35,9939.0,9256.76,9791.98,129565.3775,1247456797.81,binance
2020-05-15,9791.97,9845.62,9150.0,9316.42,115890.7615,1099721375.89,binance
2020-05-16,9315.96,9588.0,9220.0,9381.27,59587.6279,560547005.03,binance
2020-05-17,9380.81,9888.0,9322.1,9680.04,68647.7643,663088800.82,binance
2020-05-18,9681.11,9950.0,9464.23,9733.93,82006.6036,797622297.33,binance
2020-05-19,9733.93,9897.21,9474.0,9775.53,78539.7605,760713946.01,binance
2020-05-20,9775.13,9842.0,9326.0,9511.43,74923.7381,721190802.76,binance
2020-05-21,9511.43,9578.47,8815.0,9068.65,108928.781,1002046265.94,binance
2020-05-22,9067.51,9271.0,8933.52,9170.0,58943.131,537847834.5,binance
2020-05-23,9170.0,9307.85,9070.0,9179.15,43526.297,400407195.63,binance
2020-05-24,9179.01,9298.0,8700.0,8720.34,70379.8664,636787240.37,binance
2020-05-25,8718.14,8979.66,8642.72,8900.35,62833.9109,553545285.91,binance
2020-05-26,8900.35,9017.67,8700.0,8841.18,58299.7701,516455128.89,binance
2020-05-27,8841.0,9225.0,8811.73,9204.07,68910.3555,624660855.78,binance
2020-05-28,9204.07,9625.47,9110.0,9575.89,74110.7877,693930106.18,binance
2020-05-29,9575.87,9605.26,9330.0,9427.07,57374.363,542758086.61,binance
2020-05-30,9426.6,9740.0,9331.23,9697.72,55665.2725,530598690.07,binance
2020-05-31,9697.72,9700.0,9381.41,9448.27,48333.7864,461272298.85,binance
2020-06-01,9448.27,10380.0,9421.67,10200.77,76649.127,749707596.66,binance
2020-06-02,10202.71,10228.99,9266.0,9518.04,108970.7732,1070060237.13,binance
2020-06-03,9518.02,9690.0,9365.21,9666.24,46252.6449,441928818.04,binance
2020-06-04,9666.32,9881.63,9450.0,9789.06,57456.101,557234945.65,binance
2020-06-05,9788.14,9854.75,9581.0,9621.16,47788.05,465200788.2,binance
2020-06-06,9621.17,9735.0,9531.05,9666.3,32752.9509,315604867.24,binance
2020-06-07,9666.85,9802.0,9372.46,9746.99,57952.8484,556919603.79,binance
2020-06-08,9746.99,9800.0,9633.0,9782.01,40664.6641,395459395.82,binance
2020-06-09,9782.0,9877.0,9570.0,9772.43,46024.0013,447208895.84,binance
2020-06-10,9772.44,9992.72,9704.18,9885.0,47130.763,462384305.35,binance
2020-06-11,9885.22,9964.0,9113.0,9280.4,94418.9847,902075648.55,binance
2020-06-12,9278.88,9557.12,9232.51,9465.13,50119.0669,472007894.38,binance
2020-06-13,9464.96,9494.73,9351.0,9473.34,27759.7849,261673162.26,binance
2020-06-14,9473.34,9480.99,9245.0,9342.1,30055.5066,282131272.38,binance
2020-06-15,9342.1,9495.0,8910.45,9426.02,86107.9247,793518842.55,binance
2020-06-16,9426.05,9589.0,9373.09,9525.59,52052.4469,494458269.14,binance
2020-06-17,9526.97,9565.0,9236.61,9465.14,48046.4112,453209812.23,binance
2020-06-18,9465.13,9489.0,9280.0,9386.32,37381.9538,351649555.07,binance
2020-06-19,9386.32,9438.3,9215.79,9310.23,45330.9837,423086965.19,binance
2020-06-20,9310.23,9395.0,9170.95,9358.95,30329.0654,282120360.56,binance
2020-06-21,9358.95,9422.0,9281.54,9294.69,24316.9262,227467940.61,binance
2020-06-22,9294.69,9780.0,9277.09,9685.69,57895.4683,550995799.07,binance
2020-06-23,9685.69,9720.0,9577.03,9624.89,41031.0294,395487616.46,binance
2020-06-24,9624.33,9670.0,9208.0,9296.49,61571.5615,579426702.8,binance
2020-06-25,9298.33,9340.0,9009.69,9249.49,55831.6192,514396747.4,binance
2020-06-26,9249.49,9298.0,9045.45,9162.21,50292.2983,461347064.83,binance
2020-06-27,9162.21,9196.24,8833.0,9012.0,46290.9301,419606802.24,binance
2020-06-28,9012.0,9191.0,8948.06,9116.35,30688.1764,278721674.92,binance
2020-06-29,9116.16,9238.0,9024.67,9192.56,42120.2933,384206326.47,binance
2020-06-30,9192.93,9205.0,9064.89,9138.55,31463.1628,287781334.52,binance
2020-07-01,9138.08,9292.0,9080.1,9232.0,38488.5287,354087627.17,binance
2020-07-02,9231.99,9261.96,8940.0,9086.54,45725.1681,417724468.89,binance
2020-07-03,9086.54,9125.0,9037.47,9058.26,28943.4202,263123750.47,binance
2020-07-04,9057.79,9190.0,9040.04,9135.46,26441.9685,240576054.92,binance
2020-07-05,9135.0,9145.24,8893.03,9069.41,34073.6536,308410443.66,binance
2020-07-06,9069.41,9375.0,9055.92,9344.2,54463.1323,502548376.21,binance
2020-07-07,9342.47,9379.42,9203.0,9257.39,34587.3367,320576525.36,binance
2020-07-08,9257.4,9470.0,9231.0,9436.06,56140.5178,525344876.7,binance
2020-07-09,9436.06,9440.79,9160.0,9232.43,48044.4506,447640493.54,binance
2020-07-10,9232.42,9317.48,9125.0,9288.34,38295.494,352238898.77,binance
2020-07-11,9288.34,9299.28,9178.25,9234.03,22561.366,208410250.51,binance
2020-07-12,9234.02,9345.0,9157.5,9302.75,30872.7023,285591381.49,binance
2020-07-13,9303.31,9343.82,9200.89,9242.62,42740.0691,396614086.8,binance
2020-07-14,9242.61,9279.54,9113.0,9255.85,45772.5525,421789086.45,binance
2020-07-15,9255.85,9276.49,9160.57,9197.6,39053.5797,360201683.49,binance
2020-07-16,9197.6,9226.15,9047.25,9133.72,43375.5712,395883667.02,binance
2020-07-17,9133.72,9186.83,9089.81,9154.32,28054.3587,256360345.58,binance
2020-07-18,9154.31,9219.3,9121.1,9170.28,22554.5415,206628105.36,binance
2020-07-19,9170.3,9232.27,9101.35,9208.99,26052.0194,238521988.03,binance
2020-07-20,9208.99,9221.52,9131.0,9160.78,35458.7641,325297289.27,binance
2020-07-21,9160.78,9437.73,9152.8,9390.0,60413.5825,563360524.8,binance
2020-07-22,9390.0,9544.0,9261.0,9518.16,48815.0041,457776105.62,binance
2020-07-23,9518.16,9664.0,9440.33,9603.27,51856.2335,494282948.73,binance
2020-07-24,9603.27,9637.0,9463.44,9537.8,43931.1362,419240263.52,binance
2020-07-25,9538.1,9732.9,9513.0,9700.42,40679.5454,391431695.72,binance
2020-07-26,9700.42,10111.0,9650.0,9931.54,65279.2693,644607634.48,binance
2020-07-27,9931.54,11394.86,9917.21,11029.96,150188.9331,1580355372.1,binance
2020-07-28,11029.96,11242.23,10565.0,10906.27,97267.7342,1065375500.19,binance
2020-07-29,10906.27,11342.82,10812.0,11100.53,76838.0942,853242253.62,binance
2020-07-30,11100.52,11170.0,10831.0,11099.61,60794.8265,669779541.89,binance
2020-07-31,11099.79,11444.0,10960.0,11335.46,70063.661,786344325.86,binance
2020-08-01,11335.46,11861.0,11220.0,11801.17,85087.4851,987817017.32,binance
2020-08-02,11801.17,12123.46,10518.5,11071.35,97553.0776,1105757335.53,binance
2020-08-03,11071.36,11473.0,10936.0,11219.81,56931.8415,641127593.26,binance
2020-08-04,11219.68,11414.98,11000.0,11191.97,58629.1137,658084242.68,binance
2020-08-05,11191.99,11780.93,11093.0,11744.91,74970.2569,861433645.42,binance
2020-08-06,11744.91,11900.0,11562.5,11762.46,63529.085,746479211.72,binance
2020-08-07,11762.47,11909.94,11322.0,11594.23,65755.926,767005529.28,binance
2020-08-08,11594.36,11808.27,11512.0,11761.41,41858.161,489087264.36,binance
2020-08-09,11761.02,11797.11,11521.97,11681.68,41493.0673,483708602.9,binance
2020-08-10,11681.69,12067.35,11450.0,11892.92,84952.3379,1009169063.38,binance
2020-08-11,11892.9,11935.0,11125.0,11392.08,90748.2846,1049615697.14,binance
2020-08-12,11392.09,11617.52,11150.0,11564.33,64909.6136,743303608.1,binance
2020-08-13,11564.34,11792.96,11270.36,11780.0,70132.4915,809611114.21,binance
2020-08-14,11779.77,11850.0,11634.03,11760.54,59818.8527,702273220.7,binance
2020-08-15,11760.55,11980.0,11680.0,11852.4,56237.905,667446824.06,binance
2020-08-16,11852.4,11931.72,11686.0,11911.0,41368.2369,489731524.64,binance
2020-08-17,11910.99,12468.0,11769.78,12281.13,84734.2115,1026883452.89,binance
2020-08-18,12281.15,12387.77,11817.93,11945.01,75923.8355,920402307.18,binance
2020-08-19,11945.1,12020.08,11561.0,11754.59,73940.1696,870612801.53,binance
2020-08-20,11754.38,11888.0,11668.0,11853.55,46085.2544,543576025.05,binance
2020-08-21,11853.54,11878.0,11485.81,11531.34,64448.3061,755451999.65,binance
2020-08-22,11531.23,11686.0,11376.81,11662.96,43678.7016,504305451.41,binance
2020-08-23,11663.51,11718.07,11514.13,11648.13,37900.0047,440406018.65,binance
2020-08-24,11648.12,11824.9,11585.09,11748.2,46212.3919,542298951.54,binance
2020-08-25,11748.19,11767.85,11117.64,11318.42,69590.9233,797034671.65,binance
2020-08-26,11318.42,11539.32,11244.0,11461.43,53998.2312,615452789.97,binance
2020-08-27,11461.42,11592.2,11125.0,11330.38,63246.0364,717474981.66,binance
2020-08-28,11330.38,11542.65,11276.89,11526.91,45953.9084,525606229.65,binance
2020-08-29,11526.9,11580.02,11417.04,11465.84,32973.7992,379228275.27,binance
2020-08-30,11465.84,11719.0,11458.0,11711.16,43177.8791,501375342.94,binance
2020-08-31,11711.17,11800.77,11570.0,11649.51,55353.6177,646723855.57,binance
2020-09-01,11649.51,12050.85,11515.0,11921.97,78148.1937,928047313.49,binance
2020-09-02,11921.97,11954.57,11160.1,11388.54,87221.8456,1005391012.13,binance
2020-09-03,11388.54,11462.6,9960.8,10140.85,121950.106,1325106403.32,binance
2020-09-04,10138.29,10627.05,9875.5,10446.25,92733.5991,959925718.35,binance
2020-09-05,10446.25,10565.68,9825.0,10166.69,90001.6056,917578408.88,binance
2020-09-06,10166.69,10347.14,9994.86,10256.2,56368.7888,574903000.24,binance
2020-09-07,10255.89,10410.75,9875.0,10373.44,62620.2307,634278537.82,binance
2020-09-08,10373.45,10438.0,9850.0,10126.65,73491.8784,742947901.97,binance
2020-09-09,10126.66,10343.0,9981.01,10219.2,49347.1138,503082625.21,binance
2020-09-10,10219.29,10483.35,10070.83,10336.87,58253.7538,602390078.49,binance
2020-09-11,10336.86,10397.6,10200.0,10387.89,43830.2545,451241002.66,binance
2020-09-12,10387.89,10477.97,10269.25,10440.92,35379.1531,366912671.44,binance
2020-09-13,10440.67,10580.11,10200.0,10332.83,43837.6099,455338605.33,binance
2020-09-14,10332.84,10750.0,10212.34,10671.77,67059.2914,706175591.39,binance
2020-09-15,10671.77,10930.04,10606.48,10785.31,61822.4528,666457161.15,binance
2020-09-16,10785.23,11093.0,10661.22,10954.01,64991.5124,708644989.48,binance
2020-09-17,10954.01,11045.46,10745.83,10939.99,55601.6145,605010288.78,binance
2020-09-18,10940.0,11038.03,10812.84,10933.39,47266.7283,516147935.67,binance
2020-09-19,10933.4,11179.79,10887.37,11080.65,38440.0369,423651901.16,binance
2020-09-20,11080.64,11080.64,10723.0,10920.28,39157.9226,426815210.76,binance
2020-09-21,10920.28,10988.86,10296.35,10417.22,70683.4312,751020795.24,binance
2020-09-22,10417.22,10572.71,10353.0,10529.61,43991.2355,460362500.73,binance
2020-09-23,10529.61,10537.15,10136.82,10241.46,51876.5681,539362015.16,binance
2020-09-24,10241.46,10795.24,10190.93,10736.32,57676.6194,604520870.06,binance
2020-09-25,10736.33,10760.53,10556.24,10686.67,48101.117,512647249.15,binance
2020-09-26,10686.57,10820.94,10644.68,10728.6,28420.8367,304511477.68,binance
2020-09-27,10728.59,10799.0,10594.82,10774.25,30549.4833,327169249.45,binance
2020-09-28,10774.26,10950.0,10626.0,10696.12,50095.2517,544463219.6,binance
2020-09-29,10696.11,10867.54,10635.87,10840.48,41874.8984,449345822.46,binance
2020-09-30,10840.58,10849.34,10665.13,10776.59,39596.0273,425279696.29,binance
2020-10-01,10776.59,10920.0,10437.0,10619.13,60866.3329,652168989.46,binance
2020-10-02,10619.13,10664.64,10374.0,10570.4,50130.3937,526864379.31,binance
2020-10-03,10570.4,10603.56,10496.46,10542.06,22298.2213,235160884.61,binance
2020-10-04,10542.07,10696.87,10517.87,10666.63,23212.0016,246252050.91,binance
2020-10-05,10666.62,10798.0,10615.64,10792.21,34025.7617,364158510.24,binance
2020-10-06,10792.2,10800.0,10525.0,10599.66,48674.7405,520051256.08,binance
2020-10-07,10599.65,10681.87,10546.17,10666.39,32811.9903,348298562.86,binance
2020-10-08,10666.4,10950.0,10530.41,10925.57,51959.6916,559311760.44,binance
2020-10-09,10925.44,11104.64,10829.0,11050.64,48240.0732,530822321.52,binance
2020-10-10,11050.64,11491.0,11050.51,11293.22,43648.0369,494785212.23,binance
2020-10-11,11293.22,11445.0,11221.0,11369.02,29043.8513,329927755.04,binance
2020-10-12,11369.02,11720.01,11172.0,11528.25,52825.2837,604779845.79,binance
2020-10-13,11528.24,11557.0,11300.0,11420.56,42205.2837,482663390.72,binance
2020-10-14,11420.57,11547.98,11280.0,11417.89,41415.106,472007015.72,binance
2020-10-15,11417.89,11617.34,11250.83,11505.12,48760.7177,556436445.56,binance
2020-10-16,11505.13,11541.15,11200.0,11319.32,48797.7495,553211001.61,binance
2020-10-17,11319.24,11402.42,11255.0,11360.2,22368.9152,253582775.96,binance
2020-10-18,11360.31,11505.0,11346.22,11503.14,23284.0412,266150824.35,binance
2020-10-19,11503.14,11823.99,11407.96,11751.47,47414.5347,550728683.8,binance
2020-10-20,11751.46,12038.38,11677.59,11909.99,62134.7507,737425592.08,binance
2020-10-21,11910.0,13217.68,11886.95,12780.96,114584.4568,1437122186.63,binance
2020-10-22,12780.75,13185.0,12678.08,12968.52,70038.8241,905778888.87,binance
2020-10-23,12968.84,13027.69,12720.08,12923.07,50386.9998,650680239.11,binance
2020-10-24,12923.06,13166.73,12870.0,13111.73,35952.2091,468299521.77,binance
2020-10-25,13111.73,13350.0,12888.0,13028.83,38481.5795,502672049.23,binance
2020-10-26,13029.64,13238.81,12765.0,13052.19,60951.673,794395722.45,binance
2020-10-27,13052.15,13789.29,13019.87,13636.17,80811.0195,1085403903.13,binance
2020-10-28,13636.16,13859.48,12888.0,13266.4,94440.5612,1263487953.0,binance
2020-10-29,13266.4,13642.91,12920.77,13455.7,74872.6021,997867948.86,binance
2020-10-30,13455.69,13669.98,13115.0,13560.1,70657.7789,946818817.56,binance
2020-10-31,13560.1,14100.0,13411.5,13791.0,67339.2385,927048458.54,binance
2020-11-01,13791.0,13895.0,13603.0,13761.5,36285.6485,499124369.08,binance
2020-11-02,13761.49,13830.0,13195.05,13549.37,64566.4219,873629993.83,binance
2020-11-03,13549.63,14066.11,13284.99,14023.53,74115.6308,1009402087.71,binance
2020-11-04,14023.53,14259.0,13525.0,14144.01,93016.9883,1293872665.42,binance
2020-11-05,14144.01,15750.0,14093.56,15590.02,143741.5227,2131865609.29,binance
2020-11-06,15590.02,15960.0,15166.0,15579.92,122618.1977,1909660728.82,binance
2020-11-07,15579.93,15753.52,14344.22,14818.3,101431.2066,1536510177.09,binance
2020-11-08,14818.3,15650.0,14703.88,15475.1,65547.1786,998031373.84,binance
2020-11-09,15475.1,15840.0,14805.54,15328.41,108976.3341,1670447935.51,binance
2020-11-10,15328.41,15460.0,15072.46,15297.21,61681.9196,943615126.09,binance
2020-11-11,15297.21,15965.0,15272.68,15684.24,78469.7465,1226425496.36,binance
2020-11-12,15684.25,16340.7,15440.64,16291.86,102196.3566,1628755508.67,binance
2020-11-13,16291.85,16480.0,15952.35,16320.7,75691.881,1230358611.12,binance
2020-11-14,16320.04,16326.99,15670.0,16070.45,59116.3472,944765868.61,binance
2020-11-15,16069.56,16180.0,15774.72,15957.0,43596.8415,696651729.75,binance
2020-11-16,15957.0,16880.0,15864.0,16713.57,81300.6759,1335728013.91,binance
2020-11-17,16713.08,17858.82,16538.0,17659.38,115221.4031,1982752071.45,binance
2020-11-18,17659.38,18476.93,17214.45,17776.12,149019.7881,2663337935.5,binance
2020-11-19,17777.75,18179.8,17335.65,17802.82,93009.561,1656794228.85,binance
2020-11-20,17802.81,18815.22,17740.04,18655.67,88423.0185,1623135138.59,binance
2020-11-21,18655.66,18965.9,18308.58,18703.8,75577.4584,1413641591.28,binance
2020-11-22,18703.8,18750.0,17610.86,18414.43,81645.7378,1497662550.05,binance
2020-11-23,18413.88,18766.0,18000.0,18368.0,82961.5061,1529064319.67,binance
2020-11-24,18368.01,19418.97,18018.0,19160.01,113581.5092,2145301450.46,binance
2020-11-25,19160.0,19484.21,18500.27,18719.11,93266.5769,1774870796.29,binance
2020-11-26,18718.83,18915.03,16188.0,17149.47,181005.2467,3127314143.1,binance
2020-11-27,17149.47,17457.62,16438.08,17139.52,85297.0248,1446670351.44,binance
2020-11-28,17139.53,17880.49,16865.56,17719.85,64910.7,1128061605.11,binance
2020-11-29,17719.84,18360.05,17517.0,18184.99,55329.0163,996743798.86,binance
2020-11-30,18185.0,19863.16,18184.99,19695.87,115463.4669,2205929119.51,binance
2020-12-01,19695.87,19888.0,18001.12,18764.96,127698.7627,2446070334.83,binance
2020-12-02,18764.96,19342.0,18330.0,19204.09,75911.0135,1436895344.83,binance
2020-12-03,19204.08,19598.0,18867.2,19421.9,66689.3913,1286548310.83,binance
2020-12-04,19422.34,19527.0,18565.31,18650.52,71283.6682,1358079975.03,binance
2020-12-05,18650.51,19177.0,18500.0,19147.66,42922.7486,813445434.13,binance
2020-12-06,19147.66,19420.0,18857.0,19359.4,37043.0919,709558933.58,binance
2020-12-07,19358.67,19420.91,18902.88,19166.9,41372.2963,793517668.68,binance
2020-12-08,19166.9,19294.84,18200.0,18324.11,61626.9476,1160658077.4,binance
2020-12-09,18324.11,18639.57,17650.0,18541.28,79585.5538,1450130664.06,binance
2020-12-10,18541.29,18557.32,17911.12,18254.63,52890.6751,966149529.0,binance
2020-12-11,18254.81,18292.73,17572.33,18036.53,72610.7243,1301081647.31,binance
2020-12-12,18036.53,18948.66,18020.7,18808.69,49519.9784,915552835.91,binance
2020-12-13,18808.69,19411.0,18711.12,19174.99,56560.8217,1083520569.09,binance
2020-12-14,19174.99,19349.0,19000.0,19273.14,47257.2013,906101687.74,binance
2020-12-15,19273.69,19570.0,19050.0,19426.43,61834.366,1196361527.93,binance
2020-12-16,19426.43,21560.0,19278.6,21335.52,114306.3356,2325135958.64,binance
2020-12-17,21335.52,23800.0,21230.0,22797.16,184882.4767,4196645567.43,binance
2020-12-18,22797.15,23285.18,22350.0,23107.39,79646.1343,1820875361.29,binance
2020-12-19,23107.39,24171.47,22750.0,23821.61,86045.0647,2018969878.89,binance
2020-12-20,23821.6,24295.0,23060.0,23455.52,76690.1457,1810862074.73,binance
2020-12-21,23455.54,24102.77,21815.0,22719.71,88030.2972,2035446293.93,binance
2020-12-22,22719.88,23837.1,22353.4,23810.79,87033.1262,2010758620.24,binance
2020-12-23,23810.79,24100.0,22600.0,23232.76,119047.2597,2797688007.07,binance
2020-12-24,23232.39,23794.43,22703.42,23729.2,69013.8343,1602394244.08,binance
2020-12-25,23728.99,24789.86,23433.6,24712.47,79519.9436,1919766316.67,binance
2020-12-26,24712.47,26867.03,24500.0,26493.39,97806.5134,2496533065.18,binance
2020-12-27,26493.4,28422.0,25700.0,26281.66,148455.5862,4028928683.88,binance
2020-12-28,26281.54,27500.0,26101.0,27079.41,79721.7425,2151806808.57,binance
2020-12-29,27079.42,27410.0,25880.0,27385.0,69411.5926,1851617219.77,binance
2020-12-30,27385.0,28996.0,27320.0,28875.54,95356.0578,2683953237.46,binance
2020-12-31,28875.55,29300.0,27850.0,28923.63,75508.5052,2173600125.42,binance
2021-01-01,28923.63,29600.0,28624.57,29331.69,54182.925,1582526989.16,binance
2021-01-02,29331.7,33300.0,28946.53,32178.33,129993.8734,4073842163.67,binance
2021-01-03,32176.45,34778.11,31962.99,33000.05,120957.5668,4057598425.49,binance
2021-01-04,33000.05,33600.0,28130.0,31988.71,140899.8857,4429010349.7,binance
2021-01-05,31989.75,34360.0,29900.0,33949.53,116049.997,3743617144.65,binance
2021-01-06,33949.53,36939.21,33288.0,36769.36,127139.2013,4431954248.52,binance
2021-01-07,36769.36,40365.0,36300.0,39432.28,132825.7004,5062569943.38,binance
2021-01-08,39432.48,41950.0,36500.0,40582.81,139789.9575,5568443208.73,binance
2021-01-09,40586.96,41380.0,38720.0,40088.22,75785.9797,3054779029.16,binance
2021-01-10,40088.22,41350.0,35111.11,38150.02,118209.5445,4604034729.51,binance
2021-01-11,38150.02,38264.74,30420.0,35404.47,251156.1383,8497730017.9,binance
2021-01-12,35410.37,36628.0,32531.0,34051.24,133948.152,4651302423.48,binance
2021-01-13,34049.15,37850.0,32380.0,37371.38,124477.9149,4322876606.42,binance
2021-01-14,37371.38,40100.0,36701.23,39144.5,102950.3894,3974826638.15,binance
2021-01-15,39145.21,39747.76,34408.0,36742.22,118300.9209,4371588898.68,binance
2021-01-16,36737.43,37950.0,35357.8,35994.98,86348.4315,3178840336.15,binance
2021-01-17,35994.98,36852.5,33850.0,35828.61,80157.7274,2843103040.24,binance
2021-01-18,35824.99,37469.83,34800.0,36631.27,70698.1188,2554843260.52,binance
2021-01-19,36622.46,37850.0,35844.06,35891.49,79611.3078,2935348499.34,binance
2021-01-20,35901.94,36415.31,33400.0,35468.23,89368.4229,3126721093.52,binance
2021-01-21,35468.23,35600.0,30071.0,30850.13,135004.0767,4386783586.5,binance
2021-01-22,30851.99,33826.53,28850.0,32945.17,142971.684,4483295872.02,binance
2021-01-23,32950.0,33456.0,31390.16,32078.0,64595.2877,2089098295.76,binance
2021-01-24,32078.0,33071.0,30900.0,32259.9,57978.038,1864609665.37,binance
2021-01-25,32259.45,34875.0,31910.0,32254.2,88499.2269,2958759288.56,binance
2021-01-26,32254.19,32921.88,30837.37,32467.77,84972.2069,2708545364.49,binance
2021-01-27,32464.01,32557.29,29241.72,30366.15,95911.9617,2958081421.64,binance
2021-01-28,30362.19,33783.98,29842.1,33364.86,92621.1456,2953553214.07,binance
2021-01-29,33368.18,38531.9,31915.4,34252.2,231827.0056,8195593336.23,binance
2021-01-30,34246.28,34933.0,32825.0,34262.88,84889.6813,2884500062.94,binance
2021-01-31,34262.89,34342.69,32171.67,33092.98,68742.2804,2289641045.76,binance
2021-02-01,33092.97,34717.27,32296.16,33526.37,82718.2769,2791776658.01,binance
2021-02-02,33517.09,35984.33,33418.0,35466.24,78056.6599,2716321896.32,binance
2021-02-03,35472.71,37662.63,35362.38,37618.87,80784.3337,2951232788.18,binance
2021-02-04,37620.26,38708.27,36161.95,36936.66,92080.7359,3452669022.15,binance
2021-02-05,36936.65,38310.12,36570.0,38290.24,66681.3343,2509278291.75,binance
2021-02-06,38289.32,40955.51,38215.94,39186.94,98757.3112,3922095148.93,binance
2021-02-07,39181.01,39700.0,37351.0,38795.69,84363.6798,3256521384.24,binance
2021-02-08,38795.69,46794.45,37988.89,46374.87,138597.5369,5881536976.64,binance
2021-02-09,46374.86,48142.19,44961.09,46420.42,115499.8617,5386255398.02,binance
2021-02-10,46420.42,47310.0,43727.0,44807.58,97154.1822,4431650130.25,binance
2021-02-11,44807.58,48678.9,43994.02,47969.51,89561.0815,4185630934.41,binance
2021-02-12,47968.66,48985.8,46125.0,47287.6,85870.0357,4080571908.97,binance
2021-02-13,47298.15,48150.0,46202.53,47153.69,63768.0974,3007710147.42,binance
2021-02-14,47156.78,49707.43,47014.17,48577.79,73735.4755,3584808348.83,binance
2021-02-15,48580.47,49010.92,45570.79,47911.1,79398.1568,3782219060.66,binance
2021-02-16,47911.1,50689.18,47003.62,49133.45,88813.2663,4349983777.69,binance
2021-02-17,49133.45,52618.74,48947.0,52119.71,85743.6378,4365831514.82,binance
2021-02-18,52117.67,52530.0,50901.9,51552.6,60758.047,3149973077.49,binance
2021-02-19,51552.61,56368.0,50710.2,55906.0,79659.778,4251167827.68,binance
2021-02-20,55906.0,57700.46,53863.93,55841.19,80948.2053,4551890859.85,binance
2021-02-21,55841.19,58352.8,55477.59,57408.57,58166.7085,3317998263.35,binance
2021-02-22,57412.35,57508.47,47622.0,54087.67,134019.4349,7213386720.44,binance
2021-02-23,54087.67,54183.59,44892.56,48891.0,169375.0251,8215839131.24,binance
2021-02-24,48891.0,51374.99,46988.69,49676.2,91881.2093,4574033001.38,binance
2021-02-25,49676.21,52041.73,46674.34,47073.73,83310.6731,4152188728.14,binance
2021-02-26,47073.73,48424.11,44106.78,46276.87,109423.2007,5086374532.73,binance
2021-02-27,46276.88,48394.0,45000.0,46106.43,66060.8343,3105897438.55,binance
2021-02-28,46103.67,46638.46,43000.0,45135.66,83055.369,3708359965.45,binance
2021-03-01,45134.11,49790.0,44950.53,49587.03,85086.1116,4057515794.87,binance
2021-03-02,49595.76,50200.0,47047.6,48440.65,64221.0621,3120472069.91,binance
2021-03-03,48436.61,52640.0,48100.71,50349.37,81035.9137,4109521257.54,binance
2021-03-04,50349.37,51773.88,47500.0,48374.09,82649.7168,4079837240.86,binance
2021-03-05,48374.09,49448.93,46300.0,48751.71,78192.4964,3727133104.84,binance
2021-03-06,48746.81,49200.0,47070.0,48882.2,44399.2342,2143910705.29,binance
2021-03-07,48882.2,51450.03,48882.2,50971.75,55235.028,2778875909.45,binance
2021-03-08,50959.11,52402.78,49274.67,52375.17,66987.3597,3400847931.04,binance
2021-03-09,52375.18,54895.0,51789.41,54884.5,71656.7371,3861450964.65,binance
2021-03-10,54874.67,57387.69,53005.0,55851.59,84749.2389,4700197563.36,binance
2021-03-11,55851.59,58150.0,54272.82,57773.16,81914.8129,4612366201.0,binance
2021-03-12,57773.15,58081.51,54962.84,57221.72,73405.406,4162054726.38,binance
2021-03-13,57221.72,61844.0,56078.23,61188.39,83245.0913,4933383453.25,binance
2021-03-14,61188.38,61724.79,58966.78,58968.31,52601.0528,3176397573.88,binance
2021-03-15,58976.08,60633.43,54600.0,55605.2,102771.4273,5874241052.09,binance
2021-03-16,55605.2,56938.29,53271.34,56900.75,77986.6944,4304259207.65,binance
2021-03-17,56900.74,58974.73,54123.69,58912.97,70421.6208,3960992972.15,binance
2021-03-18,58912.97,60129.97,57023.0,57648.16,66580.4067,3900885761.21,binance
2021-03-19,57641.0,59468.0,56270.74,58030.01,52392.653,3052711147.93,binance
2021-03-20,58030.01,59880.0,57820.17,58102.28,44476.9418,2616535093.05,binance
2021-03-21,58100.02,58589.1,55450.11,57351.56,48564.4703,2774223129.62,binance
2021-03-22,57351.56,58430.73,53650.0,54083.25,62581.6262,3527479514.33,binance
2021-03-23,54083.25,55830.9,53000.0,54340.89,59789.3654,3264650774.82,binance
2021-03-24,54342.8,57200.0,51700.0,52303.65,83537.465,4583159614.05,binance
2021-03-25,52303.66,53287.0,50427.56,51293.78,87400.5345,4536327184.96,binance
2021-03-26,51293.78,55073.46,51214.6,55025.59,63813.7747,3397036140.75,binance
2021-03-27,55025.59,56700.36,53950.0,55817.14,50105.4751,2767070175.86,binance
2021-03-28,55817.14,56559.75,54691.84,55777.63,39050.3875,2178777329.45,binance
2021-03-29,55777.65,58405.82,54800.01,57635.47,67857.9374,3877131109.73,binance
2021-03-30,57635.46,59368.0,57071.35,58746.57,55122.4431,3221944107.46,binance
2021-03-31,58746.57,59800.0,56769.0,58740.55,60975.5427,3575976083.8,binance
2021-04-01,58739.46,59490.0,57935.45,58720.44,47415.6172,2789238879.94,binance
2021-04-02,58720.45,60200.0,58428.57,58950.01,47382.4188,2811159761.27,binance
2021-04-03,58950.01,59791.72,56880.0,57051.94,47409.8521,2783151686.16,binance
2021-04-04,57051.95,58492.85,56388.0,58202.01,41314.082,2380139010.73,binance
2021-04-05,58202.01,59272.0,56777.77,59129.99,54258.0158,3155214764.16,binance
2021-04-06,59129.99,59495.24,57413.02,57991.15,54201.0007,3166911557.15,binance
2021-04-07,57990.03,58655.0,55473.0,55953.45,71228.4057,4053294016.48,binance
2021-04-08,55953.44,58153.31,55700.0,58077.52,44283.147,2531779682.55,binance
2021-04-09,58077.52,58894.9,57654.0,58142.54,40831.8849,2378340697.29,binance
2021-04-10,58142.55,61500.0,57900.01,59769.13,69906.4241,4197138552.47,binance
2021-04-11,59769.13,60699.0,59232.52,60002.43,41156.7154,2462032926.62,binance
2021-04-12,59998.8,61300.0,59350.59,59860.0,56375.0371,3393042867.87,binance
2021-04-13,59860.01,63777.77,59805.15,63575.0,82848.6887,5154877375.39,binance
2021-04-14,63575.01,64854.0,61301.0,62959.53,82616.344,5239081228.16,binance
2021-04-15,62959.53,63800.0,62020.0,63159.98,51649.7003,3248931738.29,binance
2021-04-16,63158.74,63520.61,60000.0,61334.8,91764.1399,5647292669.62,binance
2021-04-17,61334.81,62506.05,59580.91,60006.66,58912.2561,3605701810.68,binance
2021-04-18,60006.67,60499.0,50931.3,56150.01,124882.1318,6949379727.43,binance
2021-04-19,56150.01,57526.81,54221.58,55633.14,78229.0423,4398619580.65,binance
2021-04-20,55633.14,57076.24,53329.96,56425.0,72744.4822,4037701391.62,binance
2021-04-21,56425.0,56757.91,53536.02,53787.63,66984.7569,3704549578.7,binance
2021-04-22,53787.62,55521.48,50500.0,51690.96,104656.6313,5594983857.32,binance
2021-04-23,51690.95,52131.85,47500.0,51125.14,132230.7807,6571097317.47,binance
2021-04-24,51110.56,51166.22,48657.14,50047.84,55361.5126,2762081002.88,binance
2021-04-25,50047.84,50567.91,46930.0,49066.77,58255.645,2867858315.19,binance
2021-04-26,49066.76,54356.62,48753.44,54001.39,86310.8021,4555688503.4,binance
2021-04-27,54001.38,55460.0,53222.0,55011.97,54064.0347,2949719328.37,binance
2021-04-28,55011.97,56428.0,53813.16,54846.22,55130.459,3020242787.51,binance
2021-04-29,54846.23,55195.84,52330.94,53555.0,52486.0195,2823220335.48,binance
2021-04-30,53555.0,57963.0,53013.01,57694.27,68578.91,3808187372.74,binance
2021-05-01,57697.25,58458.07,56956.14,57800.37,42600.3518,2460342954.84,binance
2021-05-02,57797.35,57911.02,56035.25,56578.21,36812.8789,2089763230.44,binance
2021-05-03,56578.21,58981.44,56435.0,57169.39,57649.9313,3337604542.63,binance
2021-05-04,57169.39,57200.0,53046.69,53200.01,85324.6259,4705402064.3,binance
2021-05-05,53205.05,58069.82,52900.0,57436.11,77263.9234,4327994296.15,binance
2021-05-06,57436.11,58360.0,55200.0,56393.68,70181.6719,3992289527.74,binance
2021-05-07,56393.68,58650.0,55241.63,57314.75,74542.7478,4239374487.47,binance
2021-05-08,57315.49,59500.0,56900.0,58862.05,69709.906,4079553831.99,binance
2021-05-09,58866.53,59300.0,56235.66,58240.84,69806.1199,4043552701.51,binance
2021-05-10,58240.83,59500.0,53400.0,55816.14,89586.3492,5131782639.97,binance
2021-05-11,55816.14,56862.43,54370.0,56670.02,64329.5406,3583030654.76,binance
2021-05-12,56670.02,58000.01,48600.0,49631.32,99842.7898,5476115093.11,binance
2021-05-13,49537.15,51367.19,46000.0,49670.97,147332.0021,7303694688.6,binance
2021-05-14,49671.92,51483.0,48799.75,49841.45,80082.2043,4015904915.41,binance
2021-05-15,49844.16,50700.0,46555.0,46762.99,89437.4494,4350775846.52,binance
2021-05-16,46762.99,49795.89,43825.39,46431.5,114269.8128,5367497608.12,binance
2021-05-17,46426.83,46686.0,42001.0,43538.04,166657.1727,7346755531.93,binance
2021-05-18,43538.02,45799.29,42250.02,42849.78,116979.8608,5146670282.55,binance
2021-05-19,42849.78,43584.9,30000.0,36690.09,354347.2432,13477694934.87,binance
2021-05-20,36671.23,42451.67,34850.0,40526.64,203017.5969,8019897067.18,binance
2021-05-21,40525.39,42200.0,33488.0,37252.01,202100.8883,7713346610.27,binance
2021-05-22,37263.35,38829.0,35200.62,37449.73,126542.2437,4730567647.67,binance
2021-05-23,37458.51,38270.64,31111.01,34655.25,217136.0466,7431242463.2,binance
2021-05-24,34681.44,39920.0,34031.0,38796.29,161630.894,5996773032.15,binance
2021-05-25,38810.99,39791.77,36419.62,38324.72,111996.2284,4253519579.38,binance
2021-05-26,38324.72,40841.0,37800.44,39241.91,104780.7734,4113717505.26,binance
2021-05-27,39241.92,40411.14,37134.27,38529.98,86547.1588,3361413526.05,binance
2021-05-28,38529.99,38877.83,34684.0,35663.49,135377.6297,4926260941.93,binance
2021-05-29,35661.79,37338.58,33632.76,34605.15,112663.0927,3949843335.32,binance
2021-05-30,34605.15,36488.0,33379.0,35641.27,73535.387,2601994948.15,binance
2021-05-31,35641.26,37499.0,34153.84,37253.81,94160.7353,3406047734.83,binance
2021-06-01,37253.82,37894.81,35666.0,36693.09,81234.6638,2973928300.38,binance
2021-06-02,36694.85,38225.0,35920.0,37568.68,67587.3725,2523462575.69,binance
2021-06-03,37568.68,39476.0,37170.0,39246.79,75889.106,2930945325.71,binance
2021-06-04,39246.78,39289.07,35555.15,36829.0,91317.7992,3379399754.93,binance
2021-06-05,36829.15,37925.0,34800.0,35513.2,70459.6215,2560547116.84,binance
2021-06-06,35516.07,36480.0,35222.0,35796.31,47650.2066,1711857075.05,binance
2021-06-07,35796.31,36900.0,33300.0,33552.79,77574.9526,2755673601.71,binance
2021-06-08,33556.96,34068.01,31000.0,33380.81,123251.189,4030784324.61,binance
2021-06-09,33380.8,37534.79,32396.82,37388.05,136607.5975,4794741674.44,binance
2021-06-10,37388.05,38491.0,35782.0,36675.72,109527.2849,4062957162.36,binance
2021-06-11,36677.83,37680.4,35936.77,37331.98,78466.0053,2903043643.31,binance
2021-06-12,37331.98,37463.63,34600.36,35546.11,87717.55,3132387326.54,binance
2021-06-13,35546.12,39380.0,34757.0,39020.57,86921.0256,3208991521.64,binance
2021-06-14,39020.56,41064.05,38730.0,40516.29,108522.3919,4320307646.77,binance
2021-06-15,40516.28,41330.0,39506.4,40144.04,80679.6228,3247746713.63,binance
2021-06-16,40143.8,40527.14,38116.01,38349.01,87771.9769,3450556041.6,binance
2021-06-17,38349.0,39559.88,37365.0,38092.97,79541.3071,3065622530.04,binance
2021-06-18,38092.97,38202.84,35129.29,35819.84,95228.0429,3507868126.31,binance
2021-06-19,35820.48,36457.0,34803.52,35483.72,68712.4495,2453817534.78,binance
2021-06-20,35483.72,36137.72,33336.0,35600.16,89878.1708,3124634336.84,binance
2021-06-21,35600.17,35750.0,31251.23,31608.93,168778.8732,5545926077.79,binance
2021-06-22,31614.12,33298.78,28805.0,32509.56,204208.1798,6406159197.08,binance
2021-06-23,32509.56,34881.0,31683.0,33678.07,126966.1006,4282250433.92,binance
2021-06-24,33675.07,35298.0,32286.57,34663.09,86625.8043,2925373222.11,binance
2021-06-25,34663.08,35500.0,31275.0,31584.45,116061.1304,3846120542.66,binance
2021-06-26,31576.09,32730.0,30151.0,32283.65,107820.3753,3376415451.79,binance
2021-06-27,32283.65,34749.0,31973.45,34700.34,96613.2442,3199980157.75,binance
2021-06-28,34702.49,35297.71,33862.72,34494.89,82222.2678,2837122779.52,binance
2021-06-29,34494.89,36600.0,34225.43,35911.73,90788.7962,3233947791.86,binance
2021-06-30,35911.72,36100.0,34017.55,35045.0,77152.1976,2688939291.1,binance
2021-07-01,35045.0,35057.57,32711.0,33504.69,71708.2661,2410809595.39,binance
2021-07-02,33502.33,33977.04,32699.0,33786.55,56172.1814,1870193042.39,binance
2021-07-03,33786.54,34945.61,33316.73,34669.13,43044.5786,1478423023.5,binance
2021-07-04,34669.12,35967.85,34357.15,35286.51,43703.4758,1544458212.39,binance
2021-07-05,35288.13,35293.78,33125.55,33690.14,64123.8742,2183406257.49,binance
2021-07-06,33690.15,35118.88,33532.0,34220.01,58210.5963,1991691100.95,binance
2021-07-07,34220.02,35059.09,33777.77,33862.12,53807.5217,1857658028.48,binance
2021-07-08,33862.11,33929.64,32077.0,32875.71,70136.4803,2304973020.3,binance
2021-07-09,32875.71,34100.0,32261.07,33815.81,47153.9399,1562958239.39,binance
2021-07-10,33815.81,34262.0,33004.78,33502.87,34761.1755,1171790111.08,binance
2021-07-11,33502.87,34666.0,33306.47,34258.99,31572.6474,1070033013.19,binance
2021-07-12,34259.0,34678.43,32658.34,33086.63,48181.4038,1620646741.33,binance
2021-07-13,33086.94,33340.0,32202.25,32729.77,41126.361,1348583017.01,binance
2021-07-14,32729.12,33114.03,31550.0,32820.02,46777.8235,1515692074.99,binance
2021-07-15,32820.03,33185.25,31133.0,31880.0,51639.5764,1652077965.44,binance
2021-07-16,31874.49,32249.18,31020.0,31383.87,48499.8642,1538342711.58,binance
2021-07-17,31383.86,31955.92,31164.31,31520.07,34012.2421,1072815966.34,binance
2021-07-18,31520.07,32435.0,31108.97,31778.56,35923.7162,1140964365.65,binance
2021-07-19,31778.57,31899.0,30407.44,30839.65,47340.4685,1470563281.94,binance
2021-07-20,30839.65,31063.07,29278.0,29790.35,61034.049,1821230700.02,binance
2021-07-21,29790.34,32858.0,29482.61,32144.51,82796.2651,2603140706.08,binance
2021-07-22,32144.51,32591.35,31708.0,32287.83,46148.0924,1482763544.95,binance
2021-07-23,32287.58,33650.0,31924.32,33634.09,50112.8636,1631947003.07,binance
2021-07-24,33634.1,34500.0,33401.14,34258.14,47977.5501,1625046258.44,binance
2021-07-25,34261.51,35398.0,33851.12,35381.02,47852.9283,1646935552.81,binance
2021-07-26,35381.02,40550.0,35205.78,37237.6,152452.5127,5832475057.07,binance
2021-07-27,37241.33,39542.61,36383.0,39457.87,88397.267,3335658262.0,binance
2021-07-28,39456.61,40900.0,38772.0,40019.56,101344.5284,4040889461.66,binance
2021-07-29,40019.57,40640.0,39200.0,40016.48,53998.4393,2154190697.35,binance
2021-07-30,40018.49,42316.71,38313.23,42206.37,73602.7848,2939833541.38,binance
2021-07-31,42206.36,42448.0,41000.15,41461.83,44849.791,1868285510.88,binance
2021-08-01,41461.84,42599.0,39422.01,39845.44,53953.1863,2227567271.49,binance
2021-08-02,39850.27,40480.01,38690.0,39147.82,50837.352,2010928003.59,binance
2021-08-03,39146.86,39780.0,37642.03,38207.05,57117.4359,2195360658.57,binance
2021-08-04,38207.04,39969.66,37508.56,39723.18,52329.3524,2028792778.18,binance
2021-08-05,39723.17,41350.0,37332.7,40862.46,84343.7556,3314527738.34,binance
2021-08-06,40862.46,43392.43,39853.86,42836.87,75753.9413,3148022459.92,binance
2021-08-07,42836.87,44700.0,42446.41,44572.54,73396.7408,3197407326.04,binance
2021-08-08,44572.54,45310.0,43261.0,43794.37,69329.0927,3074924734.88,binance
2021-08-09,43794.36,46454.15,42779.0,46253.4,74587.8848,3362870286.26,binance
2021-08-10,46248.87,46700.0,44589.46,45584.99,53814.6434,2452485823.93,binance
2021-08-11,45585.0,46743.47,45341.14,45511.0,52734.902,2432788769.83,binance
2021-08-12,45510.67,46218.12,43770.0,44399.0,55266.1088,2478758524.86,binance
2021-08-13,44400.06,47886.0,44217.39,47800.0,48239.3704,2239435701.12,binance
2021-08-14,47799.99,48144.0,45971.03,47068.51,46114.359,2166461458.67,binance
2021-08-15,47068.5,47372.27,45500.0,46973.82,42110.7113,1950753713.21,binance
2021-08-16,46973.82,48053.83,45660.0,45901.29,52480.574,2462127629.61,binance
2021-08-17,45901.3,47160.0,44376.0,44695.95,57039.3416,2616339597.92,binance
2021-08-18,44695.95,46000.0,44203.28,44705.29,54099.416,2439673265.95,binance
2021-08-19,44699.37,47033.0,43927.7,46760.62,53411.7539,2416320067.13,binance
2021-08-20,46760.62,49382.99,46622.99,49322.47,56850.3522,2721131744.28,binance
2021-08-21,49322.47,49757.04,48222.0,48821.87,46745.1366,2290966131.38,binance
2021-08-22,48821.88,49500.0,48050.0,49239.22,37007.8878,1807169840.17,binance
2021-08-23,49239.22,50500.0,49029.0,49488.85,52462.542,2616721363.69,binance
2021-08-24,49488.85,49860.0,47600.0,47674.01,51014.5947,2486079315.56,binance
2021-08-25,47674.01,49264.3,47126.28,48973.32,44655.8303,2149442271.53,binance
2021-08-26,48973.32,49352.84,46250.0,46843.87,49371.2778,2333900030.23,binance
2021-08-27,46843.86,49149.93,46348.0,49069.9,42068.105,2007071230.22,binance
2021-08-28,49069.9,49299.0,48346.88,48895.35,26681.0638,1303966035.77,binance
2021-08-29,48895.35,49632.27,47762.54,48767.83,32652.2835,1588661416.36,binance
2021-08-30,48767.84,48888.61,46853.0,46982.91,40288.3508,1932344430.92,binance
2021-08-31,46982.91,48246.11,46700.0,47100.89,48645.5274,2303799571.38,binance
2021-09-01,47100.89,49156.0,46512.0,48810.52,49904.6553,2386074445.42,binance
2021-09-02,48810.51,50450.13,48584.06,49246.64,54410.7705,2704192314.67,binance
2021-09-03,49246.63,51000.0,48316.84,49999.14,59025.6442,2949574478.07,binance
2021-09-04,49998.0,50535.69,49370.0,49915.64,34664.6596,1733527136.44,binance
2021-09-05,49917.54,51900.0,49450.0,51756.88,40544.8359,2049212025.84,binance
2021-09-06,51756.88,52780.0,50969.33,52663.9,49249.6671,2549290983.06,binance
2021-09-07,52666.2,52920.0,42843.05,46863.73,123048.8027,6004105772.87,binance
2021-09-08,46868.57,47340.99,44412.02,46048.31,65069.3152,3000605793.94,binance
2021-09-09,46048.31,47399.97,45513.08,46395.14,50651.66,2351862983.52,binance
2021-09-10,46395.14,47033.0,44132.29,44850.91,49048.2662,2243698626.04,binance
2021-09-11,44842.2,45987.93,44722.22,45173.69,30440.4081,1380370764.01,binance
2021-09-12,45173.68,46460.0,44742.06,46025.24,32094.2805,1464780920.22,binance
2021-09-13,46025.23,46880.0,43370.0,44940.73,65429.1506,2930668118.26,binance
2021-09-14,44940.72,47250.0,44594.44,47111.52,44855.851,2072259519.06,binance
2021-09-15,47103.28,48500.0,46682.32,48121.41,43204.7117,2056996398.84,binance
2021-09-16,48121.4,48557.0,47021.1,47737.82,40725.089,1948447232.91,binance
2021-09-17,47737.81,48150.0,46699.56,47299.98,34461.9278,1637122049.41,binance
2021-09-18,47299.98,48843.2,47035.56,48292.74,30906.4704,1491461627.95,binance
2021-09-19,48292.75,48372.83,46829.18,47241.75,29847.2435,1421642879.49,binance
2021-09-20,47241.75,47347.25,42500.0,43015.62,78003.5244,3457139274.3,binance
2021-09-21,43016.64,43639.0,39600.0,40734.38,84534.0805,3551997786.69,binance
2021-09-22,40734.09,44000.55,40565.39,43543.61,58349.0554,2482639471.91,binance
2021-09-23,43546.37,44978.0,43069.09,44865.26,48699.5766,2147211305.48,binance
2021-09-24,44865.26,45200.0,40675.0,42810.57,84113.4263,3596718231.05,binance
2021-09-25,42810.58,42966.84,41646.28,42670.64,33594.5719,1428238748.21,binance
2021-09-26,42670.63,43950.0,40750.0,43160.9,49879.9976,2124657079.28,binance
2021-09-27,43160.9,44350.0,42098.0,42147.35,39776.8438,1728912299.8,binance
2021-09-28,42147.35,42787.38,40888.0,41026.54,43372.2624,1816305387.84,binance
2021-09-29,41025.01,42590.0,40753.88,41524.28,33511.5349,1399625476.06,binance
2021-09-30,41524.29,44141.37,41410.17,43824.1,46381.2278,2005486003.56,binance
2021-10-01,43820.01,48495.0,43283.03,48141.61,66244.8749,3076094886.59,binance
2021-10-02,48141.6,48336.59,47430.18,47634.9,30508.9813,1459064880.53,binance
2021-10-03,47634.89,49228.08,47088.0,48200.01,30825.056,1482764462.19,binance
2021-10-04,48200.01,49536.12,46891.0,49224.94,46796.4937,2258464361.13,binance
2021-10-05,49224.93,51886.3,49022.4,51471.99,52125.6679,2618101829.02,binance
2021-10-06,51471.99,55750.0,50382.41,55315.0,79877.5452,4236927265.38,binance
2021-10-07,55315.0,55332.31,53357.0,53785.22,54917.3777,2983143121.09,binance
2021-10-08,53785.22,56100.0,53617.61,53951.43,46160.2578,2522087625.09,binance
2021-10-09,53955.67,55489.0,53661.67,54949.72,55177.0801,3024862790.7,binance
2021-10-10,54949.72,56561.31,54080.0,54659.0,89237.8361,4923958325.39,binance
2021-10-11,54659.01,57839.04,54415.06,57471.35,52933.1658,2994673617.72,binance
2021-10-12,57471.35,57680.0,53879.0,55996.93,53471.2855,3017210682.89,binance
2021-10-13,55996.91,57777.0,54167.19,57367.0,55808.4449,3123307687.48,binance
2021-10-14,57370.83,58532.54,56818.05,57347.94,43053.3368,2481915791.59,binance
2021-10-15,57347.94,62933.0,56850.0,61672.42,82512.908,4959389368.73,binance
2021-10-16,61672.42,62378.42,60150.0,60875.57,35467.881,2173374058.81,binance
2021-10-17,60875.57,61718.39,58963.0,61528.33,39099.2412,2371696294.8,binance
2021-10-18,61528.32,62695.78,59844.45,62009.84,51798.4484,3195091233.42,binance
2021-10-19,62005.6,64486.0,61322.22,64280.59,53628.1077,3370863940.27,binance
2021-10-20,64280.59,67000.0,63481.4,66001.41,51428.9349,3362878816.4,binance
2021-10-21,66001.4,66639.74,62000.0,62193.15,68538.6454,4407757970.88,binance
2021-10-22,62193.15,63732.39,60000.0,60688.22,52119.3589,3229377744.31,binance
2021-10-23,60688.23,61747.64,59562.15,61286.75,27626.9368,1686121722.22,binance
2021-10-24,61286.75,61500.0,59510.63,60852.22,31226.5768,1889694558.95,binance
2021-10-25,60852.22,63710.63,60650.0,63078.78,36853.8381,2309339650.11,binance
2021-10-26,63078.78,63293.48,59817.55,60328.81,40217.5008,2492606133.32,binance
2021-10-27,60328.81,61496.0,58000.0,58413.44,62124.4902,3688306192.97,binance
2021-10-28,58413.44,62499.0,57820.0,60575.89,61056.353,3677629851.06,binance
2021-10-29,60575.9,62980.0,60174.81,62253.71,43973.9041,2706090987.31,binance
2021-10-30,62253.7,62359.25,60673.0,61859.19,31478.1257,1937860260.44,binance
2021-10-31,61859.19,62405.3,59945.36,61299.8,39267.6379,2396556477.34,binance
2021-11-01,61299.81,62437.74,59405.0,60911.11,44687.6667,2737282804.74,binance
2021-11-02,60911.12,64270.0,60624.68,63219.99,46368.2841,2909221038.4,binance
2021-11-03,63220.57,63500.0,60382.76,62896.48,43336.0905,2713389500.47,binance
2021-11-04,62896.49,63086.31,60677.01,61395.01,35930.9331,2218138026.7,binance
2021-11-05,61395.01,62595.72,60721.0,60937.12,31604.4875,1943346371.47,binance
2021-11-06,60940.18,61560.49,60050.0,61470.61,25590.5741,1556774943.55,binance
2021-11-07,61470.62,63286.35,61322.78,63273.59,25515.6883,1585744720.2,binance
2021-11-08,63273.58,67789.0,63273.58,67525.83,54442.0946,3575716171.04,binance
2021-11-09,67525.82,68524.25,66222.4,66947.66,44661.3781,3014326962.09,binance
2021-11-10,66947.67,69000.0,62822.9,64882.43,65171.504,4335575752.81,binance
2021-11-11,64882.42,65600.07,64100.0,64774.26,37237.9806,2415537333.58,binance
2021-11-12,64774.25,65450.7,62278.0,64122.23,44490.1082,2844286547.5,binance
2021-11-13,64122.22,65000.0,63360.22,64380.0,22504.9738,1442441613.6,binance
2021-11-14,64380.01,65550.51,63576.27,65519.1,25705.0735,1658473781.29,binance
2021-11-15,65519.11,66401.82,63400.0,63606.74,37829.3712,2460915922.88,binance
2021-11-16,63606.73,63617.31,58574.07,60058.87,77455.1561,4705744041.3,binance
2021-11-17,60058.87,60840.23,58373.0,60344.87,46289.3849,2767802055.2,binance
2021-11-18,60344.86,60976.0,56474.26,56891.62,62146.9993,3644824179.14,binance
2021-11-19,56891.62,58320.0,55600.0,58052.24,50715.8873,2896189975.91,binance
2021-11-20,58057.1,59845.0,57353.0,59707.51,33811.5901,1982718831.16,binance
2021-11-21,59707.52,60029.76,58486.65,58622.02,31902.2278,1886578154.52,binance
2021-11-22,58617.7,59444.0,55610.0,56247.18,51724.3205,2968622334.14,binance
2021-11-23,56243.83,58009.99,55317.0,57541.27,49917.8502,2837210673.49,binance
2021-11-24,57541.26,57735.0,55837.0,57138.29,39612.0496,2246374244.33,binance
2021-11-25,57138.29,59398.9,57000.0,58960.36,42153.5152,2455658857.7,binance
2021-11-26,58960.37,59150.0,53500.0,53726.53,65927.8707,3649353860.43,binance
2021-11-27,53723.72,55280.0,53610.0,54721.03,29716.9996,1623173123.49,binance
2021-11-28,54716.47,57445.05,53256.64,57274.88,36163.7137,1982198373.53,binance
2021-11-29,57274.89,58865.97,56666.67,57776.25,40125.2801,2313371348.11,binance
2021-11-30,57776.25,59176.99,55875.55,56950.56,49161.0519,2823644073.02,binance
2021-12-01,56950.56,59053.55,56458.01,57184.07,44956.6366,2584928714.08,binance
2021-12-02,57184.07,57375.47,55777.77,56480.34,37574.0598,2127110102.11,binance
2021-12-03,56484.26,57600.0,51680.0,53601.05,58927.6903,3246198505.95,binance
2021-12-04,53601.05,53859.1,42000.3,49152.47,114203.3737,5495712061.98,binance
2021-12-05,49152.46,49699.05,47727.21,49396.33,45580.8201,2231486105.84,binance
2021-12-06,49396.32,50891.11,47100.0,50441.92,58571.2158,2851528919.18,binance
2021-12-07,50441.91,51936.33,50039.74,50588.95,38253.4688,1950573500.21,binance
2021-12-08,50588.95,51200.0,48600.0,50471.19,38425.9247,1925458787.11,binance
2021-12-09,50471.19,50797.76,47320.0,47545.59,37692.6867,1841474998.9,binance
2021-12-10,47535.9,50125.0,46852.0,47140.54,44233.5739,2135023722.85,binance
2021-12-11,47140.54,49485.71,46751.0,49389.99,28889.1936,1397524635.58,binance
2021-12-12,49389.99,50777.0,48638.0,50053.9,26017.9342,1292315883.62,binance
2021-12-13,50053.9,50189.97,45672.75,46702.75,50869.5209,2423888500.79,binance
2021-12-14,46702.76,48700.41,46290.0,48343.28,39955.9845,1887427362.47,binance
2021-12-15,48336.95,49500.0,46547.0,48864.98,51629.181,2487012309.09,binance
2021-12-16,48864.98,49436.43,47511.0,47632.38,31949.8674,1551200654.05,binance
2021-12-17,47632.38,47995.96,45456.0,46131.2,43104.4887,2015966349.52,binance
2021-12-18,46133.83,47392.37,45500.0,46834.48,25020.0527,1165205135.7,binance
2021-12-19,46834.47,48300.01,46406.91,46681.23,29305.7066,1384958598.36,binance
2021-12-20,46681.24,47537.57,45558.85,46914.16,35848.5061,1663363117.83,binance
2021-12-21,46914.17,49328.96,46630.0,48889.88,37713.9292,1827234149.06,binance
2021-12-22,48887.59,49576.13,48421.87,48588.16,27004.2022,1322418595.33,binance
2021-12-23,48588.17,51375.0,47920.42,50838.81,35192.5405,1738129830.78,binance
2021-12-24,50838.82,51810.0,50384.43,50820.0,31684.8427,1618089927.28,binance
2021-12-25,50819.99,51156.23,50142.32,50399.66,19135.5161,971491029.13,binance
2021-12-26,50399.67,51280.0,49412.0,50775.49,22569.8891,1132200241.56,binance
2021-12-27,50775.48,52088.0,50449.0,50701.44,28792.2157,1472065236.01,binance
2021-12-28,50701.44,50704.05,47313.01,47543.74,45853.3392,2242102220.93,binance
2021-12-29,47543.74,48139.08,46096.99,46464.66,39498.87,1873785571.27,binance
2021-12-30,46464.66,47900.0,45900.0,47120.87,30352.2957,1428755720.45,binance
2021-12-31,47120.88,48548.26,45678.0,46216.93,34937.998,1650715977.92,binance
2022-01-01,46216.93,47954.63,46208.37,47722.65,19604.4632,924155159.58,binance
2022-01-02,47722.66,47990.0,46654.0,47286.18,18340.4604,866610995.56,binance
2022-01-03,47286.18,47570.0,45696.0,46446.1,27662.0771,1292203508.33,binance
2022-01-04,46446.1,47557.54,45500.0,45832.01,35491.4136,1649170424.13,binance
2022-01-05,45832.01,47070.0,42500.0,43451.13,51784.1186,2334288544.65,binance
2022-01-06,43451.14,43816.0,42430.58,43082.31,38880.373,1674466154.44,binance
2022-01-07,43082.3,43145.83,40610.0,41566.48,54836.5082,2293851015.47,binance
2022-01-08,41566.48,42300.0,40501.0,41679.74,32952.7311,1367233494.83,binance
2022-01-09,41679.74,42786.7,41200.02,41864.62,22724.3943,952830064.51,binance
2022-01-10,41864.62,42248.5,39650.0,41822.49,50729.1702,2088111339.51,binance
2022-01-11,41822.49,43100.0,41268.93,42729.29,37296.4373,1574803608.96,binance
2022-01-12,42729.29,44322.0,42450.0,43902.66,33943.2928,1470906437.71,binance
2022-01-13,43902.65,44500.0,42311.22,42560.11,34910.8776,1515944525.5,binance
2022-01-14,42558.35,43448.78,41725.95,43059.96,32640.8829,1392000443.35,binance
2022-01-15,43059.96,43800.0,42555.0,43084.29,21936.0562,946488263.55,binance
2022-01-16,43084.29,43475.0,42581.79,43071.66,20602.3527,887203134.05,binance
2022-01-17,43071.66,43176.18,41540.42,42201.62,27562.0861,1169381684.47,binance
2022-01-18,42201.63,42691.0,41250.0,42352.12,29324.0826,1228459687.4,binance
2022-01-19,42352.12,42559.13,41138.56,41660.01,31685.7216,1327478459.16,binance
2022-01-20,41660.0,43505.0,40553.31,40680.91,42330.3395,1784801200.4,binance
2022-01-21,40680.92,41100.0,35440.45,36445.31,88860.892,3405501703.22,binance
2022-01-22,36445.31,36835.22,34008.0,35071.42,90471.339,3207531048.03,binance
2022-01-23,35071.42,36499.0,34601.01,36244.55,44279.5235,1572414639.04,binance
2022-01-24,36244.55,37550.0,32917.17,36660.35,91904.7532,3192041586.1,binance
2022-01-25,36660.35,37545.14,35701.0,36958.32,49232.4018,1799224214.5,binance
2022-01-26,36958.32,38919.98,36234.63,36809.34,69830.1604,2627491976.69,binance
2022-01-27,36807.24,37234.47,35507.01,37160.1,53020.8793,1925920128.34,binance
2022-01-28,37160.11,38000.0,36155.01,37716.56,42154.2696,1560203931.22,binance
2022-01-29,37716.57,38720.74,37268.44,38166.84,26129.4968,989652387.0,binance
2022-01-30,38166.83,38359.26,37351.63,37881.76,21430.6653,812750216.6,binance
2022-01-31,37881.75,38744.0,36632.61,38466.9,36855.2458,1386754529.03,binance
2022-02-01,38466.9,39265.2,38000.0,38694.59,34574.4466,1334266166.71,binance
2022-02-02,38694.59,38855.92,36586.95,36896.36,35794.6813,1353093948.98,binance
2022-02-03,36896.37,37387.0,36250.0,37311.61,32081.11,1179502838.66,binance
2022-02-04,37311.98,41772.33,37026.73,41574.25,64703.9587,2526572562.06,binance
2022-02-05,41571.7,41913.69,40843.01,41382.59,32532.3437,1349805515.93,binance
2022-02-06,41382.6,42656.0,41116.56,42380.87,22405.167,934168802.88,binance
2022-02-07,42380.87,44500.5,41645.85,43839.99,51060.6201,2204523609.9,binance
2022-02-08,43839.99,45492.0,42666.0,44042.99,64880.2939,2847485971.5,binance
2022-02-09,44043.0,44799.0,43117.92,44372.72,34428.1673,1512500139.14,binance
2022-02-10,44372.71,45821.0,43174.01,43495.44,62357.2909,2772188373.22,binance
2022-02-11,43495.44,43920.0,41938.51,42373.73,44975.1687,1937866768.51,binance
2022-02-12,42373.73,43079.49,41688.88,42217.87,26556.8568,1123136004.72,binance
2022-02-13,42217.87,42760.0,41870.0,42053.66,17732.0811,750533311.65,binance
2022-02-14,42053.65,42842.4,41550.56,42535.94,34010.1306,1436927831.44,binance
2022-02-15,42535.94,44751.4,42427.03,44544.86,38095.1958,1672855933.63,binance
2022-02-16,44544.85,44549.97,43307.0,43873.56,28471.8727,1250973502.3,binance
2022-02-17,43873.56,44164.71,40073.21,40515.7,47245.9949,1993400162.95,binance
2022-02-18,40515.71,40959.88,39450.0,39974.44,43845.9224,1765622365.95,binance
2022-02-19,39974.45,40444.32,39639.03,40079.17,18042.0551,721960636.06,binance
2022-02-20,40079.17,40125.44,38000.0,38386.89,33439.2901,1293216601.45,binance
2022-02-21,38386.89,39494.35,36800.0,37008.16,62347.685,2382027320.86,binance
2022-02-22,37008.16,38429.0,36350.0,38230.33,53785.9459,2010628230.75,binance
2022-02-23,38230.33,39249.93,37036.79,37250.01,43560.732,1665486687.24,binance
2022-02-24,37250.02,39843.0,34322.28,38327.21,120476.2946,4335107392.01,binance
2022-02-25,38328.68,39683.53,38014.37,39219.17,56574.5712,2197889580.28,binance
2022-02-26,39219.16,40348.45,38573.18,39116.72,29361.2568,1152621719.69,binance
2022-02-27,39116.73,39855.7,37000.0,37699.07,46229.4472,1780512702.89,binance
2022-02-28,37699.08,44225.84,37450.17,43160.0,73945.6386,2975160226.17,binance
2022-03-01,43160.0,44949.0,42809.98,44421.2,61743.0987,2701611023.69,binance
2022-03-02,44421.2,45400.0,43334.09,43892.98,57782.6508,2550792948.29,binance
2022-03-03,43892.99,44101.12,41832.28,42454.0,50940.6102,2192152097.93,binance
2022-03-04,42454.0,42527.3,38550.0,39148.66,61964.685,2527001270.72,binance
2022-03-05,39148.65,39613.24,38407.59,39397.96,30363.1334,1187689935.09,binance
2022-03-06,39397.97,39693.87,38088.57,38420.81,39677.2616,1542258009.63,binance
2022-03-07,38420.8,39547.57,37155.0,37988.0,63994.1156,2449362161.7,binance
2022-03-08,37988.01,39362.08,37867.65,38730.63,55583.0664,2149652714.8,binance
2022-03-09,38730.63,42594.06,38656.45,41941.71,67392.588,2797240840.96,binance
2022-03-10,41941.7,42039.63,38539.73,39422.0,71962.9315,2854310740.81,binance
2022-03-11,39422.01,40236.26,38223.6,38729.57,59018.7642,2305825015.6,binance
2022-03-12,38729.57,39486.71,38660.52,38807.36,24034.3643,939663387.31,binance
2022-03-13,38807.35,39310.0,37578.51,37777.34,32791.8236,1268441605.19,binance
2022-03-14,37777.35,39947.12,37555.0,39671.37,46945.4538,1821922588.45,binance
2022-03-15,39671.37,39887.61,38098.33,39280.33,46015.5493,1796571984.46,binance
2022-03-16,39280.33,41718.0,38828.48,41114.0,88120.7617,3552563766.37,binance
2022-03-17,41114.01,41478.82,40500.0,40917.9,37189.3809,1521083189.71,binance
2022-03-18,40917.89,42325.02,40135.04,41757.51,45408.0097,1862337033.48,binance
2022-03-19,41757.51,42400.0,41499.29,42201.13,29067.1811,1216709156.44,binance
2022-03-20,42201.13,42296.26,40911.0,41262.11,30653.3347,1273880705.25,binance
2022-03-21,41262.11,41544.22,40467.94,41002.25,39426.2488,1618789548.07,binance
2022-03-22,41002.26,43361.0,40875.51,42364.13,59454.9429,2525975507.8,binance
2022-03-23,42364.13,43025.96,41751.47,42882.76,40828.8704,1725787170.58,binance
2022-03-24,42882.76,44220.89,42560.46,43991.46,56195.1237,2436258223.62,binance
2022-03-25,43991.46,45094.14,43579.0,44313.16,54614.4365,2421153187.66,binance
2022-03-26,44313.16,44792.99,44071.97,44511.27,23041.6174,1022802857.61,binance
2022-03-27,44511.27,46999.0,44421.46,46827.76,41874.9107,1907019662.34,binance
2022-03-28,46827.76,48189.84,46663.56,47122.21,58949.2614,2789898402.62,binance
2022-03-29,47122.21,48096.47,46950.85,47434.8,36772.2846,1748600385.45,binance
2022-03-30,47434.79,47700.22,46445.42,47067.99,40947.2085,1932152559.88,binance
2022-03-31,47067.99,47600.0,45200.0,45510.34,48645.1267,2262485160.57,binance
2022-04-01,45510.35,46720.09,44200.0,46283.49,56271.0647,2556532890.87,binance
2022-04-02,46283.49,47213.0,45620.0,45811.0,37073.5358,1721690754.44,binance
2022-04-03,45810.99,47444.11,45530.92,46407.35,33394.6779,1550999693.05,binance
2022-04-04,46407.36,46890.71,45118.0,46580.51,44641.8751,2053434523.87,binance
2022-04-05,46580.5,47200.0,45353.81,45497.55,42192.7485,1951668192.93,binance
2022-04-06,45497.54,45507.14,43121.0,43170.47,60849.3294,2700644700.89,binance
2022-04-07,43170.47,43900.99,42727.35,43444.19,37396.5416,1623879486.66,binance
2022-04-08,43444.2,43970.62,42107.14,42252.01,42375.042,1830699971.61,binance
2022-04-09,42252.02,42800.0,42125.48,42753.97,17891.6605,759274586.61,binance
2022-04-10,42753.96,43410.3,41868.0,42158.85,22771.094,971459737.5,binance
2022-04-11,42158.85,42414.71,39200.0,39530.45,63560.4472,2602039073.02,binance
2022-04-12,39530.45,40699.0,39254.63,40074.94,57751.0178,2309514071.59,binance
2022-04-13,40074.95,41561.31,39588.54,41147.79,41342.2725,1677171454.09,binance
2022-04-14,41147.78,41500.0,39551.94,39942.38,36807.014,1494726286.02,binance
2022-04-15,39942.37,40870.36,39766.4,40551.9,24026.3574,966888436.82,binance
2022-04-16,40551.9,40709.35,39991.55,40378.71,15805.4472,638275503.91,binance
2022-04-17,40378.7,40595.67,39546.17,39678.12,19988.4926,803414248.98,binance
2022-04-18,39678.11,41116.73,38536.51,40801.13,54243.4958,2153574975.91,binance
2022-04-19,40801.13,41760.0,40571.0,41493.18,35788.8584,1472363265.36,binance
2022-04-20,41493.19,42199.0,40820.0,41358.19,40877.3504,1697039284.09,binance
2022-04-21,41358.19,42976.0,39751.0,40480.01,59316.2766,2476061417.89,binance
2022-04-22,40480.01,40795.06,39177.0,39709.18,46664.0196,1870172362.4,binance
2022-04-23,39709.19,39980.0,39285.0,39441.6,20291.4238,804677022.91,binance
2022-04-24,39441.61,39940.0,38929.62,39450.13,26703.6119,1056336243.02,binance
2022-04-25,39450.12,40616.0,38200.0,40426.08,63037.1278,2470071005.24,binance
2022-04-26,40426.08,40797.31,37702.26,38112.65,66650.258,2615206861.83,binance
2022-04-27,38112.64,39474.72,37881.31,39235.72,57083.1227,2218523642.43,binance
2022-04-28,39235.72,40372.63,38881.43,39742.07,56086.6715,2223808385.81,binance
2022-04-29,39742.06,39925.25,38175.0,38596.11,51453.6572,2006135662.86,binance
2022-04-30,38596.11,38795.38,37578.2,37630.8,35321.1899,1354900532.13,binance
2022-05-01,37630.8,38675.0,37386.38,38468.35,38812.241,1478259271.91,binance
2022-05-02,38468.35,39167.34,38052.0,38525.16,53200.9263,2058450718.3,binance
2022-05-03,38525.16,38651.51,37517.8,37728.95,40316.4536,1539320434.26,binance
2022-05-04,37728.95,40023.77,37670.0,39690.0,62574.6174,2438553987.45,binance
2022-05-05,39690.0,39845.51,35571.9,36552.97,88722.4336,3329684235.96,binance
2022-05-06,36552.97,36675.63,35258.0,36013.77,68437.8019,2466507512.18,binance
2022-05-07,36013.77,36146.3,34785.0,35472.39,34281.7068,1222539413.64,binance
2022-05-08,35472.4,35514.22,33713.95,34038.4,72445.6434,2498365159.99,binance
2022-05-09,34038.39,34243.15,30033.33,30076.31,191876.9264,6166367111.28,binance
2022-05-10,30074.23,32658.99,29730.4,31017.1,165532.0031,5179856929.48,binance
2022-05-11,31017.11,32162.59,27785.0,29103.94,207063.7393,6300295994.55,binance
2022-05-12,29103.94,30243.0,26700.0,29029.75,204507.2631,5795451310.95,binance
2022-05-13,29029.74,31083.37,28751.67,29287.05,97872.3696,2956855804.86,binance
2022-05-14,29287.05,30343.27,28630.0,30086.74,51095.8786,1501483453.5,binance
2022-05-15,30086.74,31460.0,29480.0,31328.89,46275.6691,1401499926.23,binance
2022-05-16,31328.89,31328.9,29087.04,29874.01,73082.1966,2185567735.68,binance
2022-05-17,29874.01,30788.37,29450.38,30444.93,56724.1331,1715109131.08,binance
2022-05-18,30444.93,30709.99,28654.47,28715.32,59749.158,1762843836.13,binance
2022-05-19,28715.33,30545.18,28691.38,30319.23,67877.3641,2014360135.79,binance
2022-05-20,30319.22,30777.33,28730.0,29201.01,60517.2532,1800589029.27,binance
2022-05-21,29201.01,29656.18,28947.28,29445.06,20987.1312,616194663.98,binance
2022-05-22,29445.07,30487.99,29255.11,30293.94,36158.9875,1082530816.02,binance
2022-05-23,30293.93,30670.51,28866.35,29109.15,63901.4993,1914305818.07,binance
2022-05-24,29109.14,29845.86,28669.0,29654.58,59442.9604,1740257602.31,binance
2022-05-25,29654.58,30223.74,29294.21,29542.15,59537.3866,1771708175.07,binance
2022-05-26,29542.14,29886.64,28019.56,29201.35,94581.6546,2759055410.4,binance
2022-05-27,29201.35,29397.66,28282.9,28629.8,90998.5201,2626515958.5,binance
2022-05-28,28629.81,29266.0,28450.0,29031.33,34479.3513,994674257.57,binance
2022-05-29,29031.33,29587.78,28839.21,29468.1,27567.3476,804777532.65,binance
2022-05-30,29468.1,32222.0,29299.62,31734.22,96785.9476,2980527582.47,binance
2022-05-31,31734.23,32399.0,31200.01,31801.04,62433.1163,1981259117.01,binance
2022-06-01,31801.05,31982.97,29301.0,29805.83,103395.6338,3171191028.25,binance
2022-06-02,29805.84,30689.0,29594.55,30452.62,56961.4293,1711652906.19,binance
2022-06-03,30452.63,30699.0,29282.36,29700.21,54067.4473,1615616950.71,binance
2022-06-04,29700.21,29988.88,29485.0,29864.04,25617.9011,760874329.47,binance
2022-06-05,29864.03,30189.0,29531.42,29919.21,23139.9281,691201528.16,binance
2022-06-06,29919.2,31765.64,29890.23,31373.1,68836.9246,2149499896.93,binance
2022-06-07,31373.1,31589.6,29218.96,31125.33,110674.5166,3347397952.73,binance
2022-06-08,31125.32,31327.22,29843.88,30204.77,68542.6128,2087270428.35,binance
2022-06-09,30204.77,30700.0,29944.1,30109.93,46291.1865,1399839073.77,binance
2022-06-10,30109.93,30382.8,28850.0,29091.88,76204.2498,2255866294.49,binance
2022-06-11,29091.87,29440.41,28099.99,28424.7,65901.399,1892007188.08,binance
2022-06-12,28424.71,28544.96,26560.0,26574.53,92474.5988,2551767136.33,binance
2022-06-13,26574.53,26895.84,21925.77,22487.41,254611.035,6192246037.4,binance
2022-06-14,22485.27,23362.88,20846.0,22136.41,187201.6467,4136108699.03,binance
2022-06-15,22136.42,22800.0,20111.62,22583.72,200774.4935,4249276481.26,binance
2022-06-16,22583.72,22995.73,20232.0,20401.31,99673.5943,2130037160.06,binance
2022-06-17,20400.6,21365.43,20246.66,20468.81,86694.3366,1796575392.55,binance
2022-06-18,20468.81,20792.06,17622.0,18970.79,196441.6555,3726639821.7,binance
2022-06-19,18970.79,20815.95,17960.41,20574.0,128320.876,2487561781.54,binance
2022-06-20,20574.0,21090.0,19637.03,20573.89,109028.9415,2220396381.74,binance
2022-06-21,20573.9,21723.0,20348.4,20723.52,104371.0749,2198596137.34,binance
2022-06-22,20723.51,20900.0,19770.51,19987.99,92133.9794,1872204589.24,binance
2022-06-23,19988.0,21233.0,19890.07,21110.13,83127.0872,1710694866.46,binance
2022-06-24,21110.12,21558.41,20736.72,21237.69,77430.3662,1635129191.17,binance
2022-06-25,21237.68,21614.5,20906.62,21491.19,51431.6779,1093873137.97,binance
2022-06-26,21491.18,21888.0,20964.73,21038.07,53278.1046,1139258367.16,binance
2022-06-27,21038.08,21539.85,20510.0,20742.56,64475.0013,1354369225.84,binance
2022-06-28,20742.57,21212.1,20202.01,20281.29,63801.0832,1321862977.93,binance
2022-06-29,20281.28,20432.31,19854.92,20123.01,77309.0438,1556549790.01,binance
2022-06-30,20123.0,20179.08,18626.0,19942.21,93846.6481,1808994369.03,binance
2022-07-01,19942.21,20918.35,18975.0,19279.8,111844.5949,2197016369.97,binance
2022-07-02,19279.8,19467.39,18977.01,19252.81,46180.3021,888415536.87,binance
2022-07-03,19252.82,19647.63,18781.0,19315.83,51087.4663,980255891.4,binance
2022-07-04,19315.83,20354.01,19055.31,20236.71,74814.046,1470987695.52,binance
2022-07-05,20236.71,20750.0,19304.4,20175.83,96041.1376,1919950110.17,binance
2022-07-06,20175.84,20675.22,19761.25,20564.51,82439.5808,1665481948.01,binance
2022-07-07,20564.51,21838.1,20251.68,21624.98,85014.5826,1783224085.72,binance
2022-07-08,21624.99,22527.37,21189.26,21594.75,403081.5735,8781330156.61,binance
2022-07-09,21594.75,21980.0,21322.12,21591.83,178417.8447,3857190523.49,binance
2022-07-10,21592.15,21607.65,20655.0,20862.47,192188.2156,4062794310.27,binance
2022-07-11,20861.11,20868.48,19875.23,19963.61,137535.4072,2813718031.11,binance
2022-07-12,19963.61,20059.42,19240.0,19328.75,139506.4586,2754215439.33,binance
2022-07-13,19331.28,20366.61,18910.94,20234.87,209250.2489,4096306063.8,binance
2022-07-14,20234.87,20900.0,19616.07,20588.84,174809.217,3526210098.29,binance
2022-07-15,20588.84,21200.0,20382.29,20830.04,143343.3049,2984339734.35,binance
2022-07-16,20830.04,21588.94,20478.61,21195.6,121011.6739,2539616922.8,binance
2022-07-17,21195.6,21684.54,20750.01,20798.16,118229.4525,2511251392.58,binance
2022-07-18,20799.58,22777.63,20762.45,22432.58,239942.7313,5263396811.54,binance
2022-07-19,22432.58,23800.0,21579.54,23396.62,263770.7657,5954419902.22,binance
2022-07-20,23398.48,24276.74,22906.19,23223.3,238762.1709,5631801151.22,binance
2022-07-21,23223.3,23442.77,22341.46,23152.19,184817.6819,4232411759.4,binance
2022-07-22,23152.19,23756.49,22500.0,22684.83,171598.4397,3981394766.23,binance
2022-07-23,22684.83,23000.77,21934.57,22451.07,122137.7738,2745262660.68,binance
2022-07-24,22448.58,23014.64,22257.15,22579.68,115189.6728,2610817967.16,binance
2022-07-25,22577.13,22666.0,21250.0,21310.9,180344.7664,3954002948.55,binance
2022-07-26,21310.9,21347.82,20706.5,21254.67,177817.2433,3738774849.36,binance
2022-07-27,21254.67,23112.63,21042.53,22952.45,210971.198,4614909656.7,binance
2022-07-28,22954.31,24199.72,22582.13,23842.93,236029.0741,5511388547.62,binance
2022-07-29,23845.25,24442.66,23414.03,23773.75,198298.5062,4733780641.31,binance
2022-07-30,23777.28,24668.0,23502.25,23643.51,151060.1321,3634601094.97,binance
2022-07-31,23644.64,24194.82,23227.31,23293.32,127743.3248,3028386330.64,binance
2022-08-01,23296.36,23509.68,22850.0,23268.01,144210.1622,3346371889.65,binance
2022-08-02,23266.9,23459.89,22654.37,22987.79,158073.2822,3631020649.23,binance
2022-08-03,22985.93,23647.68,22681.22,22818.37,145948.81,3385430753.81,binance
2022-08-04,22816.91,23223.32,22400.0,22622.98,154854.6702,3537434334.43,binance
2022-08-05,22622.41,23472.86,22586.95,23312.42,175251.6975,4046435951.35,binance
2022-08-06,23313.56,23354.36,22909.52,22954.21,83911.8031,1944693656.71,binance
2022-08-07,22954.21,23402.0,22844.62,23174.39,88890.0088,2051763044.55,binance
2022-08-08,23174.39,24245.0,23154.25,23810.0,170958.4415,4078052110.54,binance
2022-08-09,23810.98,23933.25,22865.0,23149.95,143182.5086,3347110918.91,binance
2022-08-10,23151.32,24226.0,22664.69,23954.05,208916.5495,4918825599.49,binance
2022-08-11,23954.05,24918.54,23852.13,23934.39,249759.7956,6097813762.9,binance
2022-08-12,23933.09,24456.5,23583.0,24403.68,174207.5704,4175834601.86,binance
2022-08-13,24401.7,24888.0,24291.22,24441.38,152852.2544,3751417148.25,binance
2022-08-14,24443.06,25047.56,24144.0,24305.24,151206.1447,3708565144.9,binance
2022-08-15,24305.25,25211.32,23773.22,24094.82,242539.5476,5894066098.52,binance
2022-08-16,24093.04,24247.49,23671.22,23854.74,179324.9482,4294907691.65,binance
2022-08-17,23856.15,24446.71,23180.4,23342.66,210668.6877,4993659434.24,binance
2022-08-18,23342.66,23600.0,23111.04,23191.2,144185.9701,3375338942.26,binance
2022-08-19,23191.45,23208.67,20783.57,20834.39,283995.8775,6181759252.73,binance
2022-08-20,20834.39,21382.85,20761.9,21140.07,183041.6836,3871242921.22,binance
2022-08-21,21140.07,21800.0,21069.11,21515.61,159200.6841,3405034922.81,binance
2022-08-22,21516.7,21548.71,20890.18,21399.83,222222.0453,4721412016.9,binance
2022-08-23,21400.75,21684.87,20890.14,21529.12,200967.7716,4299812533.94,binance
2022-08-24,21529.11,21900.0,21145.0,21368.08,174383.2205,3744196823.56,binance
2022-08-25,21368.05,21819.88,21310.15,21559.04,169915.783,3672148286.6,binance
2022-08-26,21559.04,21886.77,20107.9,20241.05,273811.6196,5785149465.1,binance
2022-08-27,20239.14,20402.93,19800.0,20037.6,162582.4603,3269764074.36,binance
2022-08-28,20037.6,20171.18,19520.0,19555.61,139307.9598,2781133881.05,binance
2022-08-29,19555.61,20433.62,19550.79,20285.73,210509.4954,4211334408.99,binance
2022-08-30,20287.2,20576.25,19540.0,19811.66,256634.3553,5157974826.61,binance
2022-08-31,19813.03,20490.0,19797.94,20050.02,276946.6076,5595829094.39,binance
2022-09-01,20048.44,20208.37,19565.66,20131.46,245289.9726,4893158531.78,binance
2022-09-02,20132.64,20441.26,19755.29,19951.86,245986.6033,4946889819.51,binance
2022-09-03,19950.98,20055.93,19652.72,19831.9,146639.032,2908816275.01,binance
2022-09-04,19832.45,20029.23,19583.1,20000.3,145588.7789,2883227667.2,binance
2022-09-05,20000.3,20057.27,19633.83,19796.84,222543.0106,4404971191.91,binance
2022-09-06,19795.34,20180.0,18649.51,18790.61,356315.0572,6976809188.41,binance
2022-09-07,18790.61,19464.06,18510.77,19292.84,287394.7788,5436827909.2,binance
2022-09-08,19292.85,19458.25,19012.0,19319.77,262813.2827,5057217166.68,binance
2022-09-09,19320.54,21597.22,19291.75,21360.11,428919.7465,8929831332.71,binance
2022-09-10,21361.62,21810.8,21111.13,21648.34,307997.335,6589753118.84,binance
2022-09-11,21647.21,21860.0,21350.0,21826.87,280702.5515,6064643642.72,binance
2022-09-12,21826.87,22488.0,21538.51,22395.74,395395.6183,8743762682.84,binance
2022-09-13,22395.44,22799.0,19860.0,20173.57,431915.0333,9302239274.4,binance
2022-09-14,20173.62,20541.48,19617.62,20226.71,340826.4015,6886235196.65,binance
2022-09-15,20227.17,20330.24,19497.0,19701.88,333069.7608,6655264974.21,binance
2022-09-16,19701.88,19890.0,19320.01,19803.3,283791.0706,5584012914.11,binance
2022-09-17,19803.3,20189.0,19748.08,20113.62,179350.2434,3578667842.7,binance
2022-09-18,20112.61,20117.26,19335.62,19416.18,254217.469,5033968947.53,binance
2022-09-19,19417.45,19686.2,18232.56,19537.02,380512.4031,7215196795.66,binance
2022-09-20,19537.02,19634.62,18711.87,18875.0,324098.3286,6206043205.41,binance
2022-09-21,18874.31,19956.0,18125.98,18461.36,385034.1002,7338667639.75,binance
2022-09-22,18461.36,19550.17,18356.39,19401.63,379321.7211,7203741481.48,binance
2022-09-23,19401.63,19500.0,18531.42,19289.91,385886.9183,7330336009.19,binance
2022-09-24,19288.57,19316.14,18805.34,18920.5,239496.5675,4568927983.65,binance
2022-09-25,18921.99,19180.21,18629.2,18807.38,191191.4492,3625136713.92,binance
2022-09-26,18809.13,19318.96,18680.72,19227.82,439239.2194,8356951610.0,binance
2022-09-27,19226.68,20385.86,18816.32,19079.13,593260.7416,11705770260.67,binance
2022-09-28,19078.1,19790.0,18471.28,19412.82,521385.4555,9964460007.3,binance
2022-09-29,19412.82,19645.52,18843.01,19591.51,406424.9326,7868786414.86,binance
2022-09-30,19590.54,20185.0,19155.36,19422.61,444322.9534,8694127253.58,binance
2022-10-01,19422.61,19484.0,19159.42,19310.95,165625.1396,3200350294.53,binance
2022-10-02,19312.24,19395.91,18920.35,19056.8,206812.4703,3970724799.96,binance
2022-10-03,19057.74,19719.1,18959.68,19629.08,293585.7521,5672105805.77,binance
2022-10-04,19629.08,20475.0,19490.6,20337.82,327012.0013,6533428229.85,binance
2022-10-05,20337.82,20365.6,19730.0,20158.26,312239.7522,6275437160.96,binance
2022-10-06,20158.26,20456.6,19853.0,19960.67,320122.1702,6452892402.32,binance
2022-10-07,19960.67,20068.82,19320.0,19530.09,220874.8391,4353681483.99,binance
2022-10-08,19530.09,19627.38,19237.14,19417.96,102480.0984,1995917001.74,binance
2022-10-09,19416.52,19558.0,19316.04,19439.02,113900.8268,2215007204.24,binance
2022-10-10,19439.96,19525.0,19020.25,19131.87,212509.0985,4101745483.13,binance
2022-10-11,19131.87,19268.09,18860.0,19060.0,243473.8429,4642843395.6,binance
2022-10-12,19060.0,19238.31,18965.88,19155.53,213826.2673,4086903621.93,binance
2022-10-13,19155.1,19513.79,18190.0,19375.13,399756.6834,7554309475.31,binance
2022-10-14,19375.58,19951.87,19070.37,19176.93,351634.326,6877621835.23,binance
2022-10-15,19176.93,19227.68,18975.18,19069.39,113847.6423,2178316065.62,binance
2022-10-16,19068.4,19425.84,19063.74,19262.98,131894.6188,2531545363.31,binance
2022-10-17,19262.98,19676.96,19152.03,19549.86,222813.8763,4331666395.6,binance
2022-10-18,19548.48,19706.66,19091.0,19327.44,260313.0785,5065944973.46,binance
2022-10-19,19327.44,19360.16,19065.97,19123.97,186137.2954,3575041318.45,binance
2022-10-20,19123.35,19347.82,18900.0,19041.92,223530.1307,4276025723.99,binance
2022-10-21,19041.92,19250.0,18650.0,19164.37,269310.7577,5126619487.87,binance
2022-10-22,19164.37,19257.0,19112.72,19204.35,110403.9084,2117395641.13,binance
2022-10-23,19204.29,19695.0,19070.11,19570.4,167057.2018,3233393909.2,binance
2022-10-24,19570.4,19601.15,19157.0,19329.72,256168.1447,4957159176.82,binance
2022-10-25,19330.6,20415.87,19237.0,20080.07,326370.6706,6454151276.52,binance
2022-10-26,20079.02,21020.0,20050.41,20771.59,380492.6958,7833551674.49,binance
2022-10-27,20771.61,20872.21,20200.0,20295.11,328643.5779,6771209922.01,binance
2022-10-28,20295.11,20750.0,20000.09,20591.84,287039.9457,5849603405.68,binance
2022-10-29,20591.84,21085.0,20554.01,20809.67,254881.7776,5303038321.46,binance
2022-10-30,20809.68,20931.21,20515.0,20627.48,192795.6089,3994389493.33,binance
2022-10-31,20627.48,20845.92,20237.95,20490.74,303567.6163,6226304300.44,binance
2022-11-01,20490.74,20700.0,20330.74,20483.62,279932.4377,5740102554.92,binance
2022-11-02,20482.81,20800.0,20048.04,20151.84,373716.273,7633404092.43,binance
2022-11-03,20151.84,20393.32,20031.24,20207.82,319185.1544,6461673165.24,binance
2022-11-04,20207.12,21302.05,20180.96,21148.52,453694.3916,9409862204.99,binance
2022-11-05,21148.52,21480.65,21080.65,21299.37,245621.9852,5240395528.91,binance
2022-11-06,21299.37,21365.27,20886.13,20905.58,230036.9722,4877535058.41,binance
2022-11-07,20905.58,21069.77,20384.89,20591.13,386977.6034,8035052131.59,binance
2022-11-08,20590.67,20700.88,17166.83,18547.23,760705.3628,14758384309.85,binance
2022-11-09,18545.38,18587.76,15588.0,15922.81,731926.9297,12737719697.39,binance
2022-11-10,15922.68,18199.0,15754.26,17601.15,608448.3643,10323294543.88,binance
2022-11-11,17602.45,17695.0,16361.6,17070.31,393552.8649,6725273822.84,binance
2022-11-12,17069.98,17119.1,16631.39,16812.08,167819.9604,2827930561.01,binance
2022-11-13,16813.16,16954.28,16229.0,16329.85,184960.7885,3074280132.05,binance
2022-11-14,16331.78,17190.0,15815.21,16619.46,380210.7775,6273920325.34,binance
2022-11-15,16617.72,17134.69,16527.72,16900.57,282461.8439,4758545355.79,binance
2022-11-16,16900.57,17015.92,16378.61,16662.76,261493.4081,4362538338.57,binance
2022-11-17,16661.61,16751.0,16410.74,16692.56,228038.9787,3785204632.01,binance
2022-11-18,16692.56,17011.0,16546.04,16700.45,214224.1818,3588467560.37,binance
2022-11-19,16699.43,16822.41,16553.53,16700.68,104963.1556,1747627888.13,binance
2022-11-20,16700.68,16753.33,16180.0,16280.23,154842.1348,2561165772.5,binance
2022-11-21,16279.5,16319.0,15476.0,15781.29,324096.9978,5188798317.0,binance
2022-11-22,15781.29,16315.0,15616.63,16226.94,239548.0662,3823612603.8,binance
2022-11-23,16227.96,16706.0,16160.2,16603.11,264927.7041,4368042618.5,binance
2022-11-24,16603.11,16812.63,16458.05,16598.95,206565.9235,3431724405.65,binance
2022-11-25,16599.55,16666.0,16342.81,16522.14,182089.4953,3003553172.23,binance
2022-11-26,16521.35,16701.99,16385.0,16458.57,181804.8167,3011990387.65,binance
2022-11-27,16457.61,16600.0,16401.0,16428.78,162025.4761,2679048565.52,binance
2022-11-28,16428.77,16487.04,15995.27,16212.91,252695.4037,4096398587.36,binance
2022-11-29,16212.18,16548.71,16100.0,16442.53,248106.2501,4072651067.0,binance
2022-11-30,16442.91,17249.0,16428.3,17163.64,303019.8072,5123595199.51,binance
2022-12-01,17165.53,17324.0,16855.01,16977.37,232818.1822,3972607179.87,binance
2022-12-02,16978.0,17105.73,16787.85,17092.74,202372.2062,3432385161.66,binance
2022-12-03,17092.13,17188.98,16858.74,16885.2,154542.5731,2622504252.87,binance
2022-12-04,16885.2,17202.84,16878.25,17105.7,178619.1339,3040020095.05,binance
2022-12-05,17106.65,17424.25,16867.0,16966.35,233703.2922,4015334796.6,binance
2022-12-06,16966.35,17107.01,16906.37,17088.96,218730.7688,3717926010.34,binance
2022-12-07,17088.96,17142.21,16678.83,16836.64,220657.4133,3723206794.31,binance
2022-12-08,16836.64,17299.0,16733.49,17224.1,236417.978,4009427525.03,binance
2022-12-09,17224.1,17360.0,17058.21,17128.56,238422.0646,4097973425.7,binance
2022-12-10,17128.56,17227.72,17092.0,17127.49,140573.9794,2411933258.85,binance
2022-12-11,17127.49,17270.99,17071.0,17085.05,155286.4787,2663686104.08,binance
2022-12-12,17085.05,17241.89,16871.85,17209.83,226227.4969,3844787581.48,binance
2022-12-13,17208.93,18000.0,17080.14,17774.7,284462.9139,4983896040.38,binance
2022-12-14,17775.82,18387.95,17660.94,17803.15,266681.2221,4779915721.48,binance
2022-12-15,17804.01,17854.82,17275.51,17356.34,223701.9688,3923378677.83,binance
2022-12-16,17356.96,17531.73,16527.32,16632.12,253379.0412,4308933187.66,binance
2022-12-17,16631.5,16796.82,16579.85,16776.52,144825.6668,2417851422.21,binance
2022-12-18,16777.54,16863.26,16663.07,16738.21,112619.3165,1884666030.1,binance
2022-12-19,16739.0,16815.99,16256.3,16438.88,179094.283,2981094033.01,binance
2022-12-20,16438.88,17061.27,16397.2,16895.56,248808.9232,4176995653.55,binance
2022-12-21,16896.15,16925.0,16723.0,16824.67,156810.9636,2638528723.74,binance
2022-12-22,16824.68,16868.52,16559.85,16821.43,176044.2724,2949612072.05,binance
2022-12-23,16821.9,16955.14,16731.13,16778.5,161612.0095,2720021933.98,binance
2022-12-24,16778.52,16869.99,16776.62,16836.12,100224.291,1686757294.99,binance
2022-12-25,16835.73,16857.96,16721.0,16832.11,125441.072,2108857873.19,binance
2022-12-26,16832.11,16944.52,16791.0,16919.39,124564.0066,2099037538.63,binance
2022-12-27,16919.39,16972.83,16592.37,16706.36,173749.5862,2918379509.53,binance
2022-12-28,16706.06,16785.19,16465.33,16547.31,193037.5658,3210894236.81,binance
2022-12-29,16547.32,16664.41,16488.91,16633.47,160998.4716,2671665748.08,binance
2022-12-30,16633.47,16677.35,16333.0,16607.48,164916.3117,2726831056.73,binance
2022-12-31,16607.48,16644.09,16470.0,16542.4,114490.4286,1897047504.92,binance
2023-01-01,16541.77,16628.0,16499.01,16616.75,96925.4137,1604793789.68,binance
2023-01-02,16617.17,16799.23,16548.7,16672.87,121888.5719,2034683215.27,binance
2023-01-03,16672.78,16778.4,16605.28,16675.18,159541.5373,2662765916.33,binance
2023-01-04,16675.65,16991.87,16652.66,16850.36,220362.1886,3709833209.85,binance
2023-01-05,16850.36,16879.82,16753.0,16831.85,163473.5664,2751080253.82,binance
2023-01-06,16831.85,17041.0,16679.0,16950.65,207401.2842,3490305009.69,binance
2023-01-07,16950.31,16981.91,16908.0,16943.57,104526.5688,1770201710.21,binance
2023-01-08,16943.83,17176.99,16911.0,17127.83,135155.897,2291925699.96,binance
2023-01-09,17127.83,17398.8,17104.66,17178.26,266211.5272,4590284350.55,binance
2023-01-10,17179.04,17499.0,17146.34,17440.66,221382.4258,3829247653.73,binance
2023-01-11,17440.64,18000.0,17315.6,17943.26,262221.6065,4586965947.26,binance
2023-01-12,17943.26,19117.04,17892.05,18846.62,454568.3218,8348431207.85,binance
2023-01-13,18846.62,20000.0,18714.12,19930.01,368615.8782,7061633461.44,binance
2023-01-14,19930.01,21258.0,19888.05,20954.92,393913.7495,8183071567.05,binance
2023-01-15,20952.76,21050.74,20551.01,20871.5,178542.2255,3710526606.14,binance
2023-01-16,20872.99,21474.05,20611.48,21185.65,293078.0826,6168654053.04,binance
2023-01-17,21185.65,21647.45,20841.31,21134.81,275407.7441,5840585769.49,binance
2023-01-18,21132.29,21650.0,20407.15,20677.47,350916.0195,7399719195.25,binance
2023-01-19,20677.47,21192.0,20659.19,21071.59,251385.8492,5243024330.01,binance
2023-01-20,21071.59,22755.93,20861.28,22667.21,338079.1366,7256172889.71,binance
2023-01-21,22666.0,23371.8,22422.0,22783.55,346445.4843,7938935168.53,binance
2023-01-22,22783.35,23078.71,22292.37,22707.88,253577.7529,5775552321.54,binance
2023-01-23,22706.02,23180.0,22500.0,22916.45,293588.3794,6704191295.98,binance
2023-01-24,22917.81,23162.2,22462.93,22632.89,293158.7825,6721432962.57,binance
2023-01-25,22631.94,23816.73,22300.0,23060.94,346042.8322,7875590359.12,binance
2023-01-26,23060.42,23282.47,22850.01,23009.65,288924.4358,6664592468.34,binance
2023-01-27,23009.65,23500.0,22534.88,23074.16,280833.8632,6461707755.05,binance
2023-01-28,23074.16,23189.0,22878.46,23022.6,148115.7108,3408985411.32,binance
2023-01-29,23021.4,23960.54,22967.76,23742.3,295688.792,6941922954.14,binance
2023-01-30,23743.37,23800.51,22500.0,22826.15,302405.9012,7020727239.06,binance
2023-01-31,22827.38,23320.0,22714.77,23125.13,264649.3491,6083858924.54,binance
2023-02-01,23125.13,23812.66,22760.23,23732.66,310790.4227,7212542002.33,binance
2023-02-02,23731.41,24255.0,23363.27,23488.94,364177.2075,8673696845.81,binance
2023-02-03,23489.33,23715.7,23204.62,23431.9,332571.029,7806490899.91,binance
2023-02-04,23431.9,23587.78,23253.96,23326.84,166126.473,3886777607.8,binance
2023-02-05,23327.66,23433.33,22743.0,22932.91,209251.3392,4842463016.83,binance
2023-02-06,22932.91,23158.25,22628.13,22762.52,265371.6069,6076050768.12,binance
2023-02-07,22762.52,23350.25,22745.78,23240.46,308006.7248,7085929136.46,binance
2023-02-08,23242.42,23452.0,22665.85,22963.0,280056.3072,6457585647.82,binance
2023-02-09,22961.85,23011.39,21688.0,21796.35,402894.6955,9052973327.2,binance
2023-02-10,21797.83,21938.16,21451.0,21625.19,338591.9425,7369456394.91,binance
2023-02-11,21625.19,21906.32,21599.78,21862.55,177021.5843,3842000897.8,binance
2023-02-12,21862.02,22090.0,21630.0,21783.54,204435.6516,4469822441.44,binance
2023-02-13,21782.37,21894.99,21351.07,21773.97,295730.7679,6404813758.27,binance
2023-02-14,21774.63,22319.08,21532.77,22199.84,361958.4011,7938385476.79,binance
2023-02-15,22199.84,24380.0,22047.28,24324.05,375669.1611,8604133693.66,binance
2023-02-16,24322.87,25250.0,23505.25,23517.72,450080.6837,11074988148.78,binance
2023-02-17,23517.72,25021.11,23339.37,24569.97,496813.2138,11968532252.06,binance
2023-02-18,24568.24,24877.0,24430.0,24631.95,216917.2521,5339920389.52,binance
2023-02-19,24632.05,25192.0,24192.57,24271.76,300395.9954,7408745406.62,binance
2023-02-20,24272.51,25121.23,23840.83,24842.2,346938.57,8561226688.07,binance
2023-02-21,24843.89,25250.0,24148.34,24452.16,376000.8287,9280992344.43,binance
2023-02-22,24450.67,24476.05,23574.69,24182.21,379425.7537,9101745945.99,binance
2023-02-23,24182.21,24599.59,23608.0,23940.2,398400.4544,9596083721.51,binance
2023-02-24,23940.2,24132.35,22841.19,23185.29,343582.5745,8087524100.39,binance
2023-02-25,23184.04,23219.13,22722.0,23157.07,191311.8101,4406286300.27,binance
2023-02-26,23157.07,23689.99,23059.18,23554.85,202323.7362,4716158181.23,binance
2023-02-27,23554.85,23897.99,23106.77,23492.09,283706.0859,6659785788.33,binance
2023-02-28,23492.09,23600.0,23020.97,23141.57,264140.9989,6172930936.04,binance
2023-03-01,23141.57,24000.0,23020.03,23628.97,315287.4174,7441571085.5,binance
2023-03-02,23629.76,23796.93,23195.9,23465.32,239315.4522,5603770010.24,binance
2023-03-03,23465.32,23476.95,21971.13,22354.34,319954.1978,7167184765.74,binance
2023-03-04,22354.34,22410.0,22157.08,22346.57,121257.3813,2706422995.68,binance
2023-03-05,22346.57,22662.09,22189.22,22430.24,154841.7579,3473011455.19,binance
2023-03-06,22430.24,22602.19,22258.0,22410.0,203751.8296,4569102169.19,binance
2023-03-07,22409.41,22557.91,21927.0,22197.96,292519.8091,6517594938.25,binance
2023-03-08,22198.56,22287.0,21580.0,21705.44,301460.5727,6641171704.24,binance
2023-03-09,21704.37,21834.99,20042.72,20362.22,443658.2858,9403028764.71,binance
2023-03-10,20362.21,20367.78,19549.09,20150.69,618456.4671,12344992788.91,binance
2023-03-11,20150.69,20686.51,19765.03,20455.73,427831.8213,8651590672.47,binance
2023-03-12,20455.73,22150.0,20270.6,21997.11,430944.9429,8982418413.8,binance
2023-03-13,21998.05,24500.0,21813.88,24113.48,687889.3126,15824996078.61,binance
2023-03-14,24112.27,26386.87,23976.42,24670.41,699360.9342,17465307097.88,binance
2023-03-15,24670.41,25196.97,23896.95,24285.66,581450.7298,14291005743.9,binance
2023-03-16,24285.66,25167.4,24123.0,24998.78,439421.33,10847330151.94,binance
2023-03-17,24998.78,27756.84,24890.0,27395.13,624460.6809,16476681071.24,binance
2023-03-18,27395.13,27724.85,26578.0,26907.49,371238.9717,10135945069.64,binance
2023-03-19,26907.49,28390.1,26827.22,27972.87,372066.9905,10264707987.59,binance
2023-03-20,27972.87,28472.0,27124.47,27717.01,477378.2337,13300424536.51,binance
2023-03-21,27717.01,28438.55,27303.1,28105.47,420929.7422,11760492716.34,binance
2023-03-22,28107.81,28868.05,26601.8,27250.97,224113.413,6272099822.45,binance
2023-03-23,27250.97,28750.0,27105.0,28295.41,128649.6082,3591123573.11,binance
2023-03-24,28295.42,28374.3,27000.0,27454.47,86242.0654,2403443392.03,binance
2023-03-25,27454.46,27787.33,27156.09,27462.95,50844.081,1397227639.21,binance
2023-03-26,27462.96,28194.4,27417.76,27968.05,49671.7035,1380973403.0,binance
2023-03-27,27968.05,28023.86,26508.14,27124.91,88039.469,2407130888.03,binance
2023-03-28,27124.9,27520.0,26631.78,27261.07,78602.4434,2124533606.77,binance
2023-03-29,27261.06,28650.0,27240.1,28348.6,89486.1601,2519887866.21,binance
2023-03-30,28348.6,29184.68,27686.0,28028.53,98865.4326,2808471938.64,binance
2023-03-31,28028.53,28656.69,27511.71,28465.36,78198.1214,2203253311.78,binance
2023-04-01,28465.36,28819.71,28220.27,28452.73,30238.4475,860804237.45,binance
2023-04-02,28452.74,28530.0,27856.43,28171.87,37365.6569,1053600933.07,binance
2023-04-03,28171.87,28500.99,27200.24,27800.0,79180.014,2214361048.78,binance
2023-04-04,27800.0,28444.44,27662.79,28165.47,49722.5569,1397141464.88,binance
2023-04-05,28165.47,28775.0,27805.1,28170.01,60737.6473,1721098539.07,binance
2023-04-06,28170.01,28182.05,27711.0,28033.82,40118.9496,1122713087.56,binance
2023-04-07,28033.83,28100.0,27766.94,27906.33,24762.0939,691323748.93,binance
2023-04-08,27906.34,28154.99,27859.02,27938.38,19479.9674,545324518.69,binance
2023-04-09,27938.38,28530.0,27800.0,28323.76,32531.161,913915923.7,binance
2023-04-10,28323.76,29770.0,28170.0,29637.34,67754.0622,1955300943.17,binance
2023-04-11,29637.35,30550.0,29590.0,30200.42,67990.0762,2046078278.08,binance
2023-04-12,30200.43,30486.0,29637.4,29888.07,62049.4845,1863497606.14,binance
2023-04-13,29888.07,30595.0,29854.59,30373.84,51934.1173,1571091101.13,binance
2023-04-14,30373.84,31000.0,29966.0,30466.93,75984.1945,2323267494.38,binance
2023-04-15,30466.93,30595.6,30202.0,30295.09,25429.8125,772211097.61,binance
2023-04-16,30295.1,30549.99,30120.0,30304.65,26431.9932,801322926.15,binance
2023-04-17,30304.66,30316.06,29240.65,29430.27,56441.8113,1675287761.43,binance
2023-04-18,29430.27,30485.0,29096.78,30380.01,62004.8943,1861001491.98,binance
2023-04-19,30380.01,30413.53,28520.0,28797.1,86575.4866,2541283888.3,binance
2023-04-20,28797.1,29088.3,28010.0,28243.65,76879.0937,2198854031.42,binance
2023-04-21,28243.65,28374.02,27125.0,27262.84,77684.7679,2164667611.94,binance
2023-04-22,27262.84,27882.72,27140.35,27816.85,36023.6969,989379475.32,binance
2023-04-23,27816.85,27816.85,27311.25,27590.6,34812.0958,959389698.76,binance
2023-04-24,27590.59,28000.0,26942.82,27510.93,53111.5687,1458406515.64,binance
2023-04-25,27510.93,28399.99,27192.0,28300.79,52325.1464,1446329375.24,binance
2023-04-26,28300.8,30036.0,27235.0,28415.29,129228.404,3719701461.91,binance
2023-04-27,28415.29,29890.0,28378.86,29472.77,95430.8243,2784859692.36,binance
2023-04-28,29472.77,29599.54,28891.0,29311.7,54298.1658,1590683771.67,binance
2023-04-29,29311.69,29448.88,29031.0,29230.45,20466.8306,599466910.05,binance
2023-04-30,29230.45,29969.39,29079.59,29233.21,39752.5372,1172155267.88,binance
2023-05-01,29233.2,29337.34,27666.95,28068.26,64433.6596,1828221138.95,binance
2023-05-02,28068.26,28879.88,27872.0,28669.86,50824.5224,1441733922.01,binance
2023-05-03,28669.85,29266.66,28113.69,29026.16,64615.7921,1845961218.84,binance
2023-05-04,29026.16,29379.83,28663.64,28838.16,42575.475,1233816136.16,binance
2023-05-05,28838.16,29677.0,28800.0,29505.61,58415.8305,1709786814.9,binance
2023-05-06,29505.6,29820.0,28300.0,28848.2,49249.2846,1429517892.78,binance
2023-05-07,28848.19,29138.29,28395.23,28430.1,30003.4103,865838535.33,binance
2023-05-08,28430.09,28631.01,27262.0,27668.79,68244.3618,1903052694.67,binance
2023-05-09,27668.8,27818.0,27353.0,27628.27,40113.3107,1106923908.31,binance
2023-05-10,27628.28,28331.42,26777.0,27598.75,71155.1136,1971173412.44,binance
2023-05-11,27598.74,27630.14,26702.05,26968.62,47635.3136,1295799109.01,binance
2023-05-12,26968.61,27091.12,25811.46,26795.01,67207.9349,1777052127.73,binance
2023-05-13,26795.01,27045.45,26692.03,26775.28,22814.9042,612062852.09,binance
2023-05-14,26775.27,27200.0,26560.53,26917.62,21594.8036,580801698.0,binance
2023-05-15,26917.61,27663.59,26726.0,27162.14,40430.0833,1104633264.13,binance
2023-05-16,27162.15,27296.89,26852.11,27033.84,33270.4545,900273404.6,binance
2023-05-17,27033.85,27500.0,26544.71,27405.61,42958.9778,1159714527.64,binance
2023-05-18,27405.62,27485.33,26361.2,26821.28,49198.6514,1330745572.69,binance
2023-05-19,26821.28,27183.6,26630.0,26880.26,28754.1354,772864757.16,binance
2023-05-20,26880.26,27150.0,26825.11,27102.43,14434.5472,389225653.75,binance
2023-05-21,27102.42,27277.55,26666.03,26747.78,21347.8728,575213570.28,binance
2023-05-22,26747.78,27099.89,26538.21,26849.27,26458.8383,709594996.72,binance
2023-05-23,26849.28,27495.83,26798.11,27219.61,38700.8386,1054565781.6,binance
2023-05-24,27219.61,27219.61,26080.5,26329.01,54393.0657,1442636235.45,binance
2023-05-25,26329.0,26631.98,25871.89,26473.79,37435.449,984117789.7,binance
2023-05-26,26473.8,26932.16,26327.24,26705.92,35061.1871,932817724.59,binance
2023-05-27,26705.93,26895.0,26551.0,26854.27,15095.6867,403337263.03,binance
2023-05-28,26854.28,28261.32,26764.36,28065.0,43916.0086,1205762341.97,binance
2023-05-29,28065.01,28447.14,27524.6,27736.4,42385.4194,1182678581.63,binance
2023-05-30,27736.39,28038.59,27554.0,27694.4,32686.7537,908653906.01,binance
2023-05-31,27694.39,27835.51,26839.01,27210.35,46588.8057,1265952178.78,binance
2023-06-01,27210.36,27350.0,26605.05,26817.93,39217.8088,1055132509.87,binance
2023-06-02,26817.93,27300.0,26505.0,27242.59,36380.9027,983857061.64,binance
2023-06-03,27242.59,27333.29,26914.93,27069.22,16595.3412,450588672.47,binance
2023-06-04,27069.22,27455.02,26951.0,27115.21,19258.4105,523747237.44,binance
2023-06-05,27115.2,27129.33,25388.0,25728.2,65805.603,1722665798.09,binance
2023-06-06,25728.2,27355.33,25351.02,27230.08,68392.6044,1797636024.08,binance
2023-06-07,27230.07,27391.77,26125.01,26339.34,59619.4436,1589291467.54,binance
2023-06-08,26339.34,26810.0,26210.0,26498.61,31075.5108,823023638.24,binance
2023-06-09,26498.62,26783.33,26269.91,26477.81,27934.7097,741158215.05,binance
2023-06-10,26477.8,26533.87,25358.0,25841.21,64944.6011,1673795235.4,binance
2023-06-11,25841.22,26206.88,25634.7,25925.55,30014.296,776111471.87,binance
2023-06-12,25925.54,26106.48,25602.11,25905.19,29900.5089,773303698.86,binance
2023-06-13,25905.2,26433.21,25712.57,25934.25,41065.6085,1068985236.51,binance
2023-06-14,25934.24,26098.0,24820.56,25128.6,45077.3161,1152808416.92,binance
2023-06-15,25128.6,25759.01,24800.0,25598.49,48664.8606,1224436974.85,binance
2023-06-16,25598.49,26518.0,25175.56,26345.0,51596.9166,1335158158.64,binance
2023-06-17,26345.01,26839.99,26181.0,26516.99,27842.2195,738491809.88,binance
2023-06-18,26516.99,26700.0,26255.85,26339.97,21538.3102,571013013.86,binance
2023-06-19,26339.98,27068.09,26256.61,26844.35,35872.6597,954193987.29,binance
2023-06-20,26844.35,28402.74,26652.0,28307.99,69666.9552,1912797983.53,binance
2023-06-21,28308.0,30800.0,28257.99,29993.89,108926.4041,3210301129.37,binance
2023-06-22,29993.89,30500.0,29525.61,29884.92,59054.5646,1775822103.76,binance
2023-06-23,29884.92,31431.94,29800.0,30688.5,73931.8964,2265077496.2,binance
2023-06-24,30688.51,30800.0,30250.0,30527.43,30513.3014,933244397.7,binance
2023-06-25,30527.44,31046.01,30277.49,30462.66,30223.448,926316644.42,binance
2023-06-26,30462.67,30666.0,29930.0,30267.99,45180.4149,1367837657.55,binance
2023-06-27,30267.99,30994.97,30226.17,30692.44,42699.6416,1306206257.02,binance
2023-06-28,30692.44,30709.74,29858.8,30077.41,40463.5194,1224103637.61,binance
2023-06-29,30077.4,30843.98,30049.98,30447.31,36330.629,1107940389.92,binance
2023-06-30,30447.31,31282.0,29500.0,30472.0,89419.0762,2726355505.51,binance
2023-07-01,30471.99,30661.6,30320.57,30585.9,17501.7508,533859338.13,binance
2023-07-02,30585.9,30791.0,30155.0,30617.03,23286.4102,711031423.43,binance
2023-07-03,30617.02,31380.0,30570.27,31156.2,43761.6431,1352635339.5,binance
2023-07-04,31156.2,31350.69,30620.0,30766.51,33206.1194,1028794008.52,binance
2023-07-05,30766.52,30878.07,30200.0,30504.81,33215.6712,1013694790.32,binance
2023-07-06,30504.8,31500.0,29850.45,29895.43,71319.6261,2181763649.0,binance
2023-07-07,29895.42,30449.0,29701.02,30344.7,34070.539,1027461795.23,binance
2023-07-08,30344.7,30386.81,30044.47,30284.63,13094.5904,395759717.57,binance
2023-07-09,30284.63,30445.52,30061.12,30160.71,15388.502,465781514.26,binance
2023-07-10,30160.71,31045.78,29950.0,30411.57,41262.8765,1254289037.74,binance
2023-07-11,30411.57,30813.63,30300.0,30622.1,28476.8331,868966244.24,binance
2023-07-12,30622.1,30983.25,30210.0,30380.0,38108.9967,1166497472.43,binance
2023-07-13,30380.0,31804.2,30251.0,31454.23,70772.5184,2194927210.22,binance
2023-07-14,31454.23,31630.0,29900.0,30312.01,60749.4842,1869443273.75,binance
2023-07-15,30312.0,30390.9,30200.0,30289.52,14118.5533,427921094.3,binance
2023-07-16,30289.52,30441.46,30064.29,30231.99,15760.1281,477189328.01,binance
2023-07-17,30232.0,30336.96,29659.2,30138.0,30882.7684,929647644.24,binance
2023-07-18,30138.01,30239.78,29512.0,29859.13,30003.8601,897157095.48,binance
2023-07-19,29859.14,30189.09,29761.96,29909.21,25657.3614,769254865.29,binance
2023-07-20,29909.21,30417.46,29570.96,29800.0,37540.6819,1125950643.71,binance
2023-07-21,29800.0,30061.7,29726.34,29901.72,23881.4086,713123417.76,binance
2023-07-22,29901.72,29999.0,29625.1,29794.0,14660.4047,437785700.34,binance
2023-07-23,29793.99,30350.0,29730.0,30083.75,18292.7864,548940321.09,binance
2023-07-24,30083.75,30099.58,28861.9,29176.5,39628.9969,1162562413.82,binance
2023-07-25,29176.5,29376.0,29047.65,29228.91,21565.7478,629531351.11,binance
2023-07-26,29228.91,29690.0,29096.94,29351.96,33931.6337,995569172.14,binance
2023-07-27,29351.95,29567.49,29083.85,29222.78,22476.4763,659594157.34,binance
2023-07-28,29222.78,29542.22,29123.12,29314.14,23993.6163,702705076.84,binance
2023-07-29,29314.14,29406.92,29256.18,29352.9,10851.3684,318276733.88,binance
2023-07-30,29352.9,29449.0,29033.24,29281.09,15706.9744,459830379.65,binance
2023-07-31,29281.09,29530.0,29101.8,29232.25,22605.4896,663025204.21,binance
2023-08-01,29232.26,29739.25,28585.7,29705.99,44719.6516,1299160215.08,binance
2023-08-02,29705.99,30047.5,28927.5,29186.01,48181.6514,1419729744.65,binance
2023-08-03,29186.0,29433.33,28968.0,29193.64,26476.9199,773302705.49,binance
2023-08-04,29193.65,29333.08,28807.54,29113.99,23551.9522,686643453.39,binance
2023-08-05,29114.0,29152.23,28978.64,29072.13,11645.5202,338478560.12,binance
2023-08-06,29072.13,29205.09,28991.88,29088.42,13178.1972,383209498.88,binance
2023-08-07,29088.43,29276.78,28701.03,29211.06,30966.8775,899492595.68,binance
2023-08-08,29211.06,30244.0,29146.45,29770.42,45700.5339,1352934531.67,binance
2023-08-09,29770.41,30160.0,29376.67,29581.99,38003.8872,1130396850.1,binance
2023-08-10,29581.99,29738.0,29320.2,29455.75,23463.4537,692863472.09,binance
2023-08-11,29455.76,29564.52,29252.45,29426.03,20637.0443,607176051.3,binance
2023-08-12,29426.02,29481.35,29381.56,29430.17,8971.4807,263949405.54,binance
2023-08-13,29430.18,29474.65,29272.32,29303.84,11101.7095,326264625.23,binance
2023-08-14,29303.85,29695.32,29102.45,29430.93,31443.1153,924613476.68,binance
2023-08-15,29430.92,29499.26,29059.6,29200.0,27503.8769,806683957.31,binance
2023-08-16,29200.01,29259.85,28723.08,28730.51,32996.6985,959870747.01,binance
2023-08-17,28730.51,28783.48,25166.0,26623.41,100271.5403,2755821274.34,binance
2023-08-18,26623.41,26832.6,25619.0,26054.0,69790.6571,1834219523.7,binance
2023-08-19,26054.0,26281.0,25801.09,26100.01,26160.7534,680623880.82,binance
2023-08-20,26100.01,26299.0,25971.05,26189.99,19056.9121,497880752.23,binance
2023-08-21,26190.0,26258.42,25812.0,26126.92,30267.2423,788205156.32,binance
2023-08-22,26126.92,26139.42,25300.0,26056.0,34247.0669,886782344.16,binance
2023-08-23,26055.99,26819.27,25812.82,26432.72,44023.6998,1156326251.92,binance
2023-08-24,26432.71,26577.87,25864.0,26180.05,30205.2212,792966965.9,binance
2023-08-25,26180.05,26314.05,25777.15,26060.01,27753.3377,722611079.19,binance
2023-08-26,26060.0,26125.77,25985.92,26017.37,10022.2232,261041530.48,binance
2023-08-27,26017.38,26182.23,25966.11,26101.77,12099.6422,315548363.02,binance
2023-08-28,26101.78,26253.99,25864.5,26120.0,22692.6266,591008939.18,binance
2023-08-29,26120.0,28142.85,25922.0,27716.34,74251.9949,2023326050.76,binance
2023-08-30,27716.34,27768.57,27017.24,27299.99,35448.2585,969086451.16,binance
2023-08-31,27299.99,27587.51,25655.01,25940.78,51032.804,1360373186.01,binance
2023-09-01,25940.77,26156.0,25333.75,25805.05,41032.1506,1059444591.71,binance
2023-09-02,25805.04,25987.5,25752.47,25869.51,16250.777,419812969.95,binance
2023-09-03,25869.52,26135.0,25800.0,25971.21,17474.4767,453100690.1,binance
2023-09-04,25971.21,26108.02,25631.21,25826.02,21777.5961,563532890.57,binance
2023-09-05,25826.03,25915.49,25562.62,25792.1,21323.3934,548893707.6,binance
2023-09-06,25792.11,26040.0,25372.51,25759.95,27262.5239,700763180.8,binance
2023-09-07,25759.95,26443.14,25615.38,26255.0,27687.4957,718923008.91,binance
2023-09-08,26255.0,26445.5,25647.26,25910.5,28999.7647,754184537.11,binance
2023-09-09,25910.5,25945.09,25796.64,25901.61,10980.6228,284109473.81,binance
2023-09-10,25901.6,26033.66,25570.57,25841.61,18738.2691,483577459.21,binance
2023-09-11,25841.6,25900.69,24901.0,25162.52,41682.32,1057371884.67,binance
2023-09-12,25162.53,26567.0,25131.48,25840.1,56434.3854,1464393036.96,binance
2023-09-13,25840.1,26405.22,25764.17,26222.0,31610.8275,825437881.47,binance
2023-09-14,26222.0,26860.49,26126.77,26522.73,38333.1725,1015267319.77,binance
2023-09-15,26522.73,26888.0,26224.0,26600.0,26227.2937,695203258.0,binance
2023-09-16,26599.99,26777.0,26445.0,26559.67,13960.9335,370889866.46,binance
2023-09-17,26559.67,26623.25,26399.0,26527.51,12998.1028,344703727.56,binance
2023-09-18,26527.5,27409.0,26377.35,26762.51,43000.4326,1158780347.63,binance
2023-09-19,26762.5,27483.57,26667.79,27210.26,36190.5219,981539255.56,binance
2023-09-20,27210.25,27388.63,26800.0,27125.0,34207.2187,927206075.96,binance
2023-09-21,27125.01,27159.6,26377.7,26568.08,34476.8266,920768143.35,binance
2023-09-22,26568.08,26743.38,26468.77,26580.14,18198.2292,484331618.95,binance
2023-09-23,26580.14,26632.81,26509.0,26575.96,9440.7026,250873957.39,binance
2023-09-24,26575.97,26738.54,26122.08,26248.38,15706.6577,416368301.37,binance
2023-09-25,26248.39,26446.15,25990.46,26304.81,26266.2039,688252596.38,binance
2023-09-26,26304.8,26397.46,26088.34,26221.67,18495.3507,485217905.04,binance
2023-09-27,26221.68,26850.0,26112.06,26372.99,34771.5798,918797815.05,binance
2023-09-28,26373.0,27308.48,26342.4,27021.39,44517.8349,1193420040.13,binance
2023-09-29,27021.39,27244.89,26665.16,26906.96,28478.7622,767827314.93,binance
2023-09-30,26906.96,27094.99,26886.31,26962.56,12804.6231,345406056.68,binance
2023-10-01,26962.57,28065.51,26954.09,27992.57,24602.8147,674657121.99,binance
2023-10-02,27992.58,28580.0,27281.44,27494.51,57071.1424,1600944483.49,binance
2023-10-03,27494.51,27676.52,27160.5,27426.46,28928.9656,794301815.43,binance
2023-10-04,27426.45,27839.72,27202.0,27778.57,29816.142,820421385.26,binance
2023-10-05,27778.57,28120.39,27352.0,27410.39,30681.4962,849415594.05,binance
2023-10-06,27410.39,28295.0,27175.94,27931.09,37983.2428,1052864393.82,binance
2023-10-07,27931.1,28029.67,27842.08,27956.67,13348.8382,372820279.52,binance
2023-10-08,27956.67,28095.14,27687.5,27917.05,19693.5692,549839951.48,binance
2023-10-09,27917.06,27987.93,27260.0,27590.12,31534.7464,870014634.36,binance
2023-10-10,27590.12,27735.0,27298.0,27390.12,22776.8438,626258724.28,binance
2023-10-11,27390.12,27477.39,26538.66,26875.52,37349.4471,1007065585.93,binance
2023-10-12,26875.52,26947.04,26555.0,26759.63,23428.6411,626909068.39,binance
2023-10-13,26759.63,27130.0,26685.0,26862.0,24115.765,647553796.36,binance
2023-10-14,26862.0,26989.58,26789.0,26852.48,10417.2558,280059019.05,binance
2023-10-15,26852.48,27293.33,26808.25,27154.15,15274.6917,412673965.34,binance
2023-10-16,27154.14,30000.0,27112.66,28500.78,78399.2244,2210785548.24,binance
2023-10-17,28500.77,28613.65,28069.32,28395.91,38428.4453,1090741746.48,binance
2023-10-18,28395.91,28982.36,28142.87,28320.0,32162.4759,914773525.15,binance
2023-10-19,28320.0,28916.89,28100.66,28713.71,35895.5018,1023984017.03,binance
2023-10-20,28713.71,30207.55,28578.29,29669.04,59422.0992,1753411192.55,binance
2023-10-21,29669.05,30379.99,29464.77,29909.8,27517.519,821964508.44,binance
2023-10-22,29909.8,30248.0,29640.0,29992.46,22852.5456,683854827.9,binance
2023-10-23,29992.46,34741.91,29883.6,33069.99,93513.6425,2941620022.87,binance
2023-10-24,33069.99,35280.0,32832.34,33922.73,115265.0242,3933194868.16,binance
2023-10-25,33922.73,35132.85,33679.05,34496.05,54887.0253,1888210825.61,binance
2023-10-26,34496.05,34824.13,33751.0,34151.66,39744.6626,1363077907.11,binance
2023-10-27,34151.66,34245.0,33390.95,33892.02,32330.4011,1096889423.42,binance
2023-10-28,33892.01,34493.33,33860.0,34081.0,16880.1314,575936523.35,binance
2023-10-29,34081.01,34750.11,33930.0,34525.89,20685.5218,711652985.18,binance
2023-10-30,34525.88,34856.0,34062.84,34474.73,33657.9598,1159771907.64,binance
2023-10-31,34474.74,34720.49,34025.0,34639.77,32737.8982,1125442444.49,binance
2023-11-01,34639.78,35582.0,34097.39,35421.43,53473.2816,1856348820.48,binance
2023-11-02,35421.43,35984.99,34300.0,34941.59,48015.5773,1686141698.09,binance
2023-11-03,34941.58,34946.5,34120.0,34716.78,39071.2064,1347962831.57,binance
2023-11-04,34716.78,35255.0,34585.18,35062.07,18377.5554,639958598.42,binance
2023-11-05,35062.06,35380.0,34448.0,35011.88,24528.7338,859350974.0,binance
2023-11-06,35011.89,35276.33,34725.9,35046.09,22346.4709,782427702.27,binance
2023-11-07,35046.09,35888.0,34523.06,35399.12,38688.7369,1358031361.2,binance
2023-11-08,35399.13,36106.0,35100.0,35624.72,33401.3414,1185492160.49,binance
2023-11-09,35624.72,37972.24,35534.05,36701.09,82537.8888,3033417922.78,binance
2023-11-10,36701.1,37526.0,36324.71,37301.63,43414.049,1605069174.52,binance
2023-11-11,37301.63,37408.26,36666.93,37130.0,22984.9724,851924612.73,binance
2023-11-12,37129.99,37222.22,36731.1,37064.13,17687.1887,655570813.14,binance
2023-11-13,37064.13,37417.99,36333.0,36462.93,32798.1825,1208037462.3,binance
2023-11-14,36462.93,36744.0,34800.0,35551.19,45503.6842,1639130785.09,binance
2023-11-15,35551.2,37980.0,35360.0,37858.2,53569.1338,1963249656.51,binance
2023-11-16,37858.2,37929.54,35500.0,36163.51,47490.3957,1744503339.02,binance
2023-11-17,36163.51,36800.0,35861.1,36613.92,38283.6111,1391225051.19,binance
2023-11-18,36613.91,36845.49,36178.58,36568.1,17102.2419,624434069.53,binance
2023-11-19,36568.11,37500.0,36384.02,37359.86,21246.3465,781531839.44,binance
2023-11-20,37359.85,37750.0,36677.0,37448.78,36022.7029,1343722642.39,binance
2023-11-21,37448.79,37649.44,35735.0,35741.65,47646.548,1756747495.98,binance
2023-11-22,35741.65,37861.1,35632.01,37408.34,45051.307,1657141022.43,binance
2023-11-23,37408.35,37653.44,36870.0,37294.28,23827.9288,888826648.85,binance
2023-11-24,37294.27,38414.0,37251.51,37713.57,44680.8065,1688715728.08,binance
2023-11-25,37713.57,37888.0,37591.1,37780.67,11396.1446,430165251.76,binance
2023-11-26,37780.67,37814.63,37150.0,37447.43,21264.5372,797321193.59,binance
2023-11-27,37447.42,37569.23,36707.0,37242.7,30001.0738,1112557435.28,binance
2023-11-28,37242.7,38377.0,36868.41,37818.87,37544.4667,1414360251.68,binance
2023-11-29,37818.88,38450.0,37570.0,37854.64,32994.1911,1252586505.66,binance
2023-11-30,37854.65,38145.85,37500.0,37723.96,24740.2915,934491058.96,binance
2023-12-01,37723.97,38999.0,37615.86,38682.52,43415.6632,1669750777.62,binance
2023-12-02,38682.51,39717.14,38641.61,39450.35,26696.9216,1043421976.77,binance
2023-12-03,39450.35,40250.0,39274.86,39972.26,26710.6534,1059860641.05,binance
2023-12-04,39972.26,42420.0,39972.26,41991.1,79272.3306,3285736844.14,binance
2023-12-05,41991.1,44488.0,41414.0,44073.32,67490.7464,2890205389.49,binance
2023-12-06,44073.82,44297.21,43335.28,43762.69,51431.1049,2256979505.59,binance
2023-12-07,43762.69,44047.33,42821.1,43273.14,47103.2685,2046945851.88,binance
2023-12-08,43273.15,44700.0,43081.1,44170.99,42900.3756,1875581755.45,binance
2023-12-09,44171.0,44358.02,43584.51,43713.6,24925.9701,1096487106.56,binance
2023-12-10,43713.59,44049.0,43563.0,43789.51,18956.6176,830485162.56,binance
2023-12-11,43789.5,43804.5,40222.0,41253.4,76663.898,3205540835.51,binance
2023-12-12,41253.41,42104.12,40680.0,41492.39,42722.6977,1773961284.34,binance
2023-12-13,41492.38,43475.2,40555.0,42869.03,45865.9977,1919703389.48,binance
2023-12-14,42869.03,43420.0,41400.0,43022.26,42047.0571,1798740625.3,binance
2023-12-15,43022.26,43080.81,41666.0,41940.3,33421.7932,1416898938.51,binance
2023-12-16,41940.29,42724.43,41605.0,42278.03,24118.8575,1020469627.89,binance
2023-12-17,42278.02,42424.07,41252.0,41374.65,27722.1145,1161963642.96,binance
2023-12-18,41374.64,42757.81,40542.93,42657.8,46734.0925,1936003306.08,binance
2023-12-19,42657.8,43497.0,41811.1,42275.99,40927.8644,1747830242.46,binance
2023-12-20,42275.99,44283.0,42206.0,43668.93,48710.2947,2115813869.78,binance
2023-12-21,43668.92,44242.35,43286.72,43861.8,34624.2938,1514529919.19,binance
2023-12-22,43861.79,44398.26,43412.54,43969.04,32783.1964,1436074497.51,binance
2023-12-23,43969.04,43988.68,43291.1,43702.16,16557.1293,722943825.33,binance
2023-12-24,43702.15,43946.0,42500.0,42991.5,25144.335,1093460634.89,binance
2023-12-25,42991.5,43802.32,42720.43,43576.13,27021.2399,1172053386.51,binance
2023-12-26,43576.12,43592.68,41637.6,42508.93,41010.0428,1746333612.3,binance
2023-12-27,42508.93,43677.0,42098.69,43428.85,36191.2114,1554082990.05,binance
2023-12-28,43428.86,43787.57,42241.79,42563.76,35150.5248,1508408742.38,binance
2023-12-29,42563.76,43111.0,41300.0,42066.95,42597.1891,1803086285.25,binance
2023-12-30,42066.94,42612.32,41520.3,42140.28,22906.5782,964875790.98,binance
2023-12-31,42140.29,42899.0,41965.84,42283.58,23585.916,1001519241.56,binance
2024-01-01,42283.58,44184.1,42180.77,44179.55,27174.299,1169995682.03,binance
2024-01-02,44179.55,45879.63,44148.34,44946.91,65146.4066,2944331821.82,binance
2024-01-03,44946.91,45500.0,40750.0,42845.23,81194.5517,3507104563.74,binance
2024-01-04,42845.23,44729.58,42613.77,44151.1,48038.0633,2095095359.49,binance
2024-01-05,44151.1,44357.46,42450.0,44145.11,48075.2533,2100953924.37,binance
2024-01-06,44145.12,44214.42,43397.05,43968.32,17835.0614,781212883.49,binance
2024-01-07,43968.32,44480.59,43572.09,43929.02,23023.8508,1014635096.12,binance
2024-01-08,43929.01,47248.99,43175.0,46951.04,72814.5759,3298772150.68,binance
2024-01-09,46951.04,47972.0,44748.67,46110.0,69927.6662,3251442072.81,binance
2024-01-10,46110.0,47695.93,44300.36,46653.99,89911.412,4123809481.71,binance
2024-01-11,46654.0,48969.48,45606.06,46339.16,87470.3296,4105139605.03,binance
2024-01-12,46339.16,46515.53,41500.0,42782.73,86327.9371,3827483735.58,binance
2024-01-13,42782.74,43257.0,42436.12,42847.99,36118.4746,1547370611.55,binance
2024-01-14,42847.99,43079.0,41720.0,41732.35,28228.4089,1202212782.26,binance
2024-01-15,41732.35,43400.43,41718.05,42511.1,40269.893,1718982911.11,binance
2024-01-16,42511.1,43578.01,42050.0,43137.95,45045.7459,1931947150.06,binance
2024-01-17,43137.94,43198.0,42200.69,42776.1,33266.2139,1419888430.92,binance
2024-01-18,42776.09,42930.0,40683.28,41327.5,43907.5164,1839426541.26,binance
2024-01-19,41327.51,42196.86,40280.0,41659.03,48342.7456,1993846466.54,binance
2024-01-20,41659.03,41872.56,41456.3,41696.04,15923.9949,662768008.15,binance
2024-01-21,41696.05,41881.39,41500.98,41580.33,11730.163,489151571.03,binance
2024-01-22,41580.32,41689.65,39431.58,39568.02,55426.1991,2247452153.8,binance
2024-01-23,39568.02,40176.74,38555.0,39897.6,57956.6335,2275851990.65,binance
2024-01-24,39897.59,40555.0,39484.19,40084.88,39293.8286,1569704923.83,binance
2024-01-25,40084.89,40300.24,39550.0,39961.09,31022.1185,1238813296.15,binance
2024-01-26,39961.09,42246.82,39822.52,41823.51,47384.9673,1951700659.29,binance
2024-01-27,41823.51,42200.0,41394.34,42120.63,16224.4167,678418702.35,binance
2024-01-28,42120.63,42842.68,41620.81,42031.06,27294.9984,1154365891.67,binance
2024-01-29,42031.05,43333.0,41804.88,43302.7,31542.7421,1343462280.36,binance
2024-01-30,43302.71,43882.36,42683.99,42941.1,37619.2455,1633251085.67,binance
2024-01-31,42941.1,43745.11,42276.84,42580.0,39871.1369,1711665577.05,binance
2024-02-01,42580.0,43285.13,41884.28,43082.94,35231.0466,1497121440.64,binance
2024-02-02,43082.95,43488.0,42546.79,43200.0,29672.1442,1277919437.29,binance
2024-02-03,43199.99,43380.01,42880.0,43011.09,12033.41,518775350.03,binance
2024-02-04,43011.1,43119.04,42222.0,42582.88,17066.894,730999557.71,binance
2024-02-05,42582.88,43569.76,42258.1,42708.7,29467.759,1262620640.54,binance
2024-02-06,42708.7,43399.98,42574.0,43098.95,24675.8543,1061049582.6,binance
2024-02-07,43098.96,44396.5,42788.0,44349.6,34392.5992,1496013692.38,binance
2024-02-08,44349.6,45614.3,44331.1,45288.65,45439.6223,2042912128.15,binance
2024-02-09,45288.66,48200.0,45242.12,47132.77,73503.481,3453043306.42,binance
2024-02-10,47132.78,48170.0,46800.0,47751.09,24802.3594,1176079377.69,binance
2024-02-11,47751.08,48592.66,47557.16,48299.99,29958.8084,1443314885.77,binance
2024-02-12,48300.0,50334.82,47710.01,49917.27,59009.967,2898220863.02,binance
2024-02-13,49917.28,50368.61,48300.95,49699.59,55551.5671,2745025370.07,binance
2024-02-14,49699.6,52043.71,49225.01,51795.17,57046.374,2919604456.72,binance
2024-02-15,51795.17,52816.62,51314.0,51880.0,53816.0306,2802825737.99,binance
2024-02-16,51880.01,52572.08,51566.0,52124.11,37772.2532,1965003863.97,binance
2024-02-17,52124.1,52162.82,50625.0,51642.64,25674.0062,1319908544.98,binance
2024-02-18,51642.64,52377.0,51163.28,52137.67,21992.1036,1139209588.43,binance
2024-02-19,52137.68,52488.77,51677.0,51774.73,29534.9943,1539600521.6,binance
2024-02-20,51774.74,52985.0,50760.37,52258.82,49614.4732,2574874999.38,binance
2024-02-21,52258.82,52366.8,50625.0,51849.39,43079.4005,2210278288.73,binance
2024-02-22,51849.38,52065.78,50940.78,51288.42,35309.4457,1820949707.16,binance
2024-02-23,51288.42,51548.54,50521.0,50744.15,30545.7954,1559143576.83,binance
2024-02-24,50744.15,51698.0,50585.0,51568.22,16560.4211,847793393.57,binance
2024-02-25,51568.21,51958.55,51279.8,51728.85,18721.6316,966951114.45,binance
2024-02-26,51728.85,54910.0,50901.44,54476.47,51256.722,2710403072.98,binance
2024-02-27,54476.48,57588.15,54450.13,57037.34,67194.9856,3795949115.22,binance
2024-02-28,57037.35,64000.0,56691.85,62432.1,118763.4698,7162581994.49,binance
2024-02-29,62432.11,63676.35,60364.7,61130.98,78425.076,4872212871.28,binance
2024-03-01,61130.99,63114.23,60777.0,62387.9,47737.9347,2956537377.97,binance
2024-03-02,62387.9,62433.19,61561.12,61987.28,25534.7366,1582566973.83,binance
2024-03-03,61987.28,63231.88,61320.0,63113.97,28994.909,1804536272.94,binance
2024-03-04,63113.97,68499.0,62300.0,68245.71,84835.16,5568877537.08,binance
2024-03-05,68245.71,69000.0,59005.0,63724.01,132696.7813,8674526591.29,binance
2024-03-06,63724.01,67641.1,62779.14,66074.04,78738.8549,5197743036.6,binance
2024-03-07,66074.04,67980.0,65551.0,66823.17,53059.8869,3548088039.27,binance
2024-03-08,66823.18,69990.0,66082.66,68124.19,74261.9328,5044395324.4,binance
2024-03-09,68124.2,68541.1,67861.1,68313.27,19872.8974,1355964036.91,binance
2024-03-10,68313.28,69887.61,68094.75,68955.88,38404.6684,2659307501.09,binance
2024-03-11,68955.88,72800.0,67024.96,72078.1,75292.8257,5352704377.62,binance
2024-03-12,72078.1,73000.0,68620.82,71452.01,68783.5467,4909667978.56,binance
2024-03-13,71452.0,73650.25,71333.31,73072.41,52659.7116,3829764501.25,binance
2024-03-14,73072.4,73777.0,68555.0,71388.94,71757.6287,5132189849.1,binance
2024-03-15,71388.94,72419.71,65600.0,69499.85,103334.0355,7065279917.87,binance
2024-03-16,69499.84,70043.0,64780.0,65300.63,55926.9534,3788544202.88,binance
2024-03-17,65300.64,68904.4,64533.0,68393.48,49742.2159,3322963634.24,binance
2024-03-18,68393.47,68956.0,66565.2,67609.99,55691.0809,3768277912.42,binance
2024-03-19,67610.0,68124.11,61555.0,61937.4,101005.3249,6484805948.54,binance
2024-03-20,61937.41,68100.0,60775.0,67840.51,90420.5859,5769770052.06,binance
2024-03-21,67840.51,68240.47,64529.01,65501.27,53357.48,3551223142.96,binance
2024-03-22,65501.28,66649.62,62260.0,63796.64,51482.3782,3310481978.11,binance
2024-03-23,63796.64,65999.0,63000.0,63990.01,26410.1141,1706152172.63,binance
2024-03-24,63990.02,67628.69,63772.29,67209.99,31395.7802,2059312948.65,binance
2024-03-25,67210.0,71150.0,66385.06,69880.01,53431.1449,3679964073.81,binance
2024-03-26,69880.0,71561.1,69280.0,69988.0,38934.3842,2738537345.34,binance
2024-03-27,69987.99,71769.54,68359.18,69469.99,49119.3568,3426458581.94,binance
2024-03-28,69469.99,71552.06,68903.62,70780.6,35439.0324,2500571208.0,binance
2024-03-29,70780.6,70916.16,69009.0,69850.54,25445.0835,1779608477.32,binance
2024-03-30,69850.53,70321.1,69540.0,69582.18,13644.6114,954555919.69,binance
2024-03-31,69582.17,71366.0,69562.99,71280.01,19396.3443,1367523707.26,binance
2024-04-01,71280.0,71288.23,68062.86,69649.8,41445.3204,2876486469.47,binance
2024-04-02,69649.81,69674.23,64550.0,65463.99,71799.8279,4750030717.92,binance
2024-04-03,65463.99,66903.63,64493.07,65963.28,39887.2178,2630556596.14,binance
2024-04-04,65963.27,69309.91,65064.52,68487.79,41510.4845,2795469450.57,binance
2024-04-05,68487.8,68756.67,65952.56,67820.62,37915.2307,2555458935.24,binance
2024-04-06,67820.63,69692.0,67447.83,68896.0,20134.2892,1373131967.76,binance
2024-04-07,68896.0,70326.29,68824.0,69360.39,21534.7443,1496213373.19,binance
2024-04-08,69360.38,72797.99,69043.24,71620.0,45723.8762,3270853309.66,binance
2024-04-09,71620.0,71758.19,68210.0,69146.0,39293.9024,2749007421.64,binance
2024-04-10,69146.0,71172.08,67518.0,70631.08,42006.0238,2901564970.82,binance
2024-04-11,70631.08,71305.89,69567.21,70006.23,31917.256,2247473274.62,binance
2024-04-12,70006.22,71227.46,65086.86,67116.52,56072.8623,3843551585.32,binance
2024-04-13,67116.52,67929.0,60660.57,63924.51,71395.2202,4614468627.81,binance
2024-04-14,63924.52,65840.0,62134.0,65661.84,61599.1782,3946124834.7,binance
2024-04-15,65661.85,66867.07,62274.4,63419.99,52389.5307,3398072231.56,binance
2024-04-16,63419.99,64365.0,61600.0,63793.39,53435.2933,3355338198.45,binance
2024-04-17,63793.4,64499.0,59678.16,61277.37,50610.5451,3128625247.47,binance
2024-04-18,61277.38,64117.09,60803.35,63470.08,43601.6092,2726741448.89,binance
2024-04-19,63470.09,65450.0,59600.01,63818.01,69774.3027,4419893235.18,binance
2024-04-20,63818.01,65419.0,63090.07,64940.59,23137.4298,1486949581.44,binance
2024-04-21,64940.58,65695.56,64237.5,64941.15,19316.4215,1254396628.15,binance
2024-04-22,64941.15,67232.35,64500.0,66819.32,31397.9937,2071690434.98,binance
2024-04-23,66819.32,67183.01,65765.81,66414.0,22599.9,1502139968.72,binance
2024-04-24,66414.0,67070.43,63606.06,64289.59,33595.6964,2195714861.66,binance
2024-04-25,64289.58,65297.94,62794.0,64498.34,31341.4634,2007704069.26,binance
2024-04-26,64498.33,64820.01,63297.48,63770.01,27085.1935,1736631357.35,binance
2024-04-27,63770.0,63923.41,62391.24,63461.98,20933.0605,1320337707.79,binance
2024-04-28,63461.98,64370.0,62781.0,63118.62,16949.2,1078450016.47,binance
2024-04-29,63118.62,64228.35,61765.53,63866.0,28150.2295,1765038324.68,binance
2024-04-30,63866.0,64734.0,59191.6,60672.0,54947.6554,3372142467.43,binance
2024-05-01,60672.01,60841.63,56552.82,58364.97,81166.4682,4705572361.74,binance
2024-05-02,58364.97,59625.0,56911.84,59060.61,47583.8196,2778840305.05,binance
2024-05-03,59060.6,63333.0,58811.32,62882.01,43628.4014,2658193708.35,binance
2024-05-04,62882.01,64540.0,62541.03,63892.04,24368.6928,1547468697.88,binance
2024-05-05,63892.03,64646.0,62822.17,64012.0,18526.7503,1182572239.53,binance
2024-05-06,64012.0,65500.0,62700.0,63165.19,34674.9195,2218131198.47,binance
2024-05-07,63165.18,64422.41,62261.0,62312.08,25598.7947,1624531631.59,binance
2024-05-08,62312.07,63020.22,60888.0,61193.03,26121.19,1623561041.13,binance
2024-05-09,61193.03,63429.03,60630.0,63074.01,30660.8061,1895849912.77,binance
2024-05-10,63074.0,63469.13,60187.12,60799.99,36529.3402,2255550468.41,binance
2024-05-11,60799.99,61515.0,60487.09,60825.99,13374.5694,814928013.46,binance
2024-05-12,60825.99,61888.0,60610.0,61483.99,12753.1324,781041632.46,binance
2024-05-13,61484.0,63450.0,60749.21,62940.08,32733.4184,2041896626.61,binance
2024-05-14,62940.09,63118.36,61142.77,61577.49,29088.7204,1800171876.17,binance
2024-05-15,61577.49,66444.16,61319.47,66206.5,43559.7472,2794259631.89,binance
2024-05-16,66206.51,66752.01,64602.77,65235.21,31106.3671,2045507646.83,binance
2024-05-17,65235.21,67451.2,65106.38,67024.0,26292.2341,1745971822.34,binance
2024-05-18,67024.0,67400.01,66600.0,66915.2,14441.2577,967145944.68,binance
2024-05-19,66915.2,67700.0,65857.25,66274.01,18025.3041,1204989222.88,binance
2024-05-20,66274.0,71515.56,66060.31,71446.62,50816.7011,3485474763.75,binance
2024-05-21,71446.62,71979.0,69162.94,70148.34,49607.4336,3509345769.23,binance
2024-05-22,70148.34,70666.0,68842.19,69166.62,27673.1803,1931700812.3,binance
2024-05-23,69166.62,70096.12,66312.16,67969.65,40513.1737,2766790260.79,binance
2024-05-24,67969.66,69250.0,66600.12,68549.99,28095.8366,1906438696.72,binance
2024-05-25,68549.99,69610.0,68500.0,69290.57,12130.3942,837339788.98,binance
2024-05-26,69290.56,69562.23,68128.01,68507.67,11872.118,818914878.99,binance
2024-05-27,68507.67,70687.56,68250.0,69436.43,23136.9274,1604722197.84,binance
2024-05-28,69436.43,69591.81,67277.91,68398.39,32622.9704,2224860225.8,binance
2024-05-29,68398.4,68935.68,67124.65,67652.42,23159.8315,1573095221.65,binance
2024-05-30,67652.41,69500.0,67128.0,68352.17,28478.2184,1945001081.52,binance
2024-05-31,68352.17,69044.1,66670.0,67540.01,26690.3218,1812659052.25,binance
2024-06-01,67540.01,67900.0,67428.44,67766.85,8837.6613,598305207.99,binance
2024-06-02,67766.84,68460.0,67257.47,67765.63,15426.3253,1046827665.38,binance
2024-06-03,67765.62,70288.0,67612.48,68809.9,29633.374,2047757076.23,binance
2024-06-04,68809.89,71063.45,68567.32,70537.84,29619.7849,2069902136.99,binance
2024-06-05,70537.83,71758.0,70383.66,71108.0,28703.1808,2040073765.87,binance
2024-06-06,71108.0,71700.0,70117.64,70799.06,21842.0045,1551467659.15,binance
2024-06-07,70799.06,71997.02,68420.0,69355.6,35598.4504,2507250591.33,binance
2024-06-08,69355.6,69582.2,69168.02,69310.46,9773.8297,678267390.53,binance
2024-06-09,69310.46,69857.14,69130.24,69648.14,9890.5671,687344656.07,binance
2024-06-10,69648.15,70195.94,69172.29,69540.0,17122.6694,1192466549.97,binance
2024-06-11,69540.0,69590.01,66051.0,67314.24,41436.0159,2793799020.47,binance
2024-06-12,67314.23,69999.0,66905.0,68263.99,37175.3236,2550285139.18,binance
2024-06-13,68263.98,68449.3,66251.78,66773.01,29079.5557,1958897960.92,binance
2024-06-14,66773.01,67370.24,65078.0,66043.99,28408.188,1884451554.43,binance
2024-06-15,66043.99,66478.48,65857.1,66228.25,11451.8024,758175888.03,binance
2024-06-16,66228.25,66998.7,66034.5,66676.87,9392.5222,624653672.61,binance
2024-06-17,66676.86,67298.81,65130.0,66504.33,27386.1685,1812061226.76,binance
2024-06-18,66504.33,66588.23,64060.0,65175.32,42350.1024,2755141806.03,binance
2024-06-19,65175.32,65727.54,64666.0,64974.37,20060.7958,1307731953.95,binance
2024-06-20,64974.37,66482.94,64559.15,64869.99,24265.2903,1584896152.17,binance
2024-06-21,64869.99,65066.66,63379.35,64143.56,25993.5644,1665541539.71,binance
2024-06-22,64143.56,64546.81,63943.82,64262.01,7308.9554,470027247.34,binance
2024-06-23,64262.01,64521.0,63178.32,63210.01,8224.4545,526848525.0,binance
2024-06-24,63210.01,63369.8,58402.0,60293.3,52161.3541,3180853460.92,binance
2024-06-25,60293.3,62420.0,60257.06,61806.01,31189.2436,1914901308.85,binance
2024-06-26,61806.01,62487.81,60712.0,60864.99,22485.6646,1381716993.36,binance
2024-06-27,60864.98,62389.22,60606.63,61706.47,18344.2863,1126705164.78,binance
2024-06-28,61706.46,62225.31,60063.0,60427.84,24821.1926,1519872032.03,binance
2024-06-29,60427.84,61224.0,60383.77,60986.68,11509.559,701345872.49,binance
2024-06-30,60986.68,63058.76,60712.21,62772.01,17326.3014,1070250012.54,binance
2024-07-01,62772.01,63861.76,62497.2,62899.99,24547.1054,1550980813.67,binance
2024-07-02,62900.0,63288.83,61806.28,62135.47,18573.1188,1160792332.62,binance
2024-07-03,62135.46,62285.94,59400.0,60208.58,32160.1113,1945901232.91,binance
2024-07-04,60208.57,60498.19,56771.0,57050.01,54568.7728,3168619756.24,binance
2024-07-05,57050.02,57546.0,53485.93,56628.79,81348.2476,4515040083.54,binance
2024-07-06,56628.79,58475.0,56018.0,58230.13,21651.3156,1235398733.44,binance
2024-07-07,58230.13,58449.46,55724.37,55857.81,19118.9392,1094135752.45,binance
2024-07-08,55857.81,58236.73,54260.16,56714.62,48090.2049,2699942701.38,binance
2024-07-09,56714.61,58296.0,56289.45,58050.0,27732.2079,1592351321.66,binance
2024-07-10,58050.0,59470.0,57157.79,57725.85,24951.738,1452293495.65,binance
2024-07-11,57725.85,59650.0,57050.0,57339.89,29761.0574,1728929618.06,binance
2024-07-12,57339.89,58526.68,56542.47,57889.1,23652.4569,1360201319.08,binance
2024-07-13,57889.09,59850.0,57756.63,59204.02,15357.7452,900429281.15,binance
2024-07-14,59204.01,61420.69,59194.01,60797.91,21178.3391,1273562988.61,binance
2024-07-15,60797.91,64900.0,60632.3,64724.14,38690.9782,2435540879.03,binance
2024-07-16,64724.06,65388.97,62373.24,65043.99,42530.5292,2725231969.29,binance
2024-07-17,65044.0,66128.63,63854.0,64087.99,29567.5295,1922412273.09,binance
2024-07-18,64087.99,65133.3,63238.48,63987.92,22568.7225,1449872437.65,binance
2024-07-19,63987.92,67386.0,63300.67,66660.0,35634.7274,2331517674.37,binance
2024-07-20,66660.01,67598.0,66222.46,67139.96,14386.9243,961878801.85,binance
2024-07-21,67139.97,68366.66,65777.0,68165.34,21819.1119,1465757867.97,binance
2024-07-22,68165.35,68474.55,66559.97,67532.01,21451.043,1448418369.85,binance
2024-07-23,67532.0,67750.98,65441.08,65936.01,31406.1532,2088544473.32,binance
2024-07-24,65936.0,67102.01,65111.0,65376.0,23082.5628,1526490826.47,binance
2024-07-25,65376.01,66175.49,63456.7,65799.95,35126.4293,2266419771.22,binance
2024-07-26,65799.95,68200.0,65722.63,67907.99,24244.3602,1630839588.7,binance
2024-07-27,67908.0,69399.99,66650.0,67896.5,31710.2192,2162335067.02,binance
2024-07-28,67896.49,68318.43,67066.66,68249.88,10868.6939,736755676.14,binance
2024-07-29,68249.88,70079.99,66428.0,66784.69,36467.2963,2499265962.09,binance
2024-07-30,66784.68,67000.0,65302.67,66188.0,23132.2544,1533270724.8,binance
2024-07-31,66188.0,66849.24,64530.0,64628.0,22625.439,1489443332.6,binance
2024-08-01,64628.01,65659.78,62302.0,65354.02,35542.2685,2270877792.66,binance
2024-08-02,65354.02,65596.14,61230.01,61498.33,38820.4294,2469588785.7,binance
2024-08-03,61498.34,62198.22,59850.0,60697.99,28034.7157,1711555901.18,binance
2024-08-04,60697.99,61117.63,57122.77,58161.0,31616.52,1874490041.54,binance
2024-08-05,58161.0,58305.59,49000.0,54018.81,162065.5919,8580928177.43,binance
2024-08-06,54018.82,57040.99,53950.0,56022.01,55884.7768,3119018848.33,binance
2024-08-07,56022.0,57736.05,54558.62,55134.16,44269.3768,2490553853.6,binance
2024-08-08,55133.76,62745.14,54730.0,61685.99,48349.5295,2836312292.43,binance
2024-08-09,61686.0,61744.37,59535.0,60837.99,30972.4802,1878350555.51,binance
2024-08-10,60837.99,61470.58,60242.0,60923.51,9995.2062,607372221.25,binance
2024-08-11,60923.51,61858.0,58286.73,58712.59,19189.8451,1152081498.16,binance
2024-08-12,58712.59,60711.09,57642.21,59346.64,37009.9174,2186851067.32,binance
2024-08-13,59346.64,61578.1,58392.88,60587.15,27858.9585,1668247896.85,binance
2024-08-14,60587.16,61800.0,58433.18,58683.39,28422.7633,1705464263.51,binance
2024-08-15,58683.39,59849.38,56078.54,57541.06,37686.1762,2194915865.05,binance
2024-08-16,57541.05,59817.76,57098.62,58874.6,27610.8434,1614654900.33,binance
2024-08-17,58874.59,59700.0,58785.05,59491.99,7721.7293,457737705.77,binance
2024-08-18,59491.99,60284.99,58408.92,58427.35,13634.8572,813166580.73,binance
2024-08-19,58427.35,59617.63,57787.3,59438.5,22809.3125,1336287900.2,binance
2024-08-20,59438.5,61400.0,58548.23,59013.8,31477.4455,1890620149.79,binance
2024-08-21,59013.8,61820.93,58783.47,61156.03,27983.6422,1682529555.1,binance
2024-08-22,61156.03,61400.0,59724.87,60375.84,21241.2059,1288544247.96,binance
2024-08-23,60375.83,64955.0,60342.14,64037.24,38118.0709,2375916932.79,binance
2024-08-24,64037.24,64494.5,63531.0,64157.01,15857.1562,1015774255.17,binance
2024-08-25,64157.02,65000.0,63773.27,64220.0,12305.4798,789935122.99,binance
2024-08-26,64219.99,64481.0,62800.0,62834.0,19470.0528,1238341818.43,binance
2024-08-27,62834.0,63212.0,58034.01,59415.0,35135.9418,2158144642.99,binance
2024-08-28,59415.0,60234.98,57860.0,59034.9,36868.5428,2183054412.97,binance
2024-08-29,59034.9,61166.99,58713.09,59359.01,27020.9074,1617931684.26,binance
2024-08-30,59359.0,59944.07,57701.1,59123.99,28519.322,1680918972.47,binance
2024-08-31,59123.99,59462.38,58744.0,58973.99,8798.409,519849184.87,binance
2024-09-01,58974.0,59076.59,57201.0,57301.86,20705.1574,1202176847.39,binance
2024-09-02,57301.77,59425.69,57128.0,59132.13,22895.0146,1333092369.45,binance
2024-09-03,59132.12,59809.65,57415.0,57487.73,22828.1845,1335076815.86,binance
2024-09-04,57487.74,58519.0,55606.0,57970.9,35560.8215,2027630870.18,binance
2024-09-05,57970.9,58327.07,55643.65,56180.0,27806.9141,1577770853.1,binance
2024-09-06,56180.0,57008.0,52550.0,53962.97,54447.7683,2988914918.92,binance
2024-09-07,53962.97,54850.0,53745.54,54160.86,16694.0477,905693342.59,binance
2024-09-08,54160.86,55318.0,53629.01,54869.95,16274.1478,885743172.92,binance
2024-09-09,54869.95,58088.0,54591.96,57042.0,32384.5174,1809715390.05,binance
2024-09-10,57042.01,58044.36,56386.4,57635.99,23626.7813,1349365460.09,binance
2024-09-11,57635.99,57981.71,55545.19,57338.0,33026.5676,1875738697.38,binance
2024-09-12,57338.0,58588.0,57324.0,58132.32,31074.4063,1802848638.08,binance
2024-09-13,58132.31,60625.0,57632.62,60498.0,29825.2333,1760671733.55,binance
2024-09-14,60497.99,60610.45,59400.0,59993.03,12137.909,728527024.34,binance
2024-09-15,59993.02,60395.8,58691.05,59132.0,13757.9236,822410872.39,binance
2024-09-16,59132.0,59210.7,57493.3,58213.99,26477.5642,1543273198.7,binance
2024-09-17,58213.99,61320.0,57610.01,60313.99,33116.2588,1983378424.78,binance
2024-09-18,60313.99,61786.24,59174.8,61759.99,36087.0247,2174000496.82,binance
2024-09-19,61759.98,63850.0,61555.0,62947.99,34332.5261,2153175931.17,binance
2024-09-20,62948.0,64133.32,62350.0,63201.05,25466.3779,1611195963.99,binance
2024-09-21,63201.05,63559.9,62758.0,63348.96,8375.3461,528657852.32,binance
2024-09-22,63348.97,64000.0,62357.93,63578.76,14242.1989,897477338.37,binance
2024-09-23,63578.76,64745.88,62538.75,63339.99,24078.0529,1531015038.37,binance
2024-09-24,63339.99,64688.0,62700.0,64262.7,23185.0476,1472720338.86,binance
2024-09-25,64262.7,64817.99,62947.08,63152.01,17813.1117,1135250828.27,binance
2024-09-26,63152.01,65839.0,62670.0,65173.99,28373.3059,1831204595.94,binance
2024-09-27,65173.99,66498.0,64819.9,65769.95,22048.8049,1448852210.36,binance
2024-09-28,65769.95,66260.0,65422.23,65858.0,9127.2332,600118483.12,binance
2024-09-29,65858.0,66076.12,65432.0,65602.01,8337.7411,547980013.72,binance
2024-09-30,65602.01,65618.8,62856.3,63327.59,30011.0875,1920250261.74,binance
2024-10-01,63327.6,64130.63,60164.0,60805.78,43671.4811,2723672081.83,binance
2024-10-02,60804.92,62390.31,60000.0,60649.28,31534.7012,1928377637.84,binance
2024-10-03,60649.27,61477.19,59828.11,60752.71,26221.4347,1590773866.81,binance
2024-10-04,60752.72,62484.85,60459.9,62086.0,21294.6599,1311145630.5,binance
2024-10-05,62086.0,62370.56,61689.26,62058.0,7807.4614,484588468.34,binance
2024-10-06,62058.01,62975.0,61798.97,62819.91,8906.8618,555669634.48,binance
2024-10-07,62819.91,64478.19,62128.0,62224.0,25966.1852,1646315506.58,binance
2024-10-08,62224.01,63200.0,61860.31,62160.49,19702.2237,1230076253.82,binance
2024-10-09,62160.5,62543.75,60301.0,60636.02,20011.1568,1234778807.59,binance
2024-10-10,60636.01,61321.68,58946.0,60326.39,23967.9248,1445604381.94,binance
2024-10-11,60326.4,63417.56,60087.64,62540.0,23641.3521,1462219576.85,binance
2024-10-12,62539.99,63480.0,62487.23,63206.22,10911.3012,686978508.99,binance
2024-10-13,63206.23,63285.72,62050.0,62870.02,11909.22,746564374.21,binance
2024-10-14,62870.02,66500.0,62457.81,66083.99,37669.9522,2450094472.81,binance
2024-10-15,66084.0,67950.0,64800.01,67074.14,43683.9542,2894021862.32,binance
2024-10-16,67074.14,68424.0,66750.49,67620.01,29938.2554,2024560410.11,binance
2024-10-17,67620.0,67939.4,66666.0,67421.78,25328.2286,1702164439.57,binance
2024-10-18,67421.78,69000.0,67192.36,68428.0,28725.635,1959735899.88,binance
2024-10-19,68427.99,68693.26,68010.0,68378.0,8193.6674,559628628.96,binance
2024-10-20,68377.99,69400.0,68100.0,69031.99,12442.4738,854082429.81,binance
2024-10-21,69032.0,69519.52,66840.67,67377.5,31374.4218,2130833593.55,binance
2024-10-22,67377.5,67836.01,66571.42,67426.0,24598.9627,1654285791.66,binance
2024-10-23,67426.01,67472.83,65260.0,66668.65,25530.2407,1695101430.92,binance
2024-10-24,66668.65,68850.0,66510.0,68198.28,22589.8388,1526736320.91,binance
2024-10-25,68198.27,68771.49,65596.29,66698.33,34479.7112,2320667435.29,binance
2024-10-26,66698.32,67454.55,66439.9,67092.76,11842.9077,792887047.15,binance
2024-10-27,67092.76,68332.05,66913.73,68021.7,8653.1959,585006148.47,binance
2024-10-28,68021.69,70270.0,67618.0,69962.21,29046.7546,2005105729.82,binance
2024-10-29,69962.21,73620.12,69760.0,72736.42,50128.6059,3602465986.89,binance
2024-10-30,72736.41,72961.0,71436.0,72344.74,26885.9906,1941210537.29,binance
2024-10-31,72344.75,72700.0,69685.76,70292.01,29352.103,2091144977.49,binance
2024-11-01,70292.01,71632.95,68820.14,69496.01,38301.8676,2677358022.0,binance
2024-11-02,69496.0,69914.37,69000.14,69374.74,10521.6724,731232427.63,binance
2024-11-03,69374.74,69391.0,67478.73,68775.99,24995.7024,1709666206.41,binance
2024-11-04,68775.99,69500.0,66835.0,67850.01,29800.3919,2033902307.0,binance
2024-11-05,67850.01,70577.91,67476.63,69372.01,33355.0689,2310418908.07,binance
2024-11-06,69372.01,76400.0,69298.0,75571.99,104126.9948,7702283270.26,binance
2024-11-07,75571.99,76849.99,74416.0,75857.89,44869.4223,3391796661.97,binance
2024-11-08,75857.89,77199.99,75555.0,76509.78,36521.0996,2784449097.53,binance
2024-11-09,76509.78,76900.0,75714.66,76677.46,16942.0792,1294709001.6,binance
2024-11-10,76677.46,81500.0,76492.0,80370.01,61830.1004,4905441473.9,binance
2024-11-11,80370.01,89530.54,80216.01,88647.99,82323.6658,6944268709.94,binance
2024-11-12,88648.0,89940.0,85072.0,87952.01,97299.8879,8540084566.28,binance
2024-11-13,87952.0,93265.64,86127.99,90375.2,86763.8541,7790928962.04,binance
2024-11-14,90375.21,91790.0,86668.21,87325.59,56729.5109,5073860815.93,binance
2024-11-15,87325.59,91850.0,87073.38,91032.07,47927.9507,4276238971.18,binance
2024-11-16,91032.08,91779.66,90056.17,90586.92,22717.8769,2067958511.9,binance
2024-11-17,90587.98,91449.99,88722.0,89855.99,23867.5561,2153871724.81,binance
2024-11-18,89855.98,92594.0,89376.9,90464.08,46545.0345,4239909950.66,binance
2024-11-19,90464.07,93905.51,90357.0,92310.79,43660.0468,4025108502.85,binance
2024-11-20,92310.8,94831.97,91500.0,94286.56,42203.1987,3950932314.65,binance
2024-11-21,94286.56,98988.0,94040.0,98317.12,69228.3605,6722807908.33,binance
2024-11-22,98317.12,99588.01,97122.11,98892.0,46189.3092,4555536773.36,binance
2024-11-23,98892.0,98908.85,97136.0,97672.4,24757.8437,2431609866.33,binance
2024-11-24,97672.4,98564.0,95734.77,97900.04,31200.9784,3034172011.95,binance
2024-11-25,97900.05,98871.8,92600.19,93010.01,50847.451,4883444806.32,binance
2024-11-26,93010.01,94973.37,90791.1,91965.16,57858.7314,5370918648.82,binance
2024-11-27,91965.16,97208.21,91792.14,95863.11,41153.4273,3894358511.62,binance
2024-11-28,95863.11,96564.0,94640.0,95643.98,28814.5436,2749861591.26,binance
2024-11-29,95643.99,98619.99,95364.99,97460.0,27701.7823,2690451030.63,binance
2024-11-30,97460.0,97463.95,96092.01,96407.99,14503.8331,1402672950.7,binance
2024-12-01,96407.99,97836.0,95693.88,97185.18,16938.6045,1641327626.61,binance
2024-12-02,97185.17,98130.0,94395.0,95840.62,37958.6698,3646639621.74,binance
2024-12-03,95840.61,96305.52,93578.17,95849.69,35827.3228,3413995542.02,binance
2024-12-04,95849.69,99000.0,94587.83,98587.32,43850.5373,4241994533.79,binance
2024-12-05,98587.32,104088.0,90500.0,96945.63,109921.7297,11048002942.15,binance
2024-12-06,96945.63,101898.99,95981.72,99740.84,45049.5331,4456641685.36,binance
2024-12-07,99740.84,100439.18,98844.0,99831.99,14931.9459,1487953846.84,binance
2024-12-08,99831.99,101351.0,98657.7,101109.59,14612.9969,1459576946.4,binance
2024-12-09,101109.6,101215.93,94150.05,97276.47,53949.116,5283626995.71,binance
2024-12-10,97276.48,98270.0,94256.54,96593.0,51708.6893,4988660195.09,binance
2024-12-11,96593.0,101888.0,95658.24,101125.0,37753.7829,3745703763.02,binance
2024-12-12,101125.0,102540.0,99311.64,100004.29,29232.0874,2949462583.87,binance
2024-12-13,100004.29,101895.26,99205.0,101424.25,21904.0392,2203903393.07,binance
2024-12-14,101424.24,102650.0,100609.41,101420.0,14191.7033,1441594367.05,binance
2024-12-15,101420.0,105250.0,101237.14,104463.99,22228.9218,2290462903.84,binance
2024-12-16,104463.99,107793.07,103333.0,106058.66,41302.4027,4364964400.63,binance
2024-12-17,106058.65,108353.0,105321.49,106133.74,29064.9365,3103833327.78,binance
2024-12-18,106133.74,106524.98,100000.0,100204.01,50307.9976,5194263316.26,binance
2024-12-19,100204.01,102800.11,95700.0,97461.86,55147.398,5487546517.71,binance
2024-12-20,97461.86,98233.0,92232.54,97805.44,62884.1357,6022845238.83,binance
2024-12-21,97805.44,99540.61,96398.39,97291.99,23483.5414,2296232055.2,binance
2024-12-22,97292.0,97448.08,94250.35,95186.27,19353.8304,1857819866.36,binance
2024-12-23,95186.28,96538.92,92520.0,94881.47,32810.767,3100007213.49,binance
2024-12-24,94881.47,99487.99,93569.02,98663.58,23674.2249,2287214424.71,binance
2024-12-25,98663.58,99569.15,97632.02,99429.6,14474.1651,1426143976.05,binance
2024-12-26,99429.61,99963.7,95199.14,95791.6,21192.3673,2049123567.39,binance
2024-12-27,95791.6,97544.58,93500.01,94299.03,26501.2643,2528567849.78,binance
2024-12-28,94299.03,95733.99,94135.66,95300.0,8385.8929,794651624.83,binance
2024-12-29,95300.0,95340.0,93009.52,93738.2,13576.0058,1278370863.98,binance
2024-12-30,93738.19,95024.5,91530.45,92792.05,27619.4225,2573126059.77,binance
2024-12-31,92792.05,96250.0,92033.73,93576.0,19612.0339,1845718801.92,binance
2025-01-01,93576.0,95151.15,92888.0,94591.79,10373.3261,975444194.14,binance
2025-01-02,94591.78,97839.5,94392.0,96984.79,21970.4895,2118411852.68,binance
2025-01-03,96984.79,98976.91,96100.01,98174.18,15253.8294,1486610768.59,binance
2025-01-04,98174.17,98778.43,97514.79,98220.5,8990.0565,881223751.64,binance
2025-01-05,98220.51,98836.85,97276.79,98363.61,8095.6372,793931715.95,binance
2025-01-06,98363.61,102480.0,97920.0,102235.6,25263.4338,2540561688.78,binance
2025-01-07,102235.6,102724.38,96181.81,96954.61,32059.8754,3170421659.72,binance
2025-01-08,96954.6,97268.65,92500.9,95060.61,33704.6789,3205849081.11,binance
2025-01-09,95060.61,95382.32,91203.67,92552.49,34544.8368,3217669887.25,binance
2025-01-10,92552.49,95836.0,92206.02,94726.11,31482.8642,2962085343.28,binance
2025-01-11,94726.1,95050.94,93831.73,94599.99,7047.9043,665685994.93,binance
2025-01-12,94599.99,95450.1,93711.19,94545.06,8606.8662,813278829.66,binance
2025-01-13,94545.07,95940.0,89256.69,94536.1,42619.5642,3930666134.35,binance
2025-01-14,94536.11,97371.0,94346.22,96560.86,27846.6175,2676048470.36,binance
2025-01-15,96560.85,100681.94,96500.0,100497.35,30509.9918,3006242382.89,binance
2025-01-16,100497.35,100866.66,97335.13,99987.3,27832.8532,2765162040.64,binance
2025-01-17,99987.3,105865.22,99950.77,104077.48,39171.8529,4040993985.48,binance
2025-01-18,104077.47,104988.88,102277.55,104556.23,24307.83,2521522119.38,binance
2025-01-19,104556.23,106422.43,99651.6,101331.57,43397.283,4513423971.41,binance
2025-01-20,101331.57,109588.0,99550.0,102260.01,89529.2317,9398787064.32,binance
2025-01-21,102260.0,107240.81,100119.04,106143.82,45941.02,4768512258.16,binance
2025-01-22,106143.82,106394.46,103339.12,103706.66,22248.6925,2331144640.66,binance
2025-01-23,103706.66,106850.0,101262.28,103910.34,53953.1203,5610760848.13,binance
2025-01-24,103910.35,107120.0,102750.0,104870.5,23609.2402,2483818574.37,binance
2025-01-25,104870.51,105286.52,104106.09,104746.85,9068.3238,949511531.36,binance
2025-01-26,104746.86,105500.0,102520.44,102620.0,9812.5124,1024352365.47,binance
2025-01-27,102620.01,103260.0,97777.77,102082.83,50758.1341,5092886322.83,binance
2025-01-28,102082.83,103800.0,100272.68,101335.52,22022.0576,2253977324.04,binance
2025-01-29,101335.52,104782.68,101328.01,103733.24,23155.358,2380383694.77,binance
2025-01-30,103733.25,106457.44,103278.54,104722.94,19374.0747,2038112603.51,binance
2025-01-31,104722.94,106012.0,101560.0,102429.56,21983.1819,2282174002.2,binance
2025-02-01,102429.56,102783.71,100279.51,100635.65,12290.9575,1250354228.24,binance
2025-02-02,100635.66,101456.6,96150.0,97700.59,34619.4994,3412084312.58,binance
2025-02-03,97700.59,102500.01,91231.0,101328.52,75164.7385,7228589180.71,binance
2025-02-04,101328.51,101732.31,96150.0,97763.13,40267.987,3989698644.26,binance
2025-02-05,97763.14,99149.0,96155.0,96612.43,26233.3044,2562342153.83,binance
2025-02-06,96612.44,99120.0,95676.64,96554.35,23515.204,2289071921.22,binance
2025-02-07,96554.35,100137.99,95620.34,96506.8,31794.2206,3107592434.67,binance
2025-02-08,96506.8,96880.0,95688.0,96444.74,10147.2429,977040267.52,binance
2025-02-09,96444.75,97323.09,94713.0,96462.75,14120.9161,1359495152.31,binance
2025-02-10,96462.75,98345.0,95256.0,97430.82,20572.8754,1999112052.67,binance
2025-02-11,97430.82,98478.42,94876.88,95778.2,18647.7638,1806534846.39,binance
2025-02-12,95778.21,98119.99,94088.23,97869.99,29151.1662,2800142168.39,binance
2025-02-13,97870.0,98083.91,95217.36,96608.14,19921.7762,1916988246.39,binance
2025-02-14,96608.13,98826.0,96252.82,97500.48,18173.0265,1768073218.87,binance
2025-02-15,97500.47,97972.26,97223.58,97569.66,7349.3768,717245393.78,binance
2025-02-16,97569.67,97704.47,96046.18,96118.12,8191.4249,794694242.29,binance
2025-02-17,96118.12,97046.59,95205.0,95780.0,16492.0451,1584593526.18,binance
2025-02-18,95780.01,96753.91,93388.09,95671.74,23368.1947,2223994802.89,binance
2025-02-19,95671.74,96899.99,95029.99,96644.37,16438.5095,1576817572.1,binance
2025-02-20,96644.37,98711.36,96415.09,98305.0,17057.3918,1663386824.73,binance
2025-02-21,98305.01,99475.0,94871.95,96181.98,32249.2814,3143975917.57,binance
2025-02-22,96181.99,96980.0,95770.49,96551.01,11268.1771,1087077133.82,binance
2025-02-23,96551.01,96650.0,95227.94,96258.0,10884.8491,1044392011.79,binance
2025-02-24,96258.0,96500.0,91349.26,91552.88,31550.103,2981809595.45,binance
2025-02-25,91552.88,92540.69,86050.99,88680.4,78333.1111,6962982500.9,binance
2025-02-26,88680.39,89414.15,82256.01,84250.09,56893.5441,4898429925.64,binance
2025-02-27,84250.09,87078.46,82716.49,84708.58,42505.4544,3618738891.22,binance
2025-02-28,84708.57,85120.0,78258.52,84349.94,83648.0397,6806705236.69,binance
2025-03-01,84349.95,86558.0,83824.78,86064.53,25785.0546,2194003507.85,binance
2025-03-02,86064.54,95000.0,85050.6,94270.0,54889.0904,4972549515.79,binance
2025-03-03,94269.99,94416.46,85117.11,86220.61,59171.1022,5321123743.47,binance
2025-03-04,86221.16,88967.52,81500.0,87281.98,55609.1071,4704901219.59,binance
2025-03-05,87281.98,91000.0,86334.53,90606.01,38264.0116,3400243670.3,binance
2025-03-06,90606.0,92810.64,87836.0,89931.89,34342.449,3105145628.4,binance
2025-03-07,89931.88,91283.02,84667.03,86801.75,57980.3571,5097554826.61,binance
2025-03-08,86801.74,86897.25,85218.47,86222.45,12989.2305,1119358968.65,binance
2025-03-09,86222.46,86500.0,80000.0,80734.37,26115.3934,2173552660.45,binance
2025-03-10,80734.48,84123.46,77459.91,78595.86,47633.384,3834924947.76,binance
2025-03-11,78595.86,83617.4,76606.0,82932.99,48770.0685,3927000827.11,binance
2025-03-12,82932.99,84539.85,80607.65,83680.12,31933.986,2638600996.83,binance
2025-03-13,83680.12,84336.33,79939.9,81115.78,27546.2741,2260870111.24,binance
2025-03-14,81115.78,85309.71,80818.84,83983.2,26858.5276,2244729595.54,binance
2025-03-15,83983.19,84676.28,83618.0,84338.44,11324.7332,953445671.83,binance
2025-03-16,84338.44,85117.04,81981.12,82574.53,17596.1253,1468056556.3,binance
2025-03-17,82574.52,84756.83,82456.0,84010.03,17214.7436,1437716814.05,binance
2025-03-18,84010.02,84021.74,81134.66,82715.03,17610.8988,1450813055.48,binance
2025-03-19,82715.03,87000.0,82547.16,86845.94,28151.0537,2375813941.94,binance
2025-03-20,86845.93,87453.67,83655.23,84223.39,22090.3046,1885241921.16,binance
2025-03-21,84223.38,84850.33,83175.25,84088.79,11956.9744,1005135519.26,binance
2025-03-22,84088.79,84539.17,83625.1,83840.59,5420.2211,456235443.8,binance
2025-03-23,83840.59,86129.64,83809.75,86082.5,8461.9781,718692319.15,binance
2025-03-24,86082.5,88765.43,85519.09,87498.16,30115.6211,2636765917.95,binance
2025-03-25,87498.16,88539.63,86310.0,87392.87,22643.2525,1979571590.9,binance
2025-03-26,87392.88,88275.0,85860.0,86909.17,18408.7848,1606406955.59,binance
2025-03-27,86909.17,87756.39,85800.0,87232.01,17098.039,1487968807.71,binance
2025-03-28,87232.01,87515.67,83585.0,84424.38,27182.7317,2309946560.66,binance
2025-03-29,84424.38,84624.73,81644.81,82648.54,11696.3986,970199917.99,binance
2025-03-30,82648.53,83534.64,81565.0,82389.99,9864.4951,816584795.53,binance
2025-03-31,82390.0,83943.08,81278.52,82550.01,20569.1388,1696009191.08,binance
2025-04-01,82550.0,85579.46,82432.74,85158.34,20190.397,1698895702.58,binance
2025-04-02,85158.35,88500.0,82320.0,82516.29,39931.457,3417279759.83,binance
2025-04-03,82516.28,83998.02,81211.24,83213.09,27337.8414,2259299724.86,binance
2025-04-04,83213.09,84720.0,81659.0,83889.87,32915.5398,2739842666.43,binance
2025-04-05,83889.87,84266.0,82379.95,83537.99,9360.4047,779626577.9,binance
2025-04-06,83537.99,83817.63,77153.83,78430.0,27942.7144,2239085051.15,binance
2025-04-07,78430.0,81243.58,74508.0,79163.24,78387.5309,6084614024.15,binance
2025-04-08,79163.24,80867.99,76239.9,76322.42,35317.3206,2775277777.1,binance
2025-04-09,76322.42,83588.0,74620.0,82615.22,75488.2877,5980231256.22,binance
2025-04-10,82615.22,82753.21,78464.36,79607.3,33284.8072,2690294353.85,binance
2025-04-11,79607.3,84300.0,78969.58,83423.84,34435.438,2830363945.18,binance
2025-04-12,83423.83,85905.0,82792.95,85276.9,18470.7444,1557403252.93,binance
2025-04-13,85276.91,86100.0,83034.23,83760.0,24680.0418,2086106375.44,binance
2025-04-14,83760.0,85799.99,83678.0,84591.58,28659.0935,2429132805.08,binance
2025-04-15,84591.58,86496.42,83600.0,83643.99,20910.9953,1780972414.4,binance
2025-04-16,83643.99,85500.0,83111.64,84030.38,20867.2452,1753910031.2,binance
2025-04-17,84030.38,85470.01,83736.26,84947.91,13728.8477,1161659427.39,binance
2025-04-18,84947.92,85132.08,84303.96,84474.69,6529.9631,552648483.65,binance
2025-04-19,84474.7,85677.99,84364.45,85077.01,9666.5815,823222752.28,binance
2025-04-20,85077.0,85320.76,83949.52,85179.24,8091.6772,685253644.89,binance
2025-04-21,85179.24,88465.99,85144.76,87516.23,31773.3726,2773299591.47,binance
2025-04-22,87516.22,93888.0,87076.03,93442.99,43872.747,3967785064.13,binance
2025-04-23,93442.99,94696.05,91935.41,93691.08,27404.1681,2560279933.95,binance
2025-04-24,93691.07,94005.0,91660.01,93980.47,19497.0607,1811120137.31,binance
2025-04-25,93980.47,95758.04,92855.96,94638.68,27500.6665,2596877713.64,binance
2025-04-26,94638.68,95199.0,93870.69,94628.0,9415.0688,889627361.84,binance
2025-04-27,94628.0,95369.0,93602.58,93749.3,11162.841,1052334792.19,binance
2025-04-28,93749.29,95630.0,92800.01,95011.18,22157.5335,2092532996.56,binance
2025-04-29,95011.18,95461.53,93742.54,94256.82,16955.3402,1607154803.47,binance
2025-04-30,94256.82,95228.45,92910.0,94172.0,17661.2751,1664825670.98,binance
2025-05-01,94172.0,97424.02,94130.43,96489.91,21380.4534,2053857614.27,binance
2025-05-02,96489.9,97895.68,96350.0,96887.14,14905.7481,1446387651.58,binance
2025-05-03,96887.13,96935.67,95753.01,95856.42,9723.3484,935906144.97,binance
2025-05-04,95856.42,96304.48,94151.38,94277.62,11036.3834,1053542403.85,binance
2025-05-05,94277.61,95199.0,93514.1,94733.68,17251.1819,1626999380.18,binance
2025-05-06,94733.68,96920.65,93377.0,96834.02,16122.6451,1526847764.56,binance
2025-05-07,96834.02,97732.0,95784.61,97030.5,16644.8385,1611730124.59,binance
2025-05-08,97030.5,104145.76,96876.29,103261.6,34962.0285,3508645830.57,binance
2025-05-09,103261.61,104361.3,102315.14,102971.99,27617.3991,2847518447.98,binance
2025-05-10,102971.99,104984.57,102818.76,104809.53,15324.7861,1588386278.5,binance
2025-05-11,104809.53,104972.0,103345.06,104118.0,17987.122,1873381777.21,binance
2025-05-12,104118.0,105819.45,100718.37,102791.32,31272.7779,3242348937.38,binance
2025-05-13,102791.32,104976.25,101429.7,104103.72,21253.4241,2197244118.15,binance
2025-05-14,104103.72,104356.95,102602.05,103507.82,16452.9081,1704708279.39,binance
2025-05-15,103507.83,104192.7,101383.07,103763.71,17998.986,1850183474.53,binance
2025-05-16,103763.71,104550.33,103100.49,103463.9,15683.8802,1628832372.32,binance
2025-05-17,103463.9,103709.86,102612.5,103126.65,11250.8962,1160418362.95,binance
2025-05-18,103126.65,106660.0,103105.09,106454.26,21599.9873,2262214972.07,binance
2025-05-19,106454.27,107108.62,102000.0,105573.74,30260.0352,3150324504.6,binance
2025-05-20,105573.73,107320.0,104184.72,106849.99,23705.4828,2509102444.67,binance
2025-05-21,106850.0,110797.38,106100.01,109643.99,45531.0403,4914709514.32,binance
2025-05-22,109643.99,111980.0,109177.37,111696.21,31630.7731,3509432834.57,binance
2025-05-23,111696.22,111800.0,106800.0,107318.3,31737.7231,3469704446.39,binance
2025-05-24,107318.3,109506.03,106875.41,107761.91,16782.5313,1819958819.77,binance
2025-05-25,107761.9,109299.99,106600.64,109004.19,17710.047,1904366455.43,binance
2025-05-26,109004.2,110422.22,108670.58,109434.79,14649.1159,1605578282.11,binance
2025-05-27,109434.78,110718.0,107516.57,108938.17,21276.6564,2327603851.12,binance
2025-05-28,108938.17,109284.7,106769.43,107781.78,15633.7883,1689136748.51,binance
2025-05-29,107781.78,108891.91,105322.86,105589.75,19834.7012,2128639017.51,binance
2025-05-30,105589.75,106313.12,103621.0,103985.48,23706.498,2493078549.59,binance
2025-05-31,103985.47,104900.0,103068.55,104591.88,11289.3592,1174000801.51,binance
2025-06-01,104591.88,105866.91,103752.49,105642.93,9709.7001,1016188486.95,binance
2025-06-02,105642.93,105935.63,103659.88,105857.99,13453.9881,1409004206.99,binance
2025-06-03,105858.0,106794.67,104872.5,105376.89,13259.5263,1402493746.6,binance
2025-06-04,105376.9,106000.0,104179.0,104696.86,14034.8948,1476928482.37,binance
2025-06-05,104696.86,105909.71,100372.26,101508.68,22321.5015,2301567892.53,binance
2025-06-06,101508.69,105333.0,101095.8,104288.44,15839.0738,1642382404.94,binance
2025-06-07,104288.43,105900.0,103871.09,105552.15,8344.9321,877915380.95,binance
2025-06-08,105552.15,106488.14,104964.14,105734.0,8048.063,850887129.43,binance
2025-06-09,105734.01,110530.17,105318.37,110263.02,19975.3745,2154922022.22,binance
2025-06-10,110263.02,110400.0,108331.03,110274.39,17071.8284,1867620550.19,binance
2025-06-11,110274.39,110392.01,108064.0,108645.12,13115.9164,1434884639.75,binance
2025-06-12,108645.13,108813.55,105671.72,105671.73,17778.6722,1908309274.09,binance
2025-06-13,105671.74,106179.53,102664.31,106066.59,26180.8173,2735461890.69,binance
2025-06-14,106066.59,106252.0,104300.0,105414.64,8798.9397,925568614.18,binance
2025-06-15,105414.63,106128.57,104494.53,105594.01,7164.2005,754596887.87,binance
2025-06-16,105594.02,108952.38,104980.37,106794.53,14922.6654,1599849840.73,binance
2025-06-17,106794.53,107771.34,103371.02,104551.17,17866.3302,1883173484.9,binance
2025-06-18,104551.17,105550.27,103500.0,104886.78,13968.6417,1461383024.36,binance
2025-06-19,104886.79,105226.17,103929.27,104658.59,7678.6074,803402575.96,binance
2025-06-20,104658.59,106524.65,102345.0,103297.99,16419.0628,1714411911.01,binance
2025-06-21,103297.98,103982.64,100837.9,102120.01,11154.2133,1144829784.73,binance
2025-06-22,102120.02,103399.62,98200.0,100963.87,28746.4107,2892695407.81,binance
2025-06-23,100963.87,106074.2,99613.33,105333.93,27666.5061,2836166831.04,binance
2025-06-24,105333.94,106290.0,104622.02,106083.0,14651.6934,1543451113.46,binance
2025-06-25,106083.0,108135.3,105808.03,107340.58,16701.1555,1789545470.95,binance
2025-06-26,107340.59,108272.45,106562.5,106947.06,10573.2728,1136093974.68,binance
2025-06-27,106947.06,107735.34,106356.76,107047.59,12232.4404,1308420348.91,binance
2025-06-28,107047.58,107577.75,106811.51,107296.79,3282.1735,352025390.6,binance
2025-06-29,107296.79,108528.5,107172.52,108356.93,6831.7364,736708189.95,binance
2025-06-30,108356.93,108789.99,106733.33,107146.5,9754.1249,1050407152.35,binance
2025-07-01,107146.51,107540.0,105250.85,105681.14,10505.6244,1117432945.89,binance
2025-07-02,105681.13,109730.0,105100.19,108849.6,17691.8959,1915699005.88,binance
2025-07-03,108849.59,110529.18,108530.4,109584.78,13047.0822,1429459048.64,binance
2025-07-04,109584.77,109767.59,107245.0,107984.24,11793.8662,1276215111.67,binance
2025-07-05,107984.25,108420.56,107756.31,108064.0,1138.7132,123062936.95,binance
2025-07-06,108198.12,108268.35,108025.97,108036.0,355.2045,38421096.93,binance
2025-07-07,109203.85,109476.98,108679.75,109476.98,652.4145,71119978.7,binance
2025-07-08,108262.94,108525.0,107670.12,107722.34,842.1215,91056361.87,binance
2025-07-09,108922.99,109136.0,108722.09,108823.61,405.854,44197718.83,binance
2025-07-10,111234.0,111356.0,110880.0,111279.22,934.6217,103887726.64,binance
2025-07-11,116010.01,116098.8,115222.22,115789.71,2053.3983,237739246.8,binance
2025-07-12,117527.66,117743.19,117141.13,117646.37,790.084,92832651.94,binance
2025-07-13,117420.0,117640.61,117224.79,117420.29,444.1401,52151833.3,binance
2025-07-14,119086.65,119470.54,118905.18,119177.83,978.3959,116567854.94,binance
2025-07-15,119841.17,119940.83,117900.0,117989.89,3161.0031,375877955.57,binance
2025-07-16,117758.08,118195.0,117420.53,117519.27,1201.471,141505065.3,binance
2025-07-17,118630.44,119158.28,117683.53,118299.21,1336.7537,158273763.14,binance
2025-07-18,119177.56,120785.49,119020.48,120138.99,1804.4866,216592602.26,binance
2025-07-19,117924.84,118109.95,117613.35,118000.7,646.9616,76289494.88,binance
2025-07-20,117840.01,118131.2,117650.0,117884.29,563.9262,66494390.87,binance
2025-07-21,117265.11,117991.59,116515.0,117884.28,1716.1657,201111941.92,binance
2025-07-22,117380.36,117950.0,116128.0,117453.46,2436.3988,285394534.9,binance
2025-07-23,119954.43,120090.0,119119.86,119308.0,1062.0363,126961031.61,binance
2025-07-24,118756.0,119138.57,118571.17,118944.89,1010.4012,120184781.48,binance
2025-07-25,118340.98,118451.57,117099.99,117100.0,4295.5917,504816132.49,binance
2025-07-26,117614.31,117614.32,117138.38,117266.98,692.1534,81270733.68,binance
2025-07-27,117919.99,118260.0,117825.5,118150.38,573.1169,67667006.83,binance
2025-07-28,119415.56,119690.32,118960.5,119494.04,1129.1822,134712628.22,binance
2025-07-29,118062.32,118450.0,117450.0,117919.49,1186.1442,139861870.99,binance
2025-07-30,117950.75,118119.0,117412.53,118021.87,610.0166,71850694.2,binance
2025-07-31,117840.29,118542.39,117781.87,118172.36,1420.4182,167972620.09,binance
2025-08-01,115764.07,115933.0,114313.13,115760.31,4615.4698,531592887.11,binance
2025-08-02,113297.92,113909.3,113198.63,113751.5,941.8122,106961254.21,binance
2025-08-03,112546.35,113425.01,111920.0,113368.0,1650.6109,186182882.27,binance
2025-08-04,114208.81,115000.0,114107.6,114811.96,1159.0288,132804839.47,binance
2025-08-05,115055.03,115127.81,114651.56,114664.83,768.1519,88259803.38,binance
2025-08-06,114129.75,114139.38,113491.76,113679.97,683.682,77815038.89,binance
2025-08-07,114992.27,115185.58,114580.53,114769.7,808.035,92798995.88,binance
2025-08-08,117472.02,117630.0,116770.05,116788.74,1591.1612,186329336.56,binance
2025-08-09,116674.74,116750.0,116506.38,116506.38,357.1299,41649150.45,binance
2025-08-10,116462.25,116776.59,116460.63,116734.75,720.9488,84097769.04,binance
2025-08-11,119294.27,121669.35,118972.59,121459.83,4748.5255,570915433.2,binance
2025-08-12,118686.0,119108.06,118593.39,118968.74,1063.9134,126485424.19,binance
2025-08-13,120134.09,120192.1,119268.03,119274.59,1160.7818,138925756.22,binance
2025-08-14,123306.44,124474.0,123251.9,123568.65,2428.356,300609701.37,binance
2025-08-15,118295.09,118754.33,118032.32,118749.03,926.1537,109643805.2,binance
2025-08-16,117342.04,117898.99,117231.14,117666.79,936.1511,110091544.01,binance
2025-08-17,117380.66,117499.0,117172.21,117407.92,434.9551,51038421.13,binance
2025-08-18,117405.01,117543.75,115780.0,115802.33,3537.9698,412466694.53,binance
2025-08-19,116227.05,116725.69,115516.82,115760.0,1063.9127,123502436.5,binance
2025-08-20,112872.95,113413.23,112566.01,112962.01,1514.7512,171183640.05,binance
2025-08-21,114271.23,114691.26,113954.13,114665.14,843.7728,96412902.25,binance
2025-08-22,112500.0,112924.37,112335.6,112840.09,599.2221,67539037.67,binance
2025-08-23,116936.0,117030.0,116300.0,116425.33,882.6432,102991799.15,binance
2025-08-24,115438.06,115666.68,115196.0,115601.93,1193.3572,137713737.48,binance
2025-08-25,113493.59,113516.16,112159.0,113199.99,1458.7888,164653935.33,binance
2025-08-26,110111.98,110111.98,108666.66,109856.01,3231.3542,353591683.67,binance
2025-08-27,111763.22,111825.16,111092.8,111295.21,1064.9928,118709342.24,binance
2025-08-28,111262.01,111714.28,110862.42,111652.47,651.6852,72550991.72,binance
2025-08-29,112566.9,112638.64,111425.28,111472.82,1147.711,128492271.5,binance
2025-08-30,108377.4,108410.73,107912.97,107912.97,1016.9826,110054315.19,binance
2025-08-31,108816.33,109480.02,108801.35,109439.43,1232.2695,134519630.53,binance
2025-09-01,108246.36,108482.98,107631.68,107949.22,1699.006,183582831.1,binance
2025-09-02,109237.43,109611.11,108883.8,109326.01,1165.5218,127290578.74,binance
2025-09-03,111240.01,111782.21,110901.06,110961.93,1370.592,152656669.97,binance
2025-09-04,111705.72,112180.0,111619.86,111844.46,571.0191,63888355.67,binance
2025-09-05,110730.87,111169.98,110435.75,111053.72,809.9098,89682512.92,binance
2025-09-06,110660.0,111307.7,109977.0,110187.97,5000.299,552785936.54,binance
2025-09-07,110187.98,111600.0,110180.0,111137.34,5681.2994,630447950.16,binance
2025-09-08,111137.35,112924.37,110621.78,112065.23,11582.4021,1295903862.46,binance
2025-09-09,112065.23,113293.29,110766.66,111546.39,15379.2825,1721465997.91,binance
2025-09-10,111546.38,114313.13,110917.45,113960.0,17517.4182,1978834750.22,binance
2025-09-11,113960.0,115488.09,113430.0,115482.69,13676.7312,1562241144.96,binance
2025-09-12,115482.69,116665.63,114740.99,116029.42,15324.1072,1772122269.5,binance
2025-09-13,116029.41,116298.78,115127.27,115918.29,8269.4039,957724220.65,binance
2025-09-14,115918.29,116165.19,115135.0,115268.01,6707.602,775762364.97,binance
2025-09-15,115268.01,116757.99,114384.0,115349.71,13212.5115,1522648235.22,binance
2025-09-16,115349.71,116964.27,114737.11,116788.96,10926.9094,1265779287.52,binance
2025-09-17,116788.96,117286.73,114720.81,116447.59,16754.2454,1946083704.62,binance
2025-09-18,116447.6,117900.0,116092.76,117073.53,11657.2336,1367513347.49,binance
2025-09-19,117073.53,117459.99,115100.0,115632.38,8992.0906,1045792401.45,binance
2025-09-20,115632.39,116121.81,115408.47,115685.63,4674.9275,541264273.24,binance
2025-09-21,115685.63,115819.06,115188.0,115232.29,4511.5222,521299751.15,binance
2025-09-22,115232.29,115379.25,111800.0,112650.99,20781.7136,2348872511.7,binance
2025-09-23,112650.99,113290.5,111458.73,111998.8,12301.3203,1383869800.27,binance
2025-09-24,111998.8,113940.0,111042.66,113307.0,12369.2597,1394470628.5,binance
2025-09-25,113307.01,113510.23,108631.51,108994.49,21231.1496,2356639689.93,binance
2025-09-26,108994.49,110300.0,108620.07,109643.46,14243.0159,1557098915.94,binance
2025-09-27,109643.46,109743.91,109064.4,109635.85,5501.7864,601947589.0,binance
2025-09-28,109635.85,112350.0,109189.99,112163.95,7542.3316,832254944.32,binance
2025-09-29,112163.96,114400.0,111560.65,114311.96,15541.12,1755247635.87,binance
2025-09-30,114311.97,114792.0,112656.27,113065.08,10666.0796,1211972184.1,binance
2025-10-01,114048.94,114429.76,113966.67,114289.52,669.295,76426478.36,binance
2025-10-02,118594.99,119456.92,118368.05,118592.06,2320.0299,275928784.36,binance
2025-10-03,120529.35,120550.9,120078.75,120221.91,856.491,103030075.62,binance
2025-10-04,122232.21,122295.56,121982.23,122091.01,475.647,58091662.26,binance
2025-10-05,122390.99,122410.0,122157.7,122244.41,261.1359,31927898.46,binance
2025-10-06,123482.32,124358.46,123084.0,123584.95,1474.4709,182297374.12,binance
2025-10-07,124658.54,125082.27,124600.0,125046.94,535.4452,66830441.53,binance
2025-10-08,121332.96,122089.68,121276.0,121832.92,790.3719,96216092.26,binance
2025-10-09,123306.01,123348.32,122583.0,122700.8,528.4858,64981981.73,binance
2025-10-10,121662.41,121874.13,121595.75,121786.26,357.0967,43470604.62,binance
2025-10-11,112774.49,113178.66,111620.3,112143.65,4004.3437,450080127.99,binance
2025-10-12,110644.4,110685.63,109565.06,110039.84,1449.7141,159565061.18,binance
2025-10-13,114958.81,115888.0,114766.69,115283.65,1831.1478,210997649.12,binance
2025-10-14,115166.0,115409.96,114542.0,114711.0,1023.7994,117773966.25,binance
2025-10-15,113028.13,113112.41,112384.32,112726.98,1477.9766,166729651.21,binance
2025-10-16,110763.28,111109.65,110361.0,111005.02,1023.5195,113245611.52,binance
2025-10-17,108194.27,109115.08,107934.4,108980.44,890.8324,96708539.47,binance
2025-10-18,106431.68,106980.72,106322.2,106951.59,575.4381,61384320.51,binance
2025-10-19,107185.0,107267.2,106734.17,106939.99,493.3662,52789366.39,binance
2025-10-20,108642.77,108642.77,107402.52,108016.9,1452.568,156836409.4,binance
2025-10-21,110532.09,110532.09,110128.07,110152.11,549.0244,60591245.33,binance
2025-10-22,108297.66,108643.61,107841.2,108051.58,2182.4528,236108209.0,binance
2025-10-23,107567.45,108443.09,107500.0,108315.03,696.2344,75121085.5,binance
2025-10-24,110078.19,110709.22,109983.93,110550.48,611.1255,67448912.13,binance
2025-10-25,111004.9,111044.86,110672.86,110876.15,256.0308,28377416.39,binance
2025-10-26,111646.27,111899.56,111544.15,111730.75,460.351,51438955.52,binance
2025-10-27,114559.41,115176.47,114362.26,115028.72,1410.7295,162017764.98,binance
2025-10-28,114107.65,114374.2,113788.32,114246.57,663.1721,75635953.26,binance
2025-10-29,112898.44,112898.45,112254.2,112321.57,714.3272,80426018.2,binance
2025-10-30,110021.3,110611.74,109703.43,110556.01,810.5628,89378301.33,binance
2025-10-31,108322.87,110042.16,108275.28,109769.71,1700.7719,185640383.92,binance
2025-11-01,109608.01,109877.0,109394.81,109732.33,382.4275,41910177.97,binance
2025-11-02,110098.1,110127.26,109895.27,110008.49,376.6614,41437658.55,binance
2025-11-03,110540.69,110750.0,109484.0,109807.89,723.9516,79683449.73,binance
2025-11-04,106583.05,106808.51,105852.37,106590.18,1421.1179,151179215.17,binance
2025-11-05,101497.23,101752.96,99867.01,99887.41,1998.3763,201273877.18,binance
2025-11-06,103885.16,103897.86,103029.2,103073.39,1546.7595,160064611.04,binance
2025-11-07,101346.04,101894.83,100749.94,101792.38,1305.8293,132346728.97,binance
2025-11-08,103339.09,103406.22,102539.49,102987.19,1056.2436,108796326.13,binance
2025-11-09,102312.95,102337.89,101620.23,101937.71,770.6914,78572076.23,binance
2025-11-10,104722.95,106670.11,104265.02,106291.42,3314.5498,350745906.73,binance
2025-11-11,106011.13,106900.0,105500.0,106899.99,931.1983,98766412.59,binance
2025-11-12,103059.0,103340.59,102687.72,103250.73,833.6827,85897936.86,binance
2025-11-13,101654.37,102604.0,101467.15,102200.28,1033.7073,105511425.19,binance
2025-11-14,99692.03,99778.0,98700.0,98834.01,2766.9765,274195342.68,binance
2025-11-15,94594.0,95414.0,94558.49,95127.0,1246.219,118463615.64,binance
2025-11-16,95596.23,95704.81,95040.71,95373.46,473.429,45139480.43,binance
2025-11-17,94261.45,95487.8,93767.27,95018.68,2063.5729,195427737.4,binance
2025-11-18,92215.14,92357.51,91200.0,92093.99,2411.5793,221752420.85,binance
2025-11-19,92960.83,92980.22,91929.86,91965.44,1321.2028,121960240.77,binance
2025-11-20,91554.96,92335.0,91185.26,92213.11,1326.2922,121930792.15,binance
2025-11-21,86637.22,87498.94,86592.0,87166.96,1063.8421,92761104.2,binance
2025-11-22,85129.42,85620.0,84571.13,84681.63,1151.8803,97943475.47,binance
2025-11-23,84739.75,85609.75,84667.57,85455.47,1238.3954,105483330.25,binance
2025-11-24,86830.0,87211.33,85946.65,86650.89,1672.2035,144725858.98,binance
2025-11-25,88300.01,88300.01,87864.63,88154.99,934.3116,82287742.99,binance
2025-11-26,87369.97,87770.0,87338.05,87534.38,585.0654,51224628.44,binance
2025-11-27,90484.01,90931.0,90089.91,90653.52,1263.1706,114243899.92,binance
2025-11-28,91333.94,91417.99,90876.92,90884.82,522.9015,47676193.21,binance
2025-11-29,90890.71,91043.99,90768.13,91042.63,233.5295,21226277.93,binance
2025-11-30,90802.44,91055.5,90765.12,90929.44,268.7211,24433612.38,binance
2025-12-01,90360.01,90417.0,86941.4,87305.65,5720.8402,504897200.88,binance
2025-12-02,86286.01,87350.0,86184.39,86707.08,1763.1135,152826570.6,binance
2025-12-03,91277.88,91890.0,90990.23,91768.39,1715.0852,156779907.37,binance
2025-12-04,93429.95,93750.73,92669.82,93397.1,1591.3464,148257093.59,binance
2025-12-05,92078.06,92500.0,92058.82,92449.92,383.085,35361146.59,binance
2025-12-06,89330.04,89466.34,89030.67,89382.0,331.3178,29572708.67,binance
2025-12-07,89236.8,89588.23,89176.52,89459.22,312.5877,27949983.77,binance
2025-12-08,90395.32,90783.88,89860.0,90762.3,665.8754,60183435.77,binance
2025-12-09,90634.35,90846.26,90233.04,90544.55,486.2536,44023832.49,binance
2025-12-10,92678.81,92786.35,92061.0,92375.89,781.681,72200238.21,binance
2025-12-11,92015.38,92080.32,90700.0,90850.0,1263.4575,115439315.69,binance
2025-12-12,92513.38,92651.93,91448.31,92016.99,1055.8317,97169467.53,binance
2025-12-13,90268.43,90444.28,90207.2,90323.0,211.7562,19130115.64,binance
2025-12-14,90240.0,90472.4,90117.05,90415.9,342.8995,30969636.0,binance
2025-12-15,88172.16,88757.38,88074.37,88752.91,916.9335,81094175.3,binance
2025-12-16,86432.08,86535.22,85718.1,85987.82,718.5506,61905862.89,binance
2025-12-17,87863.43,87863.43,87426.06,87744.28,424.754,37201928.45,binance
2025-12-18,86243.23,86313.71,85863.93,85921.72,394.0886,33944406.84,binance
2025-12-19,85516.41,85604.88,85295.2,85367.99,429.7343,36718042.4,binance
2025-12-20,88136.95,88188.0,87961.6,88114.17,302.4675,26644097.06,binance
2025-12-21,88360.91,88433.64,88289.45,88293.72,165.2218,14598473.24,binance
2025-12-22,88658.87,89627.24,88516.0,89066.97,1502.1822,133774638.06,binance
2025-12-23,88620.79,88940.0,88504.78,88587.53,376.3239,33387304.44,binance
2025-12-24,87486.0,87839.66,87264.0,87686.45,531.7054,46553349.2,binance
2025-12-25,87669.44,87749.0,87508.52,87665.0,209.1889,18331668.0,binance
2025-12-26,87225.27,87361.54,86891.7,87332.71,670.608,58434060.33,binance
2025-12-27,87369.56,87414.26,87253.05,87343.24,245.295,21427696.97,binance
2025-12-28,87877.0,87961.37,87705.97,87805.51,299.0195,26268358.64,binance
2025-12-29,87952.71,88444.19,87813.17,88014.12,740.4529,65259438.81,binance
2025-12-30,87237.13,87359.4,87105.09,87273.23,318.022,27741084.52,binance
2025-12-31,88485.5,88661.11,88172.15,88637.12,421.9955,37303232.29,binance
2026-01-01,87648.21,88050.0,87632.74,87875.23,397.5454,34920126.68,binance
2026-01-02,88839.05,88890.09,88594.39,88732.02,543.8091,48268112.04,binance
2026-01-03,89995.14,90231.92,89966.48,90186.43,374.1072,33703643.72,binance
2026-01-04,90628.01,91610.17,90628.0,91104.0,1934.5055,176526767.52,binance
2026-01-05,91529.74,92986.4,91514.81,92947.65,3027.5973,279225411.52,binance
2026-01-06,93859.71,94042.3,93555.93,93955.99,692.8052,64965868.36,binance
2026-01-07,93747.97,93747.97,92330.33,92531.14,1346.9887,125285233.36,binance
2026-01-08,91364.16,91529.72,91072.16,91429.1,441.5084,40314509.56,binance
2026-01-09,91100.0,91330.0,91058.7,91179.27,275.9462,25165401.62,binance
2026-01-10,90641.27,90697.84,90527.99,90641.3,186.0442,16858829.77,binance
2026-01-11,90504.7,90675.53,90451.1,90580.62,173.3796,15706767.18,binance
2026-01-12,91013.66,91799.0,90700.29,91459.11,1359.0754,124020473.39,binance
2026-01-13,91296.2,91546.08,91249.0,91386.33,452.9773,41411494.45,binance
2026-01-14,95413.99,95647.91,95150.0,95501.24,962.3281,91804654.02,binance
2026-01-15,96951.78,97000.0,96500.0,96522.26,1022.3263,98879742.52,binance
2026-01-16,95604.81,95828.01,95420.75,95548.02,342.7751,32779088.26,binance
2026-01-17,95550.94,95578.2,95433.94,95478.14,177.3174,16934568.18,binance
2026-01-18,95147.77,95250.0,94876.33,95025.86,342.1234,32522631.22,binance
2026-01-19,93673.14,93673.14,91910.2,92571.11,4741.4105,439578773.84,binance
2026-01-20,92630.99,92870.0,92370.25,92807.44,429.7708,39814866.28,binance
2026-01-21,88427.66,89138.29,88250.0,89003.81,1326.884,117743472.08,binance
2026-01-22,89454.73,90193.52,89454.72,90157.12,581.6578,52270571.82,binance
2026-01-23,89559.68,89687.9,89450.48,89665.57,327.9148,29378822.42,binance
2026-01-24,89600.26,89625.41,89424.39,89573.32,175.1721,15678868.19,binance
2026-01-25,89225.34,89319.13,89183.49,89186.78,197.0396,17585904.52,binance
2026-01-26,86670.36,87775.0,86509.63,87606.65,1401.6557,122080504.52,binance
2026-01-27,88347.08,88457.3,88194.82,88407.92,440.4762,38896063.79,binance
2026-01-28,89249.99,89497.96,89154.8,89308.72,420.7224,37585300.37,binance
2026-01-29,89300.0,89348.0,88613.09,88845.6,822.135,73145425.43,binance
2026-01-30,84650.16,84735.75,81118.0,82421.77,6331.5796,523980062.03,binance
2026-01-31,84260.5,84270.02,83908.0,84009.99,726.8092,61146342.21,binance
2026-02-01,78741.1,79424.0,78284.0,78588.75,2910.9064,229576195.95,binance
2026-02-02,76968.22,78231.26,76606.39,77653.61,3155.8355,244533331.36,binance
2026-02-03,78738.6,79186.81,78408.05,78948.15,1872.2064,147592443.44,binance
2026-02-04,75770.21,76798.12,75467.22,76596.86,1533.9024,116910685.89,binance
2026-02-05,73165.84,73341.18,71995.09,72549.17,2739.7386,199405855.47,binance
2026-02-06,62909.87,65484.27,60000.0,65244.9,21255.7467,1324000945.34,binance
2026-02-07,70580.26,70600.0,69718.0,70263.79,2568.171,179936803.03,binance
2026-02-08,69289.37,69500.0,68888.0,69421.15,1247.6673,86337124.41,binance
2026-02-09,70330.38,70926.4,70068.18,70379.73,1984.8894,139856311.66,binance
2026-02-10,70138.0,70527.59,69743.8,70426.0,1148.5114,80515369.01,binance
2026-02-11,68841.28,69292.88,68784.47,69159.06,766.2389,52922879.22,binance
2026-02-12,67082.52,68047.48,67055.53,67635.0,1096.8633,74111648.25,binance
2026-02-13,66272.17,66619.9,65872.46,66394.79,1521.7004,100797285.06,binance
2026-02-14,68853.97,69137.5,68768.56,69015.03,760.9896,52497339.27,binance
2026-02-15,69822.94,69902.7,69350.0,69639.0,675.7748,47071099.85,binance
2026-02-16,68832.59,69065.5,68454.54,68643.13,606.9724,41771241.2,binance
2026-02-17,68892.43,69042.74,68704.36,68719.93,810.9018,55854434.94,binance
2026-02-18,67503.52,67627.97,66892.03,67093.17,678.7673,45615354.27,binance
2026-02-19,66461.0,66833.53,66345.0,66833.53,669.7656,44599337.15,binance
2026-02-20,67003.73,67486.62,66949.41,67217.71,857.3663,57669947.84,binance
2026-02-21,68020.0,68051.16,67787.19,67999.94,751.8769,51054740.73,binance
2026-02-22,67975.93,68171.46,67809.78,68150.01,547.555,37227928.43,binance
2026-02-23,67643.39,67684.86,64290.71,64437.48,7705.5922,504573783.7,binance
2026-02-24,64656.01,65026.75,63433.84,64318.1,2737.0576,175834125.84,binance
2026-02-25,64058.15,66300.0,63913.27,65887.89,3018.2009,197771197.34,binance
2026-02-26,67988.04,68700.0,67727.52,68370.72,1674.3621,114297114.2,binance
2026-02-27,67485.19,67537.84,66885.0,67230.0,1188.0918,79830632.72,binance
2026-02-28,65872.09,66025.52,65721.13,65843.22,493.1917,32498091.77,binance
2026-03-01,66973.26,67703.32,66042.72,67208.49,2167.4958,144917480.18,binance
2026-03-02,65776.48,67079.0,65761.04,66625.01,1833.2793,121869196.47,binance
2026-03-03,68830.06,69258.08,68644.38,68926.47,1001.4483,69057858.53,binance
2026-03-04,68338.01,68909.34,67857.61,68543.03,1831.358,125034297.72,binance
2026-03-05,72666.77,73306.82,72553.65,72589.46,1646.9902,119962789.57,binance
2026-03-06,70891.02,71261.29,70344.03,71152.82,1651.5795,117035231.81,binance
2026-03-07,68114.02,68394.09,68105.73,68251.56,914.9311,62412242.19,binance
2026-03-08,67262.91,67481.96,67090.0,67329.41,1095.9308,73726127.21,binance
2026-03-09,65971.2,66773.0,65821.97,66443.42,3121.9698,207281528.35,binance
2026-03-10,68432.16,69290.42,68391.41,68938.01,1749.505,120550649.89,binance
2026-03-11,69948.64,70173.25,69759.63,69960.64,1605.2031,112404362.1,binance
2026-03-12,70191.86,70353.87,69794.35,69894.0,1213.1405,85048501.79,binance
2026-03-13,70541.34,72000.0,70386.01,71590.01,3722.6865,265933935.52,binance
2026-03-14,70930.01,70951.8,70481.7,70880.82,1319.8759,93347404.55,binance
2026-03-15,71211.95,71252.31,70858.82,71250.68,1078.3745,76631803.2,binance
2026-03-16,72815.25,73008.94,72270.41,72750.01,1420.4673,103152109.15,binance
2026-03-17,74884.67,76000.0,73399.19,73909.36,24521.2664,1825976731.33,binance
2026-03-18,73909.37,74672.34,70500.0,71246.54,23392.8809,1692949838.98,binance
2026-03-19,71246.55,71613.79,68793.35,69930.0,22364.8182,1566573949.86,binance
2026-03-20,69930.01,71367.0,69388.0,70510.73,18121.1674,1273812840.69,binance
2026-03-21,70510.73,71100.94,68571.42,68918.12,13397.1675,942693882.03,binance
2026-03-22,68918.12,69588.79,67360.66,67859.0,14843.7868,1018926475.32,binance
2026-03-23,67859.0,71817.09,67445.18,70906.45,28335.0912,1980755169.23,binance
2026-03-24,70906.45,71400.0,68923.07,70556.74,20702.4224,1455361229.21,binance
2026-03-25,70556.74,72026.09,70408.0,71336.53,17719.5007,1261017988.54,binance
2026-03-26,71336.53,71436.82,68153.0,68820.31,20820.4577,1447699734.34,binance
2026-03-27,68820.31,69179.05,65548.25,66407.28,28603.6956,1917318222.71,binance
2026-03-28,66407.28,67288.94,65932.09,66377.03,11462.3985,762676255.45,binance
2026-03-29,66377.04,67130.5,65000.0,66010.93,10052.8558,667003517.61,binance
2026-03-30,66010.93,68169.65,65800.59,66797.37,18353.3897,1234617690.89,binance
2026-03-31,66797.38,68589.49,65998.05,68284.48,22105.4066,1490168487.45,binance
2026-04-01,68284.49,69310.0,67578.75,68113.92,19020.1899,1301708227.07,binance
2026-04-02,68113.92,68653.38,65712.12,66901.99,20203.4792,1349223461.53,binance
2026-04-03,66901.99,67370.42,66282.0,66964.3,11429.1313,763535606.98,binance
2026-04-04,66964.29,67562.93,66775.91,67300.42,7373.5161,494932017.42,binance
2026-04-05,67300.42,69136.2,66611.66,69034.18,11733.4675,791661977.32,binance
2026-04-06,69034.18,70351.46,68300.0,68853.66,20281.6104,1408020173.1,binance
2026-04-07,68853.66,72761.0,67732.01,71924.22,23750.4966,1649637855.84,binance
2026-04-08,71924.22,72857.0,70707.23,71069.93,19802.6863,1418484188.05,binance
2026-04-09,71069.93,73145.0,70466.0,71787.97,18158.4216,1300323816.01,binance
2026-04-10,71787.98,73434.0,71426.15,72962.7,17372.6329,1259195636.06,binance
2026-04-11,72962.71,73790.0,72513.09,73043.16,9070.9437,662437113.71,binance
2026-04-12,73043.16,73137.24,70505.88,70740.98,13472.468,962825891.82,binance
2026-04-13,70741.56,74900.0,70566.99,74417.99,24230.2162,1753370318.18,binance
2026-04-14,74418.0,76038.0,73795.47,74131.55,26532.9446,1982728989.61,binance
2026-04-15,74131.55,75425.0,73514.0,74809.99,14425.0417,1071448612.54,binance
2026-04-16,74809.99,75534.76,73309.85,75154.29,17088.6878,1274894123.75,binance
2026-04-17,75154.28,78333.0,74529.4,77072.0,25941.3669,1987343208.84,binance
2026-04-18,77072.01,77420.08,75445.16,75691.76,9141.8446,698008567.93,binance
2026-04-19,75691.76,76240.66,73762.9,73801.79,11369.8223,854915370.44,binance
2026-04-20,73801.8,76558.62,73724.31,75840.97,16993.4103,1280503914.37,binance
2026-04-21,75840.97,76927.57,74821.57,76336.15,14912.5713,1132118272.56,binance
2026-04-22,76336.14,79472.82,76132.95,78178.23,19737.5122,1543732085.55,binance
2026-04-23,78178.22,78662.5,76960.0,78257.48,16970.795,1321349698.35,binance
2026-04-24,78257.48,78581.93,77264.08,77437.13,12675.1432,986932564.6,binance
2026-04-25,77437.13,77885.35,77140.23,77625.0,5685.1142,440684004.35,binance
2026-04-26,77625.0,78961.0,77326.51,78657.55,7963.5616,621991973.48,binance
2026-04-27,78657.55,79485.66,76459.64,77371.32,16046.9242,1247833550.08,binance
2026-04-28,77371.32,77478.0,75666.6,76342.77,13210.7238,1010412673.56,binance
2026-04-29,76342.78,77904.93,74937.52,75780.0,18279.9302,1399735858.35,binance
2026-04-30,75780.0,76669.14,75323.65,76346.57,10381.8161,790584591.69,binance
2026-05-01,76346.58,78914.12,76320.42,78231.13,17315.465,1347837835.92,binance
2026-05-02,78231.13,79199.48,78040.0,78686.85,6150.8764,482238389.45,binance
2026-05-03,78686.84,79447.0,78084.08,78568.57,7425.7929,584294330.45,binance
2026-05-04,78568.58,80776.99,78202.0,79861.01,26042.9614,2074174850.51,binance
2026-05-05,79861.01,81791.48,79808.72,80905.52,16947.18,1374319029.23,binance
2026-05-06,80905.53,82850.0,80731.14,81447.01,18798.774,1535650624.76,binance
2026-05-07,81447.01,81708.32,79500.0,80006.0,16154.8034,1300766382.1,binance
2026-05-08,80006.0,80500.0,79181.48,80193.17,16001.3101,1278566045.42,binance
2026-05-09,80193.18,81080.0,80129.85,80678.4,7548.4218,607596225.99,binance
2026-05-10,80678.41,82479.32,80279.77,82210.07,12034.3188,977223714.26,binance
2026-05-11,82210.07,82380.0,80462.97,81745.65,12951.7606,1053193670.88,binance
2026-05-12,81745.66,81788.0,79843.59,80504.47,12386.2568,1000180167.44,binance
2026-05-13,80504.47,81324.64,78754.65,79313.61,14810.0564,1184929842.87,binance
2026-05-14,79313.61,82048.13,78922.0,81089.99,19727.8681,1590656475.02,binance
2026-05-15,81090.0,81664.45,78659.0,79113.21,17351.2708,1387152674.37,binance
2026-05-16,79113.2,79227.77,77640.0,78148.05,12132.8619,949890656.66,binance
2026-05-17,78148.05,78599.99,76735.16,77457.67,8442.7022,658061481.64,binance
2026-05-18,77457.67,77800.0,76051.0,77001.87,18745.5168,1439862031.89,binance
2026-05-19,77001.88,77414.62,76144.71,76834.36,11024.8598,846904378.31,binance
2026-05-20,76834.36,77853.04,76516.74,77552.23,11296.2631,873091271.47,binance
2026-05-21,77552.24,78200.0,76719.47,77615.52,11318.2584,878168697.23,binance
2026-05-22,77615.52,77900.0,75359.18,75539.5,11272.3613,866200460.91,binance
2026-05-23,75539.5,77404.18,74289.6,76752.01,15086.8881,1138996605.77,binance
2026-05-24,76752.0,77543.15,76108.0,77064.96,8398.0016,644925517.61,binance
2026-05-25,77064.96,77905.52,76914.25,77322.01,7672.322,593868005.0,binance
2026-05-26,77322.01,78080.0,75677.97,75930.01,16953.4763,1299609317.7,binance
2026-05-27,75930.01,76174.15,74243.99,74449.3,16877.7748,1270680262.91,binance
2026-05-28,74449.31,74590.77,72582.82,73617.51,21274.0203,1560808525.51,binance
2026-05-29,73617.52,74514.1,72512.49,73460.78,18686.7414,1376106492.91,binance
2026-05-30,73460.78,74143.76,73216.0,73884.38,7515.4091,553989386.11,binance
2026-05-31,73884.38,74275.66,73400.0,73674.39,6986.4571,515907532.59,binance
2026-06-01,73674.39,74092.0,73222.0,73304.0,2631.2038,193725805.54,binance
2026-06-02,71408.9,71408.9,66193.0,66760.83,32858.1959,2253348577.98,binance
2026-06-03,66760.84,67204.15,65426.34,66461.87,6925.6068,459870254.66,binance
2026-06-04,64142.75,64764.32,61383.56,63885.99,43577.1757,2759349733.49,binance
2026-06-05,63885.99,63978.0,59130.91,61056.47,55027.2881,3379021750.5,binance
2026-06-06,61056.47,61530.05,59500.0,61172.0,7449.0572,451383846.67,binance
2026-06-07,60884.62,64234.68,60746.0,63332.01,26612.1044,1656650772.81,binance
2026-06-08,63332.01,63863.06,62657.07,62762.0,3880.8628,245320913.12,binance
2026-06-09,63086.0,63526.01,60780.0,61730.0,21636.2196,1347322049.16,binance
2026-06-10,61730.0,62857.99,60755.0,61510.99,15998.7165,986710883.59,binance
2026-06-11,61510.99,63933.02,61510.99,63625.99,17380.9464,1093211866.43,binance
2026-06-12,63626.0,64394.44,62829.81,63580.01,16397.0524,1042661512.68,binance
2026-06-13,63580.0,64762.77,63418.66,64458.01,9960.7416,637302050.49,binance
2026-06-14,64458.01,65800.0,63678.83,65746.45,13203.0338,853654539.26,binance
2026-06-15,65746.45,67292.15,65354.0,66328.74,18559.801,1230675240.54,binance
2026-06-16,66328.74,66463.26,65650.0,66241.66,4220.2761,278811414.37,binance
2026-06-17,65675.02,66445.93,63915.77,64509.4,19048.6541,1242898548.08,binance
2026-06-18,64509.4,64806.0,62272.07,62958.01,16935.5966,1076015381.19,binance
2026-06-19,62958.01,63666.0,62316.44,63543.91,14247.424,896102952.78,binance
2026-06-20,63543.9,64388.0,63184.21,64298.01,9522.1032,607077211.76,binance
2026-06-21,64298.01,64588.0,63270.0,63311.99,8034.6633,514862175.74,binance
2026-06-22,63312.0,65622.83,63312.0,64020.01,15423.1085,995034557.16,binance
2026-06-23,64020.01,64275.38,61938.0,62734.57,20222.9929,1268093221.25,binance
2026-06-24,62734.57,63239.06,59102.7,61077.99,30678.2854,1871885814.31,binance
2026-06-25,61078.0,61962.4,58115.01,59794.0,30386.0069,1822854100.07,binance
2026-06-26,59794.64,60759.99,58337.0,60097.27,27403.5572,1636102058.38,binance
2026-06-27,60097.27,60941.17,59855.16,60029.0,9587.2292,578765263.07,binance
2026-06-28,60029.01,60545.01,58905.0,59577.01,8907.138,533333220.81,binance
2026-06-29,59577.01,60780.57,58900.01,60260.21,20203.1418,1210648237.74,binance
2026-06-30,60260.2,60276.54,58201.0,58624.71,19639.8279,1157911191.49,binance
2026-07-01,58624.71,61334.0,57800.19,60024.0,25093.4466,1491051306.82,binance
2026-07-02,60024.0,62200.0,59588.0,61560.0,21382.1416,1308156569.72,binance
2026-07-03,61560.0,62979.86,61248.86,62583.26,14048.9863,870359931.58,binance
2026-07-04,62583.26,63461.99,62328.24,63144.01,9139.8274,574233846.08,binance
2026-07-05,63144.01,63999.0,62436.59,63650.0,9172.0776,577866444.61,binance
