date,y_true,fold,prob_LogReg,pred_LogReg,prob_RandomForest,pred_RandomForest,prob_XGBoost,pred_XGBoost
2021-06-15,0,1,0.5991725485609386,1,0.5094063818512408,1,0.5390162,1
2021-06-16,0,1,0.6287657288013565,1,0.4827951732883193,0,0.54588467,1
2021-06-17,0,1,0.47833081924360715,0,0.486039542018691,0,0.5390162,1
2021-06-18,0,1,0.5249716341976949,1,0.504461171576018,1,0.54588467,1
2021-06-19,1,1,0.5647711778737533,1,0.5262929212722117,1,0.54289144,1
2021-06-20,0,1,0.5765829336872433,1,0.5487568628128623,1,0.54289144,1
2021-06-21,1,1,0.6719050023801466,1,0.5505119812942203,1,0.54588467,1
2021-06-22,1,1,0.5416752000776115,1,0.5321604408800023,1,0.5414872,1
2021-06-23,1,1,0.5773398594058999,1,0.5539920420526202,1,0.54588467,1
2021-06-24,0,1,0.5663517013412266,1,0.5437203402177121,1,0.54289144,1
2021-06-25,1,1,0.6888199527630512,1,0.5550416520143913,1,0.54588467,1
2021-06-26,1,1,0.49561539798012066,0,0.5109757780425924,1,0.5390162,1
2021-06-27,0,1,0.4526602861024428,0,0.5300787696854844,1,0.5390162,1
2021-06-28,1,1,0.5185953206492179,1,0.48838540093644395,0,0.5390162,1
2021-06-29,0,1,0.5636938841875122,1,0.5003659695844728,1,0.5390162,1
2021-06-30,0,1,0.5362810851060525,1,0.4941422465648328,0,0.5390162,1
2021-07-01,1,1,0.4584688023689957,0,0.47900807414597135,0,0.5390162,1
2021-07-02,1,1,0.4863667225576446,0,0.5129681210098481,1,0.54289144,1
2021-07-03,1,1,0.49270041500836625,0,0.5100882554222749,1,0.5390162,1
2021-07-04,0,1,0.5372234645274109,1,0.5342056104892419,1,0.54289144,1
2021-07-05,1,1,0.578753505018453,1,0.49376611174972235,0,0.54289144,1
2021-07-06,0,1,0.5123671974791036,1,0.5064502654222313,1,0.5390162,1
2021-07-07,0,1,0.5112574078709969,1,0.47776950072548147,0,0.5390162,1
2021-07-08,1,1,0.5332867362539135,1,0.5263479163335589,1,0.54289144,1
2021-07-09,0,1,0.5687045025197249,1,0.5024881211855452,1,0.54289144,1
2021-07-10,1,1,0.5377068986228802,1,0.513773163238266,1,0.5390162,1
2021-07-11,0,1,0.5044086629028028,1,0.4959746219902661,0,0.5390162,1
2021-07-12,0,1,0.5505308366127436,1,0.5174228145552843,1,0.54289144,1
2021-07-13,1,1,0.5051420676672188,1,0.5039081652402568,1,0.5390162,1
2021-07-14,0,1,0.5256880249914879,1,0.5091065256830919,1,0.54289144,1
2021-07-15,0,1,0.4784748575714671,0,0.526143906751851,1,0.54289144,1
2021-07-16,1,1,0.5332033872072205,1,0.5088292882102972,1,0.54289144,1
2021-07-17,1,1,0.5033354201283115,1,0.533688020677373,1,0.54289144,1
2021-07-18,0,1,0.4711386006665487,0,0.5130634892167534,1,0.54289144,1
2021-07-19,0,1,0.5539331206776374,1,0.4933873541852437,0,0.54289144,1
2021-07-20,1,1,0.5017347538706118,1,0.5215739459942375,1,0.5414872,1
2021-07-21,1,1,0.5221270990416583,1,0.5334643238023196,1,0.54588467,1
2021-07-22,1,1,0.5390539019136652,1,0.5084312281276449,1,0.5390162,1
2021-07-23,1,1,0.5302522837523708,1,0.4923242312662695,0,0.5414872,1
2021-07-24,1,1,0.579425438667713,1,0.5227888756229756,1,0.5390162,1
2021-07-25,1,1,0.49642007022225,0,0.5369494102585326,1,0.54588467,1
2021-07-26,1,1,0.5479428662572007,1,0.5542022877032575,1,0.5414872,1
2021-07-27,1,1,0.5913196376191735,1,0.5589680664246818,1,0.54588467,1
2021-07-28,0,1,0.5924410824049777,1,0.5399432638113498,1,0.54588467,1
2021-07-29,1,1,0.5756594617647739,1,0.5588419281441775,1,0.54588467,1
2021-07-30,0,1,0.5185697713208963,1,0.5725176357269355,1,0.54588467,1
2021-07-31,0,1,0.5899133305836708,1,0.5660344205316324,1,0.5399794,1
2021-08-01,0,1,0.5749855500284247,1,0.5304273064030547,1,0.5414872,1
2021-08-02,0,1,0.5863326168242242,1,0.5548916798722324,1,0.5399794,1
2021-08-03,1,1,0.5698257862529833,1,0.5568158638377044,1,0.5399794,1
2021-08-04,1,1,0.5633733382511724,1,0.5714902926012623,1,0.5399794,1
2021-08-05,1,1,0.6112531495736526,1,0.5987779240251934,1,0.5414872,1
2021-08-06,1,1,0.612873254997356,1,0.6033081257034478,1,0.54588467,1
2021-08-07,0,1,0.6020483480883387,1,0.5813222026464797,1,0.54588467,1
2021-08-08,1,1,0.5599652375501671,1,0.5355145351247181,1,0.54588467,1
2021-08-09,0,1,0.5323837630032583,1,0.5583538360053459,1,0.547713,1
2021-08-10,0,1,0.5659930198854884,1,0.5548589063408771,1,0.5399794,1
2021-08-11,0,1,0.5204769161979033,1,0.5314907915182235,1,0.5399794,1
2021-08-12,1,1,0.5677171607009368,1,0.5304760557136071,1,0.5399794,1
2021-08-13,0,1,0.48191868168759205,0,0.543352907238861,1,0.5399794,1
2021-08-14,0,1,0.553360148572273,1,0.5551600783573478,1,0.5399794,1
2021-08-15,0,1,0.5461489280134442,1,0.5468316206347005,1,0.5399794,1
2021-08-16,0,1,0.5399786751720781,1,0.5370520938056877,1,0.5399794,1
2021-08-17,1,1,0.5207894982935474,1,0.551840098440433,1,0.54588467,1
2021-08-18,1,1,0.49077205440130833,0,0.5501188978244765,1,0.54530364,1
2021-08-19,1,1,0.5570031564399497,1,0.5588369726414676,1,0.54530364,1
2021-08-20,0,1,0.546347452249859,1,0.5697238664545066,1,0.5414872,1
2021-08-21,1,1,0.5754032239243435,1,0.5898271478405763,1,0.54530364,1
2021-08-22,1,1,0.5020130952129558,1,0.5453876149077383,1,0.54530364,1
2021-08-23,0,1,0.5255141555333869,1,0.5892741958821204,1,0.54588467,1
2021-08-24,1,1,0.49959318025014104,0,0.563848008061737,1,0.54530364,1
2021-08-25,0,1,0.5216963064850216,1,0.5440474078273762,1,0.54530364,1
2021-08-26,1,1,0.5173585030781189,1,0.5507561410769817,1,0.54289144,1
2021-08-27,0,1,0.47411426784453026,0,0.5582502580845543,1,0.54530364,1
2021-08-28,0,1,0.5113660171756192,1,0.5263810934297126,1,0.54530364,1
2021-08-29,0,1,0.4868829665125203,0,0.5557477634339494,1,0.5390162,1
2021-08-30,1,1,0.5281245548050942,1,0.5323161672971075,1,0.54289144,1
2021-08-31,1,1,0.45931059532207413,0,0.5347978838500147,1,0.54588467,1
2021-09-01,1,1,0.4868737153705423,0,0.5480767276603836,1,0.54588467,1
2021-09-02,1,1,0.5336840564672028,1,0.587071934733148,1,0.54588467,1
2021-09-03,0,1,0.5384255154948114,1,0.5774431594023203,1,0.54588467,1
2021-09-04,1,1,0.5407497876238382,1,0.5651321292992483,1,0.5390162,1
2021-09-05,1,1,0.485134699801525,0,0.5719372684179875,1,0.54530364,1
2021-09-06,0,1,0.5558281197525454,1,0.6037242380291913,1,0.54588467,1
2021-09-07,0,1,0.5287951523050489,1,0.5551487683130227,1,0.5414872,1
2021-09-08,1,1,0.45569551205785985,0,0.5369836925525538,1,0.54588467,1
2021-09-09,0,1,0.405525568000413,0,0.5280185770469367,1,0.54289144,1
2021-09-10,1,1,0.4306198123660821,0,0.5349363434150236,1,0.54289144,1
2021-09-11,1,1,0.5328320931193032,1,0.5188664449819307,1,0.54289144,1
2021-09-12,0,1,0.4610825416105427,0,0.5004496798248025,1,0.54289144,1
2021-09-13,1,1,0.4556232425087878,0,0.5199518600172948,1,0.54588467,1
2021-09-14,1,1,0.48365068711773923,0,0.4973624882603407,0,0.5390162,1
2021-09-15,0,1,0.4712451736977791,0,0.5392770851629989,1,0.5390162,1
2021-09-16,0,1,0.4976898413333851,0,0.5185918625094552,1,0.5390162,1
2021-09-17,1,1,0.4969035270581717,0,0.5048165902425042,1,0.5390162,1
2021-09-18,0,1,0.4538933992182984,0,0.5335929651673041,1,0.5390162,1
2021-09-19,0,1,0.47829459230392524,0,0.5011959450050104,1,0.5390162,1
2021-09-20,0,1,0.5297721327440295,1,0.5189276825928343,1,0.54588467,1
2021-09-21,1,1,0.47846126590179977,0,0.5264067350714412,1,0.5414872,1
2021-09-22,1,1,0.46194686303797644,0,0.5196183406092681,1,0.54588467,1
2021-09-23,0,1,0.49836305334009495,0,0.5240557158017858,1,0.54289144,1
2021-09-24,0,1,0.5915081374492515,1,0.5548184142569388,1,0.54588467,1
2021-09-25,1,1,0.5296065785815731,1,0.5169980693262543,1,0.5390162,1
2021-09-26,0,1,0.4038283592886245,0,0.49474235381810205,0,0.5390162,1
2021-09-27,0,1,0.46246885177366626,0,0.4879336475612511,0,0.54289144,1
2021-09-28,1,1,0.5256725641072283,1,0.5181116921540978,1,0.54289144,1
2021-09-29,1,1,0.47920274108483846,0,0.5044416631265641,1,0.54289144,1
2021-09-30,1,1,0.48375049420859606,0,0.4823952923758191,0,0.5390162,1
2021-10-01,0,1,0.46892320883920013,0,0.5287016654647326,1,0.5414872,1
2021-10-02,1,1,0.599130188336499,1,0.5326931308447118,1,0.5390162,1
2021-10-03,1,1,0.5085179819716046,1,0.539096456439221,1,0.5390162,1
2021-10-04,1,1,0.48271781530830404,0,0.5508540894354106,1,0.54588467,1
2021-10-05,1,1,0.4926653606357996,0,0.5542008958621061,1,0.54588467,1
2021-10-06,0,1,0.5500880726143583,1,0.5292404226356201,1,0.5414872,1
2021-10-07,1,1,0.6148766610596197,1,0.564789955281007,1,0.54588467,1
2021-10-08,1,1,0.5305873605330086,1,0.530277335473548,1,0.54588467,1
2021-10-09,0,1,0.5352030981277565,1,0.5201838599491114,1,0.54588467,1
2021-10-10,1,1,0.5580451729746495,1,0.5337944642846277,1,0.54588467,1
2021-10-11,0,1,0.6199342143623849,1,0.542634468128232,1,0.5414872,1
2021-10-12,1,1,0.6193553048235902,1,0.5403859483058047,1,0.54588467,1
2021-10-13,0,1,0.5864796104241946,1,0.5581283855957331,1,0.54588467,1
2021-10-14,1,1,0.568397610513463,1,0.5507068358580072,1,0.5399794,1
2021-10-15,0,1,0.539297360528833,1,0.57869625464368,1,0.5414872,1
2021-10-16,1,1,0.6429548091963394,1,0.5099170512166844,1,0.5399794,1
2021-10-17,1,1,0.5677240603110979,1,0.5689139383136046,1,0.5399794,1
2021-10-18,1,1,0.5470943966930548,1,0.5344506150450137,1,0.534492,1
2021-10-19,1,1,0.5379460169656028,1,0.5661215318015316,1,0.534492,1
2021-10-20,0,1,0.5516782347099263,1,0.5203236546146489,1,0.534492,1
2021-10-21,0,1,0.6099108445713267,1,0.5718997402881726,1,0.54588467,1
2021-10-22,1,1,0.5231603961368484,1,0.5355733972351087,1,0.54588467,1
2021-10-23,0,1,0.469064143223623,0,0.5555546274386617,1,0.54530364,1
2021-10-24,1,1,0.45818395612901763,0,0.5466829956494675,1,0.54530364,1
2021-10-25,0,1,0.5476924575995251,1,0.5515346903615201,1,0.54530364,1
2021-10-26,0,1,0.5323516452657808,1,0.5366102371825348,1,0.54289144,1
2021-10-27,1,1,0.47341825695985645,0,0.5268819100408215,1,0.54588467,1
2021-10-28,1,1,0.4366545602437797,0,0.5421102272602363,1,0.5414872,1
2021-10-29,0,1,0.4649218428360638,0,0.564952835970801,1,0.54530364,1
2021-10-30,0,1,0.5141625763679134,1,0.5369658760101138,1,0.54530364,1
2021-10-31,0,1,0.46294893775045454,0,0.5219116787711043,1,0.5390162,1
2021-11-01,1,1,0.4182618029278267,0,0.5353486009558374,1,0.5390162,1
2021-11-02,0,1,0.4490633297601545,0,0.5545790935815612,1,0.54588467,1
2021-11-03,0,1,0.4770947681912665,0,0.5486106669479287,1,0.5390162,1
2021-11-04,0,1,0.4934985713305363,0,0.530237766500557,1,0.5390162,1
2021-11-05,1,1,0.44526456792908975,0,0.5294030990180663,1,0.5390162,1
2021-11-06,1,1,0.4054871598868935,0,0.5264603346802595,1,0.5390162,1
2021-11-07,1,1,0.47927919770141103,0,0.5414935431424539,1,0.5390162,1
2021-11-08,0,1,0.5311661588819949,1,0.559782796440457,1,0.5414872,1
2021-11-09,0,1,0.5784680394178259,1,0.5833799058139966,1,0.54588467,1
2021-11-10,0,1,0.5257798502738612,1,0.5731295495464834,1,0.54588467,1
2021-11-11,0,1,0.4933818533140293,0,0.5445564698962926,1,0.5390162,1
2021-11-12,1,1,0.4598851685376207,0,0.5394936735888173,1,0.54588467,1
2021-11-13,1,1,0.5114489435559932,1,0.5372711548747063,1,0.54289144,1
2021-11-14,0,1,0.5268070356127016,1,0.5594043305505306,1,0.54289144,1
2021-11-15,0,1,0.494709813537298,0,0.5281822591555994,1,0.54289144,1
2021-11-16,1,1,0.4834870761664876,0,0.5632515497802555,1,0.54588467,1
2021-11-17,0,1,0.4395956987474329,0,0.5226460041816988,1,0.54588467,1
2021-11-18,1,1,0.4804251564019063,0,0.5246989414745926,1,0.54588467,1
2021-11-19,1,1,0.45053212053931424,0,0.5090319648679655,1,0.5414872,1
2021-11-20,0,1,0.4937911067719832,0,0.5072005598265039,1,0.54289144,1
2021-11-21,0,1,0.4533493791863284,0,0.4898220595428627,0,0.54289144,1
2021-11-22,1,1,0.4855355569658912,0,0.4908111406984302,0,0.5414872,1
2021-11-23,0,1,0.4273803765081588,0,0.4748385594169459,0,0.5414872,1
2021-11-24,1,1,0.458865204105577,0,0.5085027308038267,1,0.5390162,1
2021-11-25,0,1,0.4642570010813695,0,0.49454309279955205,0,0.5390162,1
2021-11-26,1,1,0.5563707438603077,1,0.5291211094029669,1,0.54588467,1
2021-11-27,1,1,0.44571828415161713,0,0.5205656815099347,1,0.54289144,1
2021-11-28,1,1,0.41811868175313494,0,0.48641166696035254,0,0.5390162,1
2021-11-29,0,1,0.4624257659206799,0,0.5066076699031362,1,0.5390162,1
2021-11-30,1,1,0.5478953245658915,1,0.5034081558845623,1,0.5414872,1
2021-12-01,0,1,0.48444437356603565,0,0.47848449467935844,0,0.5414872,1
2021-12-02,0,1,0.45415260140247576,0,0.5022656761511972,1,0.5390162,1
2021-12-03,0,1,0.4969885934072065,0,0.5307972154652879,1,0.54588467,1
2021-12-04,1,1,0.5034942637478276,1,0.5287862621828594,1,0.5414872,1
2021-12-05,1,1,0.4794875360037301,0,0.5215941547503321,1,0.54289144,1
2021-12-06,1,1,0.44684948198738017,0,0.49074884086832243,0,0.5414872,1
2021-12-07,0,1,0.525122394889139,1,0.5303819916706758,1,0.54289144,1
2021-12-08,0,1,0.543243662355271,1,0.5038041918239466,1,0.54289144,1
2021-12-09,0,1,0.5555644306838559,1,0.4844374887730559,0,0.54289144,1
2021-12-10,1,1,0.454122083515139,0,0.5060161514762856,1,0.54289144,1
2021-12-11,1,1,0.48322885597402865,0,0.5247511820014972,1,0.54289144,1
2021-12-12,0,1,0.5076445696422471,1,0.5128388244438858,1,0.5390162,1
2021-12-13,1,1,0.5858503618043371,1,0.5090764177023903,1,0.54289144,1
2021-12-14,1,2,0.5343412230929346,1,0.4784410701488302,0,0.55356807,1
2021-12-15,0,2,0.48320932950449175,0,0.5248736019832886,1,0.5428566,1
2021-12-16,0,2,0.5172488205745286,1,0.49905126602399463,0,0.5428566,1
2021-12-17,1,2,0.6013050417318196,1,0.5122989401271311,1,0.5465172,1
2021-12-18,0,2,0.5407436877357205,1,0.46043450824171306,0,0.5428566,1
2021-12-19,1,2,0.5221611555367797,1,0.5265438208363968,1,0.5465172,1
2021-12-20,1,2,0.491404856699024,0,0.4927764099148094,0,0.5428566,1
2021-12-21,0,2,0.5704663784941015,1,0.505644401731674,1,0.5419878,1
2021-12-22,1,2,0.5281986489084235,1,0.46487009971937854,0,0.5428566,1
2021-12-23,0,2,0.4925007418143495,0,0.49696913029090856,0,0.5467893,1
2021-12-24,0,2,0.5152642612089058,1,0.5011896647859682,1,0.54468036,1
2021-12-25,1,2,0.568056458198196,1,0.5141693082647256,1,0.54468036,1
2021-12-26,0,2,0.4901763626186408,0,0.46059268261401504,0,0.5383215,1
2021-12-27,0,2,0.48790897823353535,0,0.4997561657408244,0,0.5467893,1
2021-12-28,0,2,0.5535806289626674,1,0.5055204488507673,1,0.5428566,1
2021-12-29,1,2,0.5559212570720983,1,0.5353131825669201,1,0.5465172,1
2021-12-30,0,2,0.49336689894225144,0,0.5029930755996387,1,0.5428566,1
2021-12-31,1,2,0.5690447023011748,1,0.5252395244261143,1,0.5465172,1
2022-01-01,0,2,0.6016611532740971,1,0.5503110134056235,1,0.5419878,1
2022-01-02,0,2,0.5545894159686827,1,0.47750841925020493,0,0.5428566,1
2022-01-03,0,2,0.5128384962036214,1,0.4833844639917115,0,0.5428566,1
2022-01-04,0,2,0.5693344900493892,1,0.5377122914241258,1,0.5465172,1
2022-01-05,0,2,0.5728518585219683,1,0.5587284293025214,1,0.5465172,1
2022-01-06,0,2,0.5902617329157427,1,0.5407836676068634,1,0.55356807,1
2022-01-07,1,2,0.6041725821109593,1,0.5618955060064924,1,0.5499175,1
2022-01-08,1,2,0.573799891745321,1,0.5237608892045801,1,0.55356807,1
2022-01-09,0,2,0.58390360408995,1,0.534698006274044,1,0.55356807,1
2022-01-10,1,2,0.5320789176948685,1,0.520586119979972,1,0.55356807,1
2022-01-11,1,2,0.6206759456644235,1,0.5366382514815888,1,0.55356807,1
2022-01-12,0,2,0.5507795577122141,1,0.4914039346487611,0,0.5428566,1
2022-01-13,1,2,0.6006681373475647,1,0.5237762953694208,1,0.5465172,1
2022-01-14,1,2,0.5410893599440358,1,0.49128932199473224,0,0.5428566,1
2022-01-15,0,2,0.5329299688398849,1,0.5125502242029305,1,0.5465172,1
2022-01-16,0,2,0.5067807549363282,1,0.48684875486917084,0,0.5465172,1
2022-01-17,1,2,0.5355049260087958,1,0.4888318051895712,0,0.5428566,1
2022-01-18,0,2,0.5211540166412827,1,0.5068365844510543,1,0.5428566,1
2022-01-19,0,2,0.5570911681845258,1,0.5227296909018297,1,0.5465172,1
2022-01-20,0,2,0.5328695847837831,1,0.5327310360143878,1,0.5465172,1
2022-01-21,0,2,0.6149188390184769,1,0.5873706826634274,1,0.5499175,1
2022-01-22,1,2,0.6442367551301298,1,0.5817712550981491,1,0.55356807,1
2022-01-23,1,2,0.5674679658778301,1,0.5877321225802062,1,0.55356807,1
2022-01-24,1,2,0.5734930203976858,1,0.5814004170969423,1,0.55356807,1
2022-01-25,0,2,0.6456951508078982,1,0.5413752428658611,1,0.55356807,1
2022-01-26,1,2,0.5784137899541614,1,0.4980703834647057,0,0.5499175,1
2022-01-27,1,2,0.5360985179821605,1,0.5265613553681082,1,0.5465172,1
2022-01-28,1,2,0.5517100065114645,1,0.510655484227678,1,0.5465172,1
2022-01-29,0,2,0.540316505053429,1,0.47688811303034934,0,0.5428566,1
2022-01-30,1,2,0.5106301742407957,1,0.47920102499971345,0,0.5465172,1
2022-01-31,1,2,0.5080433494969205,1,0.47471442557185173,0,0.5465172,1
2022-02-01,0,2,0.5401491332022845,1,0.49919794859456396,0,0.5465172,1
2022-02-02,1,2,0.5780675443553969,1,0.5066969895234116,1,0.5465172,1
2022-02-03,1,2,0.537022948294751,1,0.4891867770149353,0,0.5428566,1
2022-02-04,0,2,0.48305335115123044,0,0.516249689972138,1,0.543129,1
2022-02-05,1,2,0.5463838809321543,1,0.4921830478300846,0,0.5383215,1
2022-02-06,1,2,0.6014777618567806,1,0.5362288680959378,1,0.5419878,1
2022-02-07,1,2,0.49995198866208823,0,0.48951350500506974,0,0.54475904,1
2022-02-08,1,2,0.5125885746625811,1,0.574924323457815,1,0.55196476,1
2022-02-09,0,2,0.5549650133035482,1,0.5116757460727022,1,0.54900086,1
2022-02-10,0,2,0.5748429833986669,1,0.572079261082962,1,0.55196476,1
2022-02-11,0,2,0.5560723174743023,1,0.5152149319692909,1,0.55196476,1
2022-02-12,0,2,0.6033801994167158,1,0.52207689325091,1,0.5452649,1
2022-02-13,1,2,0.5316323342387084,1,0.518619109285643,1,0.5544252,1
2022-02-14,1,2,0.5589009646121018,1,0.5271386136109399,1,0.54900086,1
2022-02-15,0,2,0.6203962855322015,1,0.5852397865216706,1,0.55196476,1
2022-02-16,0,2,0.5980598066189289,1,0.5402359323199749,1,0.54900086,1
2022-02-17,0,2,0.5985227299095134,1,0.5551388976206915,1,0.55196476,1
2022-02-18,1,2,0.5578562202701971,1,0.5554980381447656,1,0.55738217,1
2022-02-19,0,2,0.5559334446695121,1,0.5415545337152406,1,0.5452649,1
2022-02-20,0,2,0.5431599628552104,1,0.5330426732605325,1,0.5499175,1
2022-02-21,1,2,0.5912513647298838,1,0.5602488681247234,1,0.5499175,1
2022-02-22,0,2,0.6021837533213329,1,0.5284034143138662,1,0.5484171,1
2022-02-23,1,2,0.5433285428940797,1,0.534060702623548,1,0.55356807,1
2022-02-24,1,2,0.5381886101982077,1,0.5245718448058007,1,0.5499175,1
2022-02-25,0,2,0.5974211473911911,1,0.5373287325748669,1,0.5419878,1
2022-02-26,0,2,0.5290843030190889,1,0.513362208544555,1,0.5383215,1
2022-02-27,1,2,0.5539299836988892,1,0.5181625059527856,1,0.55356807,1
2022-02-28,1,2,0.4546021942144315,0,0.5426888844269935,1,0.5467893,1
2022-03-01,0,2,0.5009222598109763,1,0.5380072239816925,1,0.5419878,1
2022-03-02,0,2,0.5197485651503981,1,0.5385778244472277,1,0.545544,1
2022-03-03,0,2,0.56226538437771,1,0.5349604140717569,1,0.545544,1
2022-03-04,1,2,0.4649145167676379,0,0.5173785745716287,1,0.545544,1
2022-03-05,0,2,0.48304718130179003,0,0.5079926689964719,1,0.5383215,1
2022-03-06,0,2,0.5225876670896612,1,0.5363942071563123,1,0.5467893,1
2022-03-07,1,2,0.5554454445247721,1,0.56884583074438,1,0.55356807,1
2022-03-08,1,2,0.5708562031634428,1,0.5194441663109644,1,0.5419878,1
2022-03-09,0,2,0.4694821409378308,0,0.477426027291878,0,0.54475904,1
2022-03-10,0,2,0.6268981022881839,1,0.5393640647483446,1,0.5419878,1
2022-03-11,1,2,0.5518122084466281,1,0.5024362143640235,1,0.5383215,1
2022-03-12,0,2,0.5662969072881482,1,0.515456845622224,1,0.5419878,1
2022-03-13,1,2,0.4723295327377178,0,0.520767019045022,1,0.54101735,1
2022-03-14,0,2,0.5226465648247103,1,0.4883212334246896,0,0.5484171,1
2022-03-15,1,2,0.5473682076643559,1,0.49154668253029854,0,0.54475904,1
2022-03-16,0,2,0.5123283684349851,1,0.5499729426676978,1,0.5484171,1
2022-03-17,1,2,0.5629879732062143,1,0.5124071763336489,1,0.5484171,1
2022-03-18,1,2,0.4406213070710767,0,0.5066621776044407,1,0.5452649,1
2022-03-19,0,2,0.5577932639491201,1,0.532329544824839,1,0.5452649,1
2022-03-20,0,2,0.5165822000722359,1,0.5199146184283532,1,0.5425729,1
2022-03-21,1,2,0.5300825757790636,1,0.5047788687289241,1,0.5473734,1
2022-03-22,1,2,0.4929807440022952,0,0.5465154690342904,1,0.5503392,1
2022-03-23,1,2,0.5556043106188364,1,0.5395512417616782,1,0.5425729,1
2022-03-24,1,2,0.5568823837980413,1,0.562370669594081,1,0.55196476,1
2022-03-25,1,2,0.6025567844521196,1,0.5657180403915778,1,0.55196476,1
2022-03-26,1,2,0.5664545607278839,1,0.5823220271836708,1,0.5452649,1
2022-03-27,1,2,0.4945117863754773,0,0.5395921716212069,1,0.54746735,1
2022-03-28,1,2,0.5875137774270741,1,0.5759797474693382,1,0.55196476,1
2022-03-29,0,2,0.5888779801121166,1,0.5357614634098794,1,0.54900086,1
2022-03-30,0,2,0.5564108104650098,1,0.5373020011979128,1,0.55043304,1
2022-03-31,1,2,0.5452189326251045,1,0.5594192024317479,1,0.55196476,1
2022-04-01,0,2,0.5561863247477431,1,0.5688313965306463,1,0.55196476,1
2022-04-02,1,2,0.5843093798482488,1,0.5399865494156321,1,0.5452649,1
2022-04-03,1,2,0.5702111716164214,1,0.5539511905123389,1,0.5452649,1
2022-04-04,0,2,0.5794219920008684,1,0.5676909186366881,1,0.55196476,1
2022-04-05,0,2,0.5478260919706542,1,0.5333107722228964,1,0.55196476,1
2022-04-06,1,2,0.604912380503343,1,0.5789852938194524,1,0.55196476,1
2022-04-07,0,2,0.5312327495891949,1,0.5301545723595121,1,0.54900086,1
2022-04-08,1,2,0.5426293357792675,1,0.541018933977102,1,0.5541505,1
2022-04-09,0,2,0.5716655370854573,1,0.5572808447372719,1,0.5452649,1
2022-04-10,0,2,0.5155803519867199,1,0.5309857181202285,1,0.5452649,1
2022-04-11,1,2,0.5290153286982356,1,0.528157823806144,1,0.55356807,1
2022-04-12,1,2,0.5601163687859114,1,0.545316649221027,1,0.55356807,1
2022-04-13,0,2,0.5280283613940236,1,0.514195636842052,1,0.5499175,1
2022-04-14,1,2,0.5442599876335492,1,0.5271917532409484,1,0.55356807,1
2022-04-15,0,2,0.5764517605620834,1,0.5295311466876568,1,0.55356807,1
2022-04-16,0,2,0.5008383633196782,1,0.47700671620515644,0,0.5499175,1
2022-04-17,1,2,0.48899768550818373,0,0.5074986229218886,1,0.55356807,1
2022-04-18,1,2,0.4776226083837136,0,0.5047503970888306,1,0.543129,1
2022-04-19,0,2,0.5246135072704257,1,0.4724693849465399,0,0.5383215,1
2022-04-20,0,2,0.5526155965080031,1,0.5295034881157296,1,0.5419878,1
2022-04-21,0,2,0.5614554706534918,1,0.5364624382446898,1,0.5465172,1
2022-04-22,0,2,0.4892971685028885,0,0.5115108845500211,1,0.5428566,1
2022-04-23,1,2,0.5484209390327304,1,0.5336858342616746,1,0.5465172,1
2022-04-24,1,2,0.51503534197656,1,0.5196803916241984,1,0.5465172,1
2022-04-25,0,2,0.529690505122193,1,0.5089655650164171,1,0.543129,1
2022-04-26,1,2,0.5525451945582642,1,0.5260068566561924,1,0.5428566,1
2022-04-27,1,2,0.5684846343370847,1,0.5336464253118535,1,0.5465172,1
2022-04-28,0,2,0.5007980061724374,1,0.5074661776225465,1,0.5383215,1
2022-04-29,0,2,0.5398557609286923,1,0.5377309473052349,1,0.5465172,1
2022-04-30,1,2,0.5836944211432574,1,0.519206669335916,1,0.5465172,1
2022-05-01,1,2,0.5060121358164464,1,0.5002960700801348,1,0.5465172,1
2022-05-02,0,2,0.4967214732979303,0,0.5053787809581174,1,0.5428566,1
2022-05-03,1,2,0.5530267025003935,1,0.5157529532361836,1,0.5428566,1
2022-05-04,0,2,0.5085938462667583,1,0.542404240321422,1,0.5467893,1
2022-05-05,0,2,0.5670033368467747,1,0.563036871109361,1,0.5465172,1
2022-05-06,0,2,0.555701156553099,1,0.5152355777049307,1,0.5428566,1
2022-05-07,0,2,0.5227818358451842,1,0.5546307045984955,1,0.55356807,1
2022-05-08,0,2,0.5384841317157273,1,0.54924515704365,1,0.55356807,1
2022-05-09,1,2,0.7231696545224642,1,0.583121249575744,1,0.5533537,1
2022-05-10,0,2,0.6312666827521165,1,0.5685819115631121,1,0.55356807,1
2022-05-11,0,2,0.6268055191791769,1,0.6249701233736445,1,0.5533537,1
2022-05-12,1,2,0.6435043084600309,1,0.6045997876489027,1,0.5533537,1
2022-05-13,1,2,0.6706531376969298,1,0.6000681377985108,1,0.5614071,1
2022-05-14,1,2,0.5563699286231916,1,0.4974102956205779,0,0.5614071,1
2022-05-15,0,2,0.5431853261448248,1,0.5328645124166727,1,0.5499175,1
2022-05-16,1,2,0.6090707046375031,1,0.513819369493704,1,0.55356807,1
2022-05-17,0,2,0.559832279770319,1,0.50006828201604,1,0.5428566,1
2022-05-18,1,2,0.5763223377907446,1,0.5182025611998918,1,0.5428566,1
2022-05-19,0,2,0.4612648063615917,0,0.487246194647202,0,0.5428566,1
2022-05-20,1,2,0.6088228137091161,1,0.5296142921195713,1,0.5465172,1
2022-05-21,1,2,0.5565792529957876,1,0.5280541377411125,1,0.5465172,1
2022-05-22,0,2,0.5072261670470944,1,0.49251648007666804,0,0.5428566,1
2022-05-23,1,2,0.5374687337009851,1,0.5120885880500627,1,0.5465172,1
2022-05-24,0,2,0.5063225074259056,1,0.4929286987082657,0,0.5428566,1
2022-05-25,0,2,0.5720477495401141,1,0.5120788125503757,1,0.5465172,1
2022-05-26,0,2,0.5110110146226525,1,0.5075128302648135,1,0.5428566,1
2022-05-27,1,2,0.5529920332556183,1,0.525521981312583,1,0.5465172,1
2022-05-28,1,2,0.5167135425069276,1,0.560242890099171,1,0.5465172,1
2022-05-29,1,2,0.516846815780772,1,0.5077749033338855,1,0.5465172,1
2022-05-30,1,2,0.5173085722923658,1,0.5328621821195896,1,0.5484171,1
2022-05-31,0,2,0.5573298676298017,1,0.49832738200115906,0,0.54475904,1
2022-06-01,1,2,0.5645959243781894,1,0.5117898093356126,1,0.54475904,1
2022-06-02,0,2,0.5229365627744713,1,0.4808420603344169,0,0.55019265,1
2022-06-03,1,2,0.49995895145599534,0,0.5209922391143513,1,0.5465172,1
2022-06-04,1,2,0.5259604220221682,1,0.5339980059254198,1,0.5419878,1
2022-06-05,1,2,0.5478763340586948,1,0.5072655221574555,1,0.5419878,1
2022-06-06,0,2,0.4966990129291257,0,0.5262668584156974,1,0.5484171,1
2022-06-07,0,2,0.5531396534311306,1,0.5364216888010216,1,0.5484171,1
2022-06-08,0,2,0.5747165980776533,1,0.5337479208632447,1,0.5419878,1
2022-06-09,0,2,0.5333514080344102,1,0.4918106502972939,0,0.55019265,1
2022-06-10,0,2,0.5068770138703831,1,0.5177107828223783,1,0.5465172,1
2022-06-11,0,2,0.5608273722984867,1,0.5010619688051836,1,0.5465172,1
2022-06-12,0,2,0.574120115161257,1,0.5777902461513252,1,0.5428566,1
2022-06-13,0,2,0.693992221776796,1,0.6067168024120791,1,0.5533537,1
2022-06-14,1,2,0.6636278028912579,1,0.6344676432212446,1,0.5614071,1
2022-06-15,0,3,0.6606457243447198,1,0.6217666844182385,1,0.60782045,1
2022-06-16,1,3,0.7040382257238816,1,0.6092546841577832,1,0.566195,1
2022-06-17,0,3,0.7188109202960786,1,0.5805655895515246,1,0.5381069,1
2022-06-18,1,3,0.7494491031715914,1,0.6061139788916418,1,0.57579315,1
2022-06-19,0,3,0.554441360029334,1,0.5910802481931503,1,0.5793152,1
2022-06-20,1,3,0.641317211001294,1,0.5705048879723962,1,0.5406428,1
2022-06-21,0,3,0.6419748940928335,1,0.534899927361381,1,0.53764755,1
2022-06-22,1,3,0.6267506298837491,1,0.5449221684214859,1,0.5368956,1
2022-06-23,1,3,0.5298590336847991,1,0.48292955030736434,0,0.49781927,0
2022-06-24,1,3,0.475128661725291,0,0.47843376842179186,0,0.50102955,1
2022-06-25,0,3,0.5329587805447876,1,0.511391795260425,1,0.50930923,1
2022-06-26,0,3,0.5443837182728649,1,0.47624365220999415,0,0.4770574,0
2022-06-27,0,3,0.5264031785506861,1,0.5102881138628009,1,0.5047264,1
2022-06-28,0,3,0.5305664151523714,1,0.5216595523265335,1,0.5178789,1
2022-06-29,0,3,0.5781033556227757,1,0.540710165791225,1,0.52562135,1
2022-06-30,0,3,0.5841543725704287,1,0.5496141057532185,1,0.5194047,1
2022-07-01,0,3,0.4995675716829712,0,0.5365850130099202,1,0.5408588,1
2022-07-02,1,3,0.5317149717382561,1,0.5436858562118803,1,0.55239093,1
2022-07-03,1,3,0.5222250141692844,1,0.5209306178766092,1,0.5401398,1
2022-07-04,0,3,0.47587047865272564,0,0.4761176332179078,0,0.47657785,0
2022-07-05,1,3,0.48358841576722394,0,0.4898365231060781,0,0.51101804,1
2022-07-06,1,3,0.5168982468528932,1,0.5026185001567788,1,0.5368931,1
2022-07-07,0,3,0.5353983106892228,1,0.5295914678246365,1,0.5098464,1
2022-07-08,0,3,0.5574984703550872,1,0.4801375375156034,0,0.4646695,0
2022-07-09,0,3,0.5375489747583191,1,0.5086779299166392,1,0.4778763,0
2022-07-10,0,3,0.5395890588831918,1,0.5018705613650639,1,0.5173201,1
2022-07-11,0,3,0.4510502709541378,0,0.480299337914895,0,0.51512355,1
2022-07-12,1,3,0.556446730002986,1,0.5111776524702815,1,0.5517894,1
2022-07-13,1,3,0.432402005350721,0,0.5161516482502252,1,0.5539654,1
2022-07-14,1,3,0.5595591524356446,1,0.5360678211758403,1,0.5112364,1
2022-07-15,1,3,0.5690328968382411,1,0.5128618656243615,1,0.5241976,1
2022-07-16,0,3,0.552402589815202,1,0.5032689629153658,1,0.5159541,1
2022-07-17,1,3,0.4688363559065186,0,0.4708625412831326,0,0.5058988,1
2022-07-18,1,3,0.490765679704455,0,0.529480234018248,1,0.4916451,0
2022-07-19,0,3,0.5548758234244365,1,0.5655988429615927,1,0.5558926,1
2022-07-20,0,3,0.5168349765975339,1,0.49888132592688855,0,0.4748666,0
2022-07-21,0,3,0.5798151494606106,1,0.5514140259694071,1,0.57503927,1
2022-07-22,0,3,0.44327502614978187,0,0.49561065537166493,0,0.51854265,1
2022-07-23,1,3,0.5191546953502163,1,0.5121370093105564,1,0.54655176,1
2022-07-24,0,3,0.5258624149945171,1,0.5339139905227306,1,0.5370288,1
2022-07-25,0,3,0.5415504483210053,1,0.5066413247888794,1,0.5168934,1
2022-07-26,1,3,0.5615507506603259,1,0.5324358921597169,1,0.54746103,1
2022-07-27,1,3,0.47866814724065493,0,0.5276072147039125,1,0.5544883,1
2022-07-28,0,3,0.5475699955830073,1,0.5593655355039419,1,0.55152357,1
2022-07-29,0,3,0.5988877729379488,1,0.577515204277619,1,0.59552443,1
2022-07-30,0,3,0.5305323258831783,1,0.5434831564851944,1,0.58913803,1
2022-07-31,0,3,0.5036475328407515,1,0.5379702146355837,1,0.5421487,1
2022-08-01,0,3,0.48874536442714467,0,0.5222056447716269,1,0.55288506,1
2022-08-02,0,3,0.5235241996928762,1,0.5237273612841383,1,0.54006964,1
2022-08-03,0,3,0.5294590559223586,1,0.5238718117542628,1,0.52776104,1
2022-08-04,1,3,0.5182544613456104,1,0.5157131910670202,1,0.5294156,1
2022-08-05,0,3,0.5168749545887196,1,0.540736731782141,1,0.5488174,1
2022-08-06,1,3,0.5809950719062321,1,0.5317208610652309,1,0.53329295,1
2022-08-07,1,3,0.5209986212866856,1,0.5503979091388455,1,0.5906462,1
2022-08-08,0,3,0.5255750756834953,1,0.5341282097145478,1,0.55169505,1
2022-08-09,1,3,0.5389986378259403,1,0.5103963007740091,1,0.53320915,1
2022-08-10,0,3,0.5513960909986253,1,0.5732096329544609,1,0.584937,1
2022-08-11,1,3,0.5680255224831731,1,0.5449831896017098,1,0.5545117,1
2022-08-12,1,3,0.5722747980073499,1,0.566776061687515,1,0.5631921,1
2022-08-13,0,3,0.5359706191071567,1,0.5203621271867233,1,0.5556125,1
2022-08-14,0,3,0.5224842979323339,1,0.5302954218594954,1,0.5372852,1
2022-08-15,0,3,0.5476107670080694,1,0.5547628239306348,1,0.57300925,1
2022-08-16,0,3,0.5521760698337718,1,0.5496764809703824,1,0.5755338,1
2022-08-17,0,3,0.5023046553622781,1,0.5356872434943404,1,0.562227,1
2022-08-18,0,3,0.5656720796121418,1,0.5420422176783986,1,0.55943763,1
2022-08-19,1,3,0.5596578185283078,1,0.5619196750040374,1,0.572377,1
2022-08-20,1,3,0.4732663766345693,0,0.554046027825131,1,0.53850824,1
2022-08-21,0,3,0.5071671790403294,1,0.5221792223497599,1,0.54529166,1
2022-08-22,1,3,0.5110612801544183,1,0.5379642262546466,1,0.5342332,1
2022-08-23,0,3,0.6025707982762722,1,0.5322542619745114,1,0.568432,1
2022-08-24,1,3,0.48004421335948544,0,0.4850035329393281,0,0.5095704,1
2022-08-25,0,3,0.5006519736983562,1,0.5150380180940395,1,0.52666646,1
2022-08-26,0,3,0.5347862587597073,1,0.5513546695815713,1,0.56016856,1
2022-08-27,0,3,0.4746475517545186,0,0.5526112599322175,1,0.5330857,1
2022-08-28,1,3,0.5127522257829478,1,0.5323160283452903,1,0.5379308,1
2022-08-29,0,3,0.47722942747845815,0,0.524807723376817,1,0.5176546,1
2022-08-30,1,3,0.5749726021301618,1,0.5394770649509439,1,0.5547467,1
2022-08-31,1,3,0.5337108314464374,1,0.4855578972382567,0,0.51213115,1
2022-09-01,0,3,0.5059514226487308,1,0.49378850838281324,0,0.5248001,1
2022-09-02,0,3,0.47886503156320304,0,0.49780378740658243,0,0.52428836,1
2022-09-03,1,3,0.55257993855176,1,0.48320313516785734,0,0.5433286,1
2022-09-04,0,3,0.4961184987172112,0,0.5032807927261882,1,0.5319524,1
2022-09-05,0,3,0.4934902831291097,0,0.48128413650291935,0,0.48384598,0
2022-09-06,1,3,0.48835932122979325,0,0.5297266403631636,1,0.5335345,1
2022-09-07,1,3,0.5087921028532775,1,0.5279619380048161,1,0.5576087,1
2022-09-08,1,3,0.4642413461516426,0,0.4867001337523199,0,0.53085965,1
2022-09-09,1,3,0.5016317042476329,1,0.5179416752417755,1,0.5303822,1
2022-09-10,1,3,0.5573257115074675,1,0.5494762730869767,1,0.55436766,1
2022-09-11,1,3,0.5330374372916203,1,0.5566060875742103,1,0.54069215,1
2022-09-12,0,3,0.5017224241063926,1,0.5223799732899828,1,0.54065347,1
2022-09-13,1,3,0.4519655286840711,0,0.48892485286607384,0,0.5153264,1
2022-09-14,0,3,0.4893248458331474,0,0.5012763642924878,1,0.5199764,1
2022-09-15,1,3,0.5108420300695863,1,0.5333703443271941,1,0.5527336,1
2022-09-16,1,3,0.43896819799300735,0,0.48827540939376973,0,0.52443904,1
2022-09-17,0,3,0.5991002277959776,1,0.5130055491256336,1,0.5024758,1
2022-09-18,1,3,0.47551615199339703,0,0.4937414007035539,0,0.4928538,0
2022-09-19,0,3,0.48526176283861683,0,0.5098668791759191,1,0.5122052,1
2022-09-20,0,3,0.5603811552429736,1,0.5375107001363574,1,0.55175894,1
2022-09-21,1,3,0.4886530249311471,0,0.5347944149678654,1,0.52740085,1
2022-09-22,0,3,0.5177048380719121,1,0.5025675889992688,1,0.50009054,1
2022-09-23,0,3,0.5452920645864638,1,0.5044373273882341,1,0.55222934,1
2022-09-24,0,3,0.5497143067347184,1,0.5448469033389062,1,0.60467744,1
2022-09-25,1,3,0.5121340258070185,1,0.4943068268976291,0,0.5312879,1
2022-09-26,0,3,0.47600178146580824,0,0.5235126636717857,1,0.5355437,1
2022-09-27,1,3,0.5051257152924419,1,0.48365018628547035,0,0.49502742,0
2022-09-28,1,3,0.5538723360021163,1,0.4979220961905744,0,0.51484746,1
2022-09-29,0,3,0.5265732433662612,1,0.4818163440090222,0,0.5059561,1
2022-09-30,0,3,0.5159823838014382,1,0.5016138732074286,1,0.5321258,1
2022-10-01,0,3,0.4958299875325837,0,0.4822909182756257,0,0.49229267,0
2022-10-02,1,3,0.4621654701263126,0,0.46651650459657135,0,0.50949043,1
2022-10-03,1,3,0.4877786587994723,0,0.4830788357100158,0,0.47187155,0
2022-10-04,0,3,0.5486172368473853,1,0.5241711571597131,1,0.5231178,1
2022-10-05,0,3,0.5408002990034024,1,0.5053035799765857,1,0.5250461,1
2022-10-06,0,3,0.5424888207319719,1,0.4887175877659914,0,0.48646283,0
2022-10-07,0,3,0.4988410723757249,0,0.484660369393475,0,0.5051333,1
2022-10-08,1,3,0.4749771793249985,0,0.48210357996016834,0,0.47479704,0
2022-10-09,0,3,0.47111109635329773,0,0.4948771324704227,0,0.47428071,0
2022-10-10,0,3,0.5296830049937982,1,0.5187287313616179,1,0.5174139,1
2022-10-11,1,3,0.4987970854568785,0,0.5247038712947769,1,0.51801765,1
2022-10-12,1,3,0.45145706213003034,0,0.48592091587117653,0,0.52445877,1
2022-10-13,0,3,0.5224643100584416,1,0.5266910371019292,1,0.5321269,1
2022-10-14,0,3,0.5246565714806021,1,0.524155117683038,1,0.51726514,1
2022-10-15,1,3,0.5183770894494384,1,0.552967759626769,1,0.5573723,1
2022-10-16,1,3,0.47308187055100687,0,0.4784393485595236,0,0.43721354,0
2022-10-17,0,3,0.49433484470387823,0,0.5170552902284246,1,0.50120634,1
2022-10-18,0,3,0.49110586523341915,0,0.5033105754017029,1,0.49104396,0
2022-10-19,0,3,0.5300218864604757,1,0.5498185041717303,1,0.5136582,1
2022-10-20,1,3,0.48199566568119995,0,0.5009918585945912,1,0.5137447,1
2022-10-21,1,3,0.4838737340635276,0,0.5373985456520024,1,0.5335056,1
2022-10-22,1,3,0.5167139460654167,1,0.5269921281191617,1,0.5411563,1
2022-10-23,0,3,0.5246859511911189,1,0.5161389288450015,1,0.5275908,1
2022-10-24,1,3,0.49541406265334365,0,0.5127042741358429,1,0.4972306,0
2022-10-25,1,3,0.5359215852763269,1,0.5390400448074033,1,0.49884194,0
2022-10-26,0,3,0.6549671768629545,1,0.5898189456725468,1,0.59084994,1
2022-10-27,1,3,0.5545044112298724,1,0.5459736436950923,1,0.5689523,1
2022-10-28,1,3,0.5912180205677634,1,0.5942712667099849,1,0.60067254,1
2022-10-29,0,3,0.5196106661356765,1,0.5398163503615344,1,0.5541482,1
2022-10-30,0,3,0.5300590644752461,1,0.5370258767931918,1,0.5189314,1
2022-10-31,0,3,0.5756037001496436,1,0.5783383320915653,1,0.5781343,1
2022-11-01,0,3,0.5410439631865157,1,0.5684067038573583,1,0.6143645,1
2022-11-02,1,3,0.5163308656989393,1,0.5332876288621587,1,0.5705607,1
2022-11-03,1,3,0.595257075596553,1,0.575297019376548,1,0.58545977,1
2022-11-04,1,3,0.5522625729976586,1,0.5891068279523705,1,0.6099469,1
2022-11-05,0,3,0.6152853896111437,1,0.578230691930271,1,0.55756503,1
2022-11-06,0,3,0.579409794402203,1,0.5419497701341326,1,0.54453284,1
2022-11-07,0,3,0.5407654677336587,1,0.5472948941525451,1,0.56798613,1
2022-11-08,0,3,0.5578444031641498,1,0.5560707120437776,1,0.5715359,1
2022-11-09,1,3,0.5705347775391743,1,0.5954024839913588,1,0.57000196,1
2022-11-10,0,3,0.5058465164421133,1,0.6109609078774957,1,0.602274,1
2022-11-11,0,3,0.5368731064863991,1,0.5836477399464475,1,0.5825555,1
2022-11-12,0,3,0.5977364186021852,1,0.5905207993530136,1,0.59374636,1
2022-11-13,1,3,0.5537316943311981,1,0.5427526437888793,1,0.51997894,1
2022-11-14,1,3,0.41186657553119915,0,0.5258041471568272,1,0.5001543,1
2022-11-15,0,3,0.5156662324344657,1,0.5584698744495398,1,0.5562666,1
2022-11-16,1,3,0.529229627193459,1,0.5250571900275701,1,0.52679145,1
2022-11-17,1,3,0.5129545670716116,1,0.4945218051528383,0,0.527603,1
2022-11-18,1,3,0.46796438109071414,0,0.5042995489842022,1,0.55491984,1
2022-11-19,0,3,0.47200722684413116,0,0.5017966673101857,1,0.4912221,0
2022-11-20,0,3,0.5647680514571928,1,0.5211878171471862,1,0.55514574,1
2022-11-21,1,3,0.5204186669479937,1,0.5346114740592435,1,0.52078664,1
2022-11-22,1,3,0.5142678637152986,1,0.5056734264822889,1,0.500563,1
2022-11-23,0,3,0.5176263604985635,1,0.5018243651441779,1,0.51039857,1
2022-11-24,0,3,0.5398984248531034,1,0.46801347259798803,0,0.45607334,0
2022-11-25,0,3,0.5305013607093398,1,0.4655863616030276,0,0.4774389,0
2022-11-26,0,3,0.4764343567030106,0,0.4607324008411783,0,0.4773231,0
2022-11-27,0,3,0.4933995726374278,0,0.5081207258268701,1,0.49734595,0
2022-11-28,1,3,0.4743237789955753,0,0.4950664303724069,0,0.52507293,1
2022-11-29,1,3,0.4751885443691584,0,0.4716119320216742,0,0.47419146,0
2022-11-30,0,3,0.5169179173712036,1,0.5118034343506701,1,0.5319217,1
2022-12-01,1,3,0.5237156159001851,1,0.5188773398851051,1,0.53119105,1
2022-12-02,0,3,0.498733829518103,0,0.5133821125479783,1,0.50137216,1
2022-12-03,1,3,0.5072868216114842,1,0.5180505867747802,1,0.50640917,1
2022-12-04,0,3,0.5074938270822521,1,0.5340458180587075,1,0.5033468,1
2022-12-05,1,3,0.5178589566015033,1,0.5048477430359877,1,0.51351845,1
2022-12-06,0,3,0.5015173964236778,1,0.5062037810589789,1,0.4868112,0
2022-12-07,1,3,0.5717733551088311,1,0.5172162592294253,1,0.53005695,1
2022-12-08,0,3,0.5165233896105954,1,0.5126038963580928,1,0.5304798,1
2022-12-09,0,3,0.4655983194417718,0,0.5049371942786227,1,0.5012708,1
2022-12-10,0,3,0.5878745613778783,1,0.5236282122492946,1,0.5008501,1
2022-12-11,1,3,0.5129272732227014,1,0.48811288603587744,0,0.45621943,0
2022-12-12,1,3,0.5239572500456391,1,0.5156919986896293,1,0.55069524,1
2022-12-13,1,3,0.5755305076849673,1,0.5765073741118728,1,0.5778654,1
2022-12-14,0,3,0.5625453101384617,1,0.551885311104487,1,0.56283504,1
2022-12-15,0,4,0.5344847513474923,1,0.5043456869266261,1,0.5477232,1
2022-12-16,1,4,0.4747559414666465,0,0.4969078069055934,0,0.51776797,1
2022-12-17,0,4,0.480770825641145,0,0.5186091274651137,1,0.5746226,1
2022-12-18,0,4,0.48053528503087295,0,0.5584866414498223,1,0.6489741,1
2022-12-19,1,4,0.4826164054735083,0,0.5099998034306293,1,0.53423715,1
2022-12-20,0,4,0.5217403961345342,1,0.5130529027176,1,0.55758005,1
2022-12-21,0,4,0.5086575961258196,1,0.4976179665877037,0,0.51158756,1
2022-12-22,0,4,0.4709896497595445,0,0.46721533409098737,0,0.4645372,0
2022-12-23,1,4,0.4860982870324896,0,0.5024382260492298,1,0.52128327,1
2022-12-24,0,4,0.44534049558300914,0,0.5177651616587243,1,0.5806372,1
2022-12-25,1,4,0.5176668513660522,1,0.5043177566523723,1,0.46704754,0
2022-12-26,0,4,0.4942670102619773,0,0.4906772301476232,0,0.42046714,0
2022-12-27,0,4,0.46686477737592896,0,0.5257767844389576,1,0.4447981,0
2022-12-28,1,4,0.5232789368575361,1,0.5451836669390849,1,0.601874,1
2022-12-29,0,4,0.45957272808181915,0,0.5435350094301634,1,0.53887314,1
2022-12-30,0,4,0.5033597776643677,1,0.5235664257042039,1,0.5115604,1
2022-12-31,1,4,0.48616184325494705,0,0.5579535679592168,1,0.636037,1
2023-01-01,1,4,0.5206181301175645,1,0.5577744632314903,1,0.57628804,1
2023-01-02,1,4,0.5005973228268289,1,0.5281193659486185,1,0.46248844,0
2023-01-03,1,4,0.5129106301500665,1,0.529277709980353,1,0.4972558,0
2023-01-04,0,4,0.5326337600769366,1,0.5319871141141018,1,0.5427697,1
2023-01-05,1,4,0.5577185013461933,1,0.569827862509153,1,0.5837204,1
2023-01-06,0,4,0.56140070497494,1,0.5432526131044717,1,0.5622398,1
2023-01-07,1,4,0.5237043243459863,1,0.5296422370694874,1,0.5345326,1
2023-01-08,1,4,0.5483553713299207,1,0.5728672403151472,1,0.58408296,1
2023-01-09,1,4,0.557569504774416,1,0.6140735943164445,1,0.6391089,1
2023-01-10,1,4,0.6320549914536503,1,0.6000986261651601,1,0.63564515,1
2023-01-11,1,4,0.6043914680197613,1,0.6083508088301053,1,0.5996971,1
2023-01-12,1,4,0.6535108766146918,1,0.6091238187268851,1,0.6332553,1
2023-01-13,1,4,0.653535763276948,1,0.5846050909721572,1,0.61423594,1
2023-01-14,0,4,0.6351453478978569,1,0.5684099200790415,1,0.5835922,1
2023-01-15,1,4,0.6049665927949204,1,0.5357324504439375,1,0.558151,1
2023-01-16,0,4,0.5913035353880209,1,0.5388693985416749,1,0.5768117,1
2023-01-17,0,4,0.6217509888089525,1,0.5443822200283054,1,0.5658954,1
2023-01-18,1,4,0.5880143744687262,1,0.5380620493092129,1,0.5308517,1
2023-01-19,1,4,0.6555685217140091,1,0.5389647998247393,1,0.5673132,1
2023-01-20,1,4,0.5907253462993042,1,0.5303354447920492,1,0.5271065,1
2023-01-21,0,4,0.6359945226806811,1,0.5533047444055375,1,0.5529164,1
2023-01-22,1,4,0.6663671867603415,1,0.5666933240129249,1,0.5934285,1
2023-01-23,0,4,0.6544482397098258,1,0.5658376424338883,1,0.613981,1
2023-01-24,1,4,0.6003586665677173,1,0.5741188362120376,1,0.5929702,1
2023-01-25,0,4,0.6622279636463142,1,0.5559374716324559,1,0.57698673,1
2023-01-26,1,4,0.6563529642135663,1,0.5321018575212952,1,0.5651692,1
2023-01-27,0,4,0.6489385144118787,1,0.5520590506143059,1,0.57257754,1
2023-01-28,1,4,0.6625829768495437,1,0.5411571499089904,1,0.5525838,1
2023-01-29,0,4,0.6254336004684221,1,0.5601766997296125,1,0.57261395,1
2023-01-30,1,4,0.6171351620959271,1,0.5778890441121604,1,0.60043377,1
2023-01-31,1,4,0.600876959148816,1,0.5650198505474834,1,0.57390356,1
2023-02-01,0,4,0.6183939040963502,1,0.5720929048340783,1,0.6068773,1
2023-02-02,0,4,0.6021970542802757,1,0.5532887738712243,1,0.57172453,1
2023-02-03,0,4,0.6011679274018941,1,0.5215006226338196,1,0.5396092,1
2023-02-04,0,4,0.6086066183473473,1,0.5616363098204586,1,0.57820106,1
2023-02-05,0,4,0.5563945904235498,1,0.5522809543046043,1,0.62291825,1
2023-02-06,1,4,0.5677228412158265,1,0.5356928128279531,1,0.5437656,1
2023-02-07,0,4,0.5813839992884238,1,0.5384372378311143,1,0.56047356,1
2023-02-08,0,4,0.5773070111684955,1,0.5463607206099487,1,0.56247526,1
2023-02-09,0,4,0.5834605871118848,1,0.5363873855517193,1,0.58389306,1
2023-02-10,1,4,0.5403466855800172,1,0.5348879364474324,1,0.5748297,1
2023-02-11,0,4,0.5250394027727463,1,0.5387403773991651,1,0.5801483,1
2023-02-12,0,4,0.5291335589381083,1,0.5249105211093648,1,0.5251405,1
2023-02-13,1,4,0.5634263364280881,1,0.5233561129278851,1,0.56542784,1
2023-02-14,1,4,0.5625821160703123,1,0.5140653557678141,1,0.5641772,1
2023-02-15,0,4,0.5439252254235101,1,0.5522524883403642,1,0.57755244,1
2023-02-16,1,4,0.5489105698436996,1,0.5491564939522073,1,0.58408487,1
2023-02-17,1,4,0.5325943568215273,1,0.5238013782442178,1,0.53257173,1
2023-02-18,0,4,0.5209554108587912,1,0.5258596009317666,1,0.5254504,1
2023-02-19,1,4,0.4616533088005977,0,0.50441685400698,1,0.53467065,1
2023-02-20,0,4,0.5191767181684699,1,0.5152797666789495,1,0.5418878,1
2023-02-21,0,4,0.5491145473812058,1,0.5372933434325695,1,0.58307827,1
2023-02-22,0,4,0.5270652439534869,1,0.5200852104168355,1,0.5603501,1
2023-02-23,0,4,0.5731709099159246,1,0.5371851442931391,1,0.5783641,1
2023-02-24,0,4,0.5091104140659174,1,0.5148591082122618,1,0.56481314,1
2023-02-25,1,4,0.5490319454072924,1,0.5194782976921178,1,0.514373,1
2023-02-26,0,4,0.5889812169360946,1,0.519248915766292,1,0.5534041,1
2023-02-27,0,4,0.5407155003547807,1,0.5202945691044935,1,0.543943,1
2023-02-28,1,4,0.5830967100132929,1,0.510959440111424,1,0.5197063,1
2023-03-01,0,4,0.5651109581173523,1,0.5367922614508004,1,0.5549506,1
2023-03-02,0,4,0.5302945515425179,1,0.5071975553654217,1,0.53407735,1
2023-03-03,0,4,0.5555392822736023,1,0.5408136020223128,1,0.5624464,1
2023-03-04,1,4,0.5252104672475012,1,0.5411155774569224,1,0.55652845,1
2023-03-05,0,4,0.4839447954708871,0,0.5147903795500306,1,0.511271,1
2023-03-06,0,4,0.49055550318002933,0,0.5265498161028067,1,0.5640476,1
2023-03-07,0,4,0.5580016833985816,1,0.5219334693265193,1,0.5397083,1
2023-03-08,0,4,0.5231415696034147,1,0.5472164960603363,1,0.6139107,1
2023-03-09,0,4,0.5341715717551908,1,0.5566489772333927,1,0.55079925,1
2023-03-10,1,4,0.5194516900928243,1,0.5574641996404519,1,0.5473943,1
2023-03-11,1,4,0.5373679490515073,1,0.5369237355125512,1,0.5078298,1
2023-03-12,1,4,0.5287308623406047,1,0.5332370080270715,1,0.5643117,1
2023-03-13,1,4,0.5497428303723099,1,0.5287545621675892,1,0.5547134,1
2023-03-14,0,4,0.5383371546054223,1,0.5382229570357696,1,0.5561079,1
2023-03-15,1,4,0.5180141782588751,1,0.536407439198797,1,0.5775953,1
2023-03-16,1,4,0.45521108341233674,0,0.5269216938780839,1,0.5504373,1
2023-03-17,0,4,0.42702440862373453,0,0.5530645362655854,1,0.57792443,1
2023-03-18,1,4,0.49431332135145134,0,0.5142542510079159,1,0.5258022,1
2023-03-19,0,4,0.4917288386606597,0,0.4810483122517462,0,0.4990346,0
2023-03-20,1,4,0.5047881368645496,1,0.5200093876118789,1,0.5644036,1
2023-03-21,0,4,0.46698897353641133,0,0.4921298500048843,0,0.5187979,1
2023-03-22,1,4,0.5473627885387624,1,0.5306029980869322,1,0.5625865,1
2023-03-23,0,4,0.5498863249621637,1,0.5574117009305852,1,0.56496394,1
2023-03-24,1,4,0.5544885375064569,1,0.5521291498804881,1,0.5368451,1
2023-03-25,1,4,0.5341627949350949,1,0.5296617414398664,1,0.51939666,1
2023-03-26,0,4,0.5453988346766578,1,0.5451939747708643,1,0.5338168,1
2023-03-27,1,4,0.5665688991957963,1,0.5534251332876875,1,0.58194107,1
2023-03-28,1,4,0.5646730186483158,1,0.5466549125726767,1,0.5536673,1
2023-03-29,0,4,0.5723250053522618,1,0.5630661855140346,1,0.59373426,1
2023-03-30,1,4,0.5465120964839559,1,0.5555819726114285,1,0.57245874,1
2023-03-31,0,4,0.549564817145236,1,0.5423613941935598,1,0.54409164,1
2023-04-01,0,4,0.5422779125649904,1,0.5412839500793069,1,0.5267982,1
2023-04-02,0,4,0.5059045914130811,1,0.5484452762367171,1,0.56684554,1
2023-04-03,1,4,0.5141937524504979,1,0.5407285466452432,1,0.5689406,1
2023-04-04,1,4,0.5476793719629616,1,0.5363385892798973,1,0.53215253,1
2023-04-05,0,4,0.520264814460841,1,0.5614153763564858,1,0.6153969,1
2023-04-06,0,4,0.554615205965647,1,0.5372996718549764,1,0.5755557,1
2023-04-07,1,4,0.5315150987061735,1,0.5412246973591139,1,0.5625309,1
2023-04-08,1,4,0.5346399329545708,1,0.5548411690930628,1,0.56405073,1
2023-04-09,1,4,0.5181659835804642,1,0.5454353408938938,1,0.5691453,1
2023-04-10,1,4,0.5479228972232064,1,0.5530115173979236,1,0.57529855,1
2023-04-11,0,4,0.593914756893788,1,0.5644695708207297,1,0.595853,1
2023-04-12,1,4,0.5837037802826948,1,0.5534173141319374,1,0.5811869,1
2023-04-13,1,4,0.5489092152044265,1,0.531758193144751,1,0.5431461,1
2023-04-14,0,4,0.5425034471422451,1,0.5656015639048395,1,0.6125747,1
2023-04-15,1,4,0.5743442019051735,1,0.5389324736078123,1,0.53018713,1
2023-04-16,0,4,0.5455515094868328,1,0.5601612685693798,1,0.6057468,1
2023-04-17,1,4,0.5713179689072806,1,0.5612001695762786,1,0.5949227,1
2023-04-18,0,4,0.57082839213205,1,0.5546103873396879,1,0.6020219,1
2023-04-19,0,4,0.563925985081837,1,0.5308186632877288,1,0.5790746,1
2023-04-20,0,4,0.5644159024176676,1,0.5304957844286634,1,0.5407411,1
2023-04-21,1,4,0.5758147561239638,1,0.5361462452627753,1,0.5512941,1
2023-04-22,0,4,0.5284630887312821,1,0.5357439755706255,1,0.54257774,1
2023-04-23,0,4,0.5268210788378862,1,0.5218634459211534,1,0.5075038,1
2023-04-24,1,4,0.5559163202323305,1,0.5432676066003732,1,0.55796397,1
2023-04-25,1,4,0.5386531588083872,1,0.486243121874401,0,0.504939,1
2023-04-26,1,4,0.5335628761331423,1,0.5326319865746808,1,0.5923525,1
2023-04-27,0,4,0.5538428134134011,1,0.5426937186026645,1,0.5840641,1
2023-04-28,0,4,0.5448569320450185,1,0.5208576486141598,1,0.54025406,1
2023-04-29,1,4,0.5071292207037741,1,0.5045604285247101,1,0.49974233,0
2023-04-30,0,4,0.48347469641755547,0,0.5229379168860641,1,0.55684626,1
2023-05-01,1,4,0.5223111939408028,1,0.5249058588629776,1,0.5635831,1
2023-05-02,1,4,0.4979036369002412,0,0.5314500341356028,1,0.57757103,1
2023-05-03,0,4,0.5208313056130897,1,0.5207112153439679,1,0.56187654,1
2023-05-04,1,4,0.5249807910280515,1,0.49969665713906236,0,0.5015219,1
2023-05-05,0,4,0.5317458952206551,1,0.5547713797725118,1,0.5662268,1
2023-05-06,0,4,0.5208845307361355,1,0.5063827448012568,1,0.50354743,1
2023-05-07,0,4,0.4916446443031868,0,0.5041994143787782,1,0.49669722,0
2023-05-08,0,4,0.5194719746426429,1,0.5398560639377421,1,0.6087705,1
2023-05-09,0,4,0.5149660115761869,1,0.5307236271161756,1,0.56966764,1
2023-05-10,0,4,0.5186586067243967,1,0.5211928898294131,1,0.573148,1
2023-05-11,0,4,0.5300583406643091,1,0.5502767702205992,1,0.63677126,1
2023-05-12,0,4,0.5109688311220445,1,0.522007935052212,1,0.5449908,1
2023-05-13,1,4,0.5066864539931791,1,0.5305329910781024,1,0.5828621,1
2023-05-14,1,4,0.4879060555045312,0,0.5145051993890829,1,0.52872497,1
2023-05-15,0,4,0.5038414064952622,1,0.5355878987210374,1,0.60040253,1
2023-05-16,1,4,0.520971676013581,1,0.5175287492807323,1,0.52718514,1
2023-05-17,0,4,0.5090192286806496,1,0.5128523270347238,1,0.52691054,1
2023-05-18,1,4,0.4974513340289573,0,0.5202606822861049,1,0.5589243,1
2023-05-19,1,4,0.4916646821759948,0,0.5135963858680409,1,0.49533036,0
2023-05-20,0,4,0.48701729273581623,0,0.5311699041368905,1,0.5628055,1
2023-05-21,1,4,0.47300235625263704,0,0.5266761295313456,1,0.5162883,1
2023-05-22,1,4,0.4953603632837315,0,0.5379171535427947,1,0.4657251,0
2023-05-23,0,4,0.5124822931470661,1,0.537860852140894,1,0.5458405,1
2023-05-24,1,4,0.509240472620173,1,0.5348510980874803,1,0.55421525,1
2023-05-25,1,4,0.5007702134403289,1,0.5441500947303713,1,0.55553305,1
2023-05-26,1,4,0.4828708872861602,0,0.527117187619964,1,0.5027966,1
2023-05-27,1,4,0.48649852123855547,0,0.5096742689788905,1,0.45594126,0
2023-05-28,0,4,0.5182870738770996,1,0.5583281057921191,1,0.5716539,1
2023-05-29,0,4,0.5387236580569299,1,0.5179957326464798,1,0.5623715,1
2023-05-30,0,4,0.5229176589278451,1,0.49397798665518355,0,0.4901148,0
2023-05-31,0,4,0.5053962687813902,1,0.5165388844022616,1,0.5533945,1
2023-06-01,1,4,0.4836846446999276,0,0.5034556380936313,1,0.4878812,0
2023-06-02,0,4,0.5136276467612997,1,0.5276038826020159,1,0.5327767,1
2023-06-03,1,4,0.4953831635274703,0,0.5274302083505771,1,0.59490395,1
2023-06-04,0,4,0.5054121196793483,1,0.5095817744756176,1,0.5115926,1
2023-06-05,1,4,0.5223490164047446,1,0.547040698133128,1,0.58172005,1
2023-06-06,0,4,0.5153910906275593,1,0.5155035507651679,1,0.5510668,1
2023-06-07,1,4,0.5314892019443057,1,0.5112060550302806,1,0.5417237,1
2023-06-08,0,4,0.5247714552995797,1,0.5024646275506154,1,0.48552603,0
2023-06-09,0,4,0.5217632341912509,1,0.4868338033791392,0,0.49621314,0
2023-06-10,1,4,0.469242475102462,0,0.5086328875617612,1,0.5171426,1
2023-06-11,0,4,0.48654493276694627,0,0.5146059215930432,1,0.5059394,1
2023-06-12,1,4,0.4994922661837804,0,0.4860596353994538,0,0.4867172,0
2023-06-13,0,4,0.4813411635875082,0,0.5095119297827064,1,0.5193445,1
2023-06-14,1,4,0.5066564007768836,1,0.5457070355550119,1,0.5995314,1
2023-06-15,1,5,0.4736790947926623,0,0.5001661485623109,1,0.53769124,1
2023-06-16,1,5,0.4871428628668318,0,0.47636522728771413,0,0.5253986,1
2023-06-17,0,5,0.49429250788557005,0,0.4546540586478525,0,0.47874007,0
2023-06-18,1,5,0.5212020381882251,1,0.46587752056382215,0,0.51535606,1
2023-06-19,1,5,0.4957903103542241,0,0.4613803694980851,0,0.482394,0
2023-06-20,1,5,0.5087746550644714,1,0.5153807200458679,1,0.5153342,1
2023-06-21,0,5,0.5587287585284875,1,0.5626885960462299,1,0.5521029,1
2023-06-22,1,5,0.5692928851224364,1,0.5344722460819482,1,0.57372856,1
2023-06-23,0,5,0.5224765131203372,1,0.5023172641621823,1,0.53965443,1
2023-06-24,0,5,0.5164772377794947,1,0.5058705677354256,1,0.54618835,1
2023-06-25,0,5,0.4709240497008471,0,0.5055327603918951,1,0.52698964,1
2023-06-26,1,5,0.544634559562118,1,0.4969913135659327,0,0.5197768,1
2023-06-27,0,5,0.551861899748182,1,0.5133304838313804,1,0.5349682,1
2023-06-28,1,5,0.5694325385302448,1,0.542883850601832,1,0.58397305,1
2023-06-29,1,5,0.5510523412576454,1,0.5290559515245223,1,0.53806007,1
2023-06-30,1,5,0.5785483611194739,1,0.5500367611489805,1,0.569647,1
2023-07-01,1,5,0.6163535004542334,1,0.5724954801460795,1,0.5940041,1
2023-07-02,1,5,0.5697197605596719,1,0.5262359678030024,1,0.56354594,1
2023-07-03,0,5,0.5804668317612459,1,0.5668776150458783,1,0.5909642,1
2023-07-04,0,5,0.5805405683629271,1,0.5531130733767373,1,0.5627681,1
2023-07-05,0,5,0.5539462154788972,1,0.5427307822815034,1,0.55694747,1
2023-07-06,1,5,0.5632835467812837,1,0.5446880427210994,1,0.55013466,1
2023-07-07,0,5,0.5324070022469115,1,0.5394863980960856,1,0.56215405,1
2023-07-08,0,5,0.5341445043432349,1,0.551741327858615,1,0.55338204,1
2023-07-09,1,5,0.5003595950106974,1,0.549633335194645,1,0.5325346,1
2023-07-10,1,5,0.5293144457961458,1,0.5558659029227119,1,0.5545818,1
2023-07-11,0,5,0.5517144224963608,1,0.6014554510093187,1,0.5514658,1
2023-07-12,1,5,0.5276793141036273,1,0.5898935985835223,1,0.57716054,1
2023-07-13,0,5,0.5700322586231172,1,0.6276242659243972,1,0.59326816,1
2023-07-14,0,5,0.5430015341115842,1,0.5221420711706398,1,0.54655284,1
2023-07-15,0,5,0.496012981259862,0,0.5325463141620371,1,0.5314529,1
2023-07-16,0,5,0.44856445817302615,0,0.5273082037734689,1,0.52439696,1
2023-07-17,0,5,0.5013673232590181,1,0.5195969050213485,1,0.57148236,1
2023-07-18,1,5,0.5002136730720159,1,0.5455802291875927,1,0.5425119,1
2023-07-19,0,5,0.5207458262936205,1,0.536448904532112,1,0.5446,1
2023-07-20,1,5,0.4923906831733905,0,0.5394837406423565,1,0.5745098,1
2023-07-21,0,5,0.5141648454372759,1,0.5702311545827059,1,0.5849121,1
2023-07-22,1,5,0.5045288852368778,1,0.543574769683184,1,0.520763,1
2023-07-23,0,5,0.4335077239857597,0,0.5596971447889507,1,0.5135041,1
2023-07-24,1,5,0.5099885231872154,1,0.5635517428304659,1,0.5431828,1
2023-07-25,1,5,0.5153705711144647,1,0.5881031628243434,1,0.5399635,1
2023-07-26,0,5,0.4884715191550391,0,0.5560950470694239,1,0.53458047,1
2023-07-27,1,5,0.49557110716622343,0,0.574303083089937,1,0.51041156,1
2023-07-28,1,5,0.48683626896163723,0,0.5885197263955729,1,0.5578957,1
2023-07-29,0,5,0.49649416809037816,0,0.5485477187499185,1,0.51752186,1
2023-07-30,0,5,0.42862359045863474,0,0.5378264198378634,1,0.5183698,1
2023-07-31,1,5,0.5046548165263134,1,0.5662031590338663,1,0.56944245,1
2023-08-01,0,5,0.5256557679201757,1,0.5298114444739913,1,0.52443296,1
2023-08-02,1,5,0.5288579320145292,1,0.564251034659667,1,0.5392351,1
2023-08-03,0,5,0.48550563524593987,0,0.5954305903374801,1,0.5309647,1
2023-08-04,0,5,0.4995133384167102,0,0.5860237708145322,1,0.5557196,1
2023-08-05,1,5,0.44722096764762365,0,0.6189362662434031,1,0.5531668,1
2023-08-06,1,5,0.44358181004419367,0,0.6270927984958855,1,0.56092006,1
2023-08-07,1,5,0.5138627477326799,1,0.557426495789086,1,0.5166481,1
2023-08-08,0,5,0.5542026808761654,1,0.5665880981423769,1,0.5633999,1
2023-08-09,0,5,0.5253349590004638,1,0.5674186076571481,1,0.5233136,1
2023-08-10,0,5,0.5383760951099235,1,0.5654098801957141,1,0.5411948,1
2023-08-11,1,5,0.471114359285915,0,0.6119279166805047,1,0.5349075,1
2023-08-12,0,5,0.4966030782182335,0,0.5710162880679308,1,0.50177044,1
2023-08-13,1,5,0.44280197044170305,0,0.575436520894158,1,0.50474006,1
2023-08-14,0,5,0.5135587132404289,1,0.5621061782516797,1,0.5351405,1
2023-08-15,0,5,0.5175398331570605,1,0.5864175788582594,1,0.5275537,1
2023-08-16,0,5,0.4687938902731312,0,0.5986213748837678,1,0.53091383,1
2023-08-17,0,5,0.5197595110425116,1,0.5536648328589995,1,0.55325526,1
2023-08-18,1,5,0.502141053934991,1,0.5565889459049826,1,0.53688276,1
2023-08-19,1,5,0.4248927784518767,0,0.5355486722713784,1,0.5524011,1
2023-08-20,0,5,0.44166829566483434,0,0.5242752523812789,1,0.5537998,1
2023-08-21,0,5,0.522928654061242,1,0.5358169736414206,1,0.5559838,1
2023-08-22,1,5,0.48913603610245654,0,0.5536873161010548,1,0.5602631,1
2023-08-23,0,5,0.47141880420192983,0,0.5232976529298625,1,0.55093485,1
2023-08-24,0,5,0.47372569838924805,0,0.5387357816913918,1,0.5286305,1
2023-08-25,0,5,0.44873183864478194,0,0.5282380264694264,1,0.51165223,1
2023-08-26,1,5,0.44327416992422836,0,0.526005398041448,1,0.5462539,1
2023-08-27,1,5,0.4086487762577142,0,0.5228489878717342,1,0.52939343,1
2023-08-28,1,5,0.47859694116835555,0,0.5494593400124211,1,0.578346,1
2023-08-29,0,5,0.5152204245935159,1,0.5530155964083363,1,0.53341854,1
2023-08-30,0,5,0.5325308276541169,1,0.49956509841154895,0,0.5120418,1
2023-08-31,0,5,0.5140032244526341,1,0.5222431341701981,1,0.545108,1
2023-09-01,1,5,0.47397255467940463,0,0.4987067414591786,0,0.54714745,1
2023-09-02,1,5,0.4052029269617735,0,0.503468349228373,1,0.52438235,1
2023-09-03,0,5,0.41230842301695114,0,0.4959720722452321,0,0.52227974,1
2023-09-04,0,5,0.5037630803292913,1,0.4877122738966046,0,0.5040138,1
2023-09-05,0,5,0.4766563421699205,0,0.5147920462272003,1,0.5505909,1
2023-09-06,1,5,0.44029123809657406,0,0.5068882378930741,1,0.5263964,1
2023-09-07,0,5,0.4590822729440223,0,0.505099669418531,1,0.52390265,1
2023-09-08,0,5,0.5015657230102694,1,0.5352212478268549,1,0.5211109,1
2023-09-09,0,5,0.47196626894216126,0,0.5245762206182605,1,0.49711707,0
2023-09-10,0,5,0.43339037100786354,0,0.5066516075726257,1,0.49708065,0
2023-09-11,1,5,0.48771527191290664,0,0.559015092938675,1,0.5606385,1
2023-09-12,1,5,0.503381949929712,1,0.5348797516572642,1,0.5007618,1
2023-09-13,1,5,0.5171205755870714,1,0.4888124745011839,0,0.532669,1
2023-09-14,1,5,0.5096601873582975,1,0.4898518882293597,0,0.52813774,1
2023-09-15,0,5,0.5200774593638283,1,0.4942898230180498,0,0.49855685,0
2023-09-16,0,5,0.4833108869324628,0,0.48810948230002715,0,0.48582056,0
2023-09-17,1,5,0.45518626423395003,0,0.5029748400371772,1,0.48576343,0
2023-09-18,1,5,0.4959109430125436,0,0.5241272892856613,1,0.52870333,1
2023-09-19,0,5,0.5656225136563316,1,0.5421538893138268,1,0.54176456,1
2023-09-20,0,5,0.551982430709261,1,0.5762667945158524,1,0.5448955,1
2023-09-21,1,5,0.5451178761618855,1,0.5568560774389862,1,0.51336074,1
2023-09-22,0,5,0.5011546974532308,1,0.5746934083798226,1,0.5050807,1
2023-09-23,0,5,0.4759239496899204,0,0.5868876514616945,1,0.5280658,1
2023-09-24,1,5,0.48752276197850986,0,0.554615978140836,1,0.5313809,1
2023-09-25,0,5,0.5605662941495722,1,0.587605936380012,1,0.5620008,1
2023-09-26,1,5,0.5024756628838136,1,0.568440936284955,1,0.48950568,0
2023-09-27,1,5,0.49904045671389485,0,0.5400564317625016,1,0.537335,1
2023-09-28,0,5,0.5311785101396302,1,0.5772499648062167,1,0.5365823,1
2023-09-29,1,5,0.5686209503131405,1,0.5825506817152942,1,0.560357,1
2023-09-30,1,5,0.5393791359594459,1,0.5714868213748251,1,0.5737193,1
2023-10-01,0,5,0.49871272560024293,0,0.6136212156195229,1,0.5681495,1
2023-10-02,0,5,0.5518877569318135,1,0.5892533918411921,1,0.57913184,1
2023-10-03,1,5,0.566764330098489,1,0.5844493286630879,1,0.5539711,1
2023-10-04,0,5,0.5240143875470188,1,0.581792028772589,1,0.56399524,1
2023-10-05,1,5,0.5044694673641836,1,0.5795922709744035,1,0.58148766,1
2023-10-06,1,5,0.5429445358168704,1,0.578805303318327,1,0.5662532,1
2023-10-07,0,5,0.5645367121947896,1,0.5956566898022406,1,0.6154857,1
2023-10-08,0,5,0.48493493991443976,0,0.5666076929332036,1,0.5735229,1
2023-10-09,0,5,0.5308481878733957,1,0.5757704667099641,1,0.5889899,1
2023-10-10,0,5,0.5298989448451754,1,0.5579408372005376,1,0.55731684,1
2023-10-11,0,5,0.5218819131849639,1,0.5752710613643394,1,0.5467265,1
2023-10-12,1,5,0.5174595932667494,1,0.5650558230088771,1,0.54169375,1
2023-10-13,0,5,0.48490093843286214,0,0.5515378578444138,1,0.546624,1
2023-10-14,1,5,0.5158149557247556,1,0.5814546365806789,1,0.5428201,1
2023-10-15,1,5,0.4949801216479251,0,0.5539550400738635,1,0.51308346,1
2023-10-16,0,5,0.5331952698699526,1,0.5759609612732765,1,0.56361693,1
2023-10-17,0,5,0.593197464463958,1,0.5583367834924291,1,0.5833131,1
2023-10-18,1,5,0.549186323251207,1,0.5528399419401563,1,0.59059215,1
2023-10-19,1,5,0.5270472696522487,1,0.5405093041191376,1,0.5536252,1
2023-10-20,1,5,0.51978687010169,1,0.5688521289531454,1,0.5521712,1
2023-10-21,1,5,0.5698106376515888,1,0.5302709507914231,1,0.53635293,1
2023-10-22,1,5,0.5556287598035815,1,0.5459650845417107,1,0.5502787,1
2023-10-23,1,5,0.5390147828340948,1,0.5786363513678087,1,0.5683398,1
2023-10-24,1,5,0.5584085702833468,1,0.5189885155450458,1,0.5245662,1
2023-10-25,0,5,0.5737238211002905,1,0.5320600643841378,1,0.5619467,1
2023-10-26,0,5,0.583131086692876,1,0.5307027965463256,1,0.54600143,1
2023-10-27,1,5,0.498056602884935,0,0.5192306307049879,1,0.5380204,1
2023-10-28,1,5,0.4999941993878712,0,0.5104071623866824,1,0.5223045,1
2023-10-29,0,5,0.5422688627490299,1,0.5325228097317574,1,0.5734791,1
2023-10-30,1,5,0.599630444148718,1,0.5359377432095317,1,0.54742414,1
2023-10-31,1,5,0.6145916144084878,1,0.5267371771354908,1,0.54123986,1
2023-11-01,0,5,0.5699609105731578,1,0.5312568348299065,1,0.5272077,1
2023-11-02,0,5,0.6252925748339887,1,0.5481712266805245,1,0.5257393,1
2023-11-03,1,5,0.5891075279259954,1,0.5369180881886234,1,0.53993046,1
2023-11-04,0,5,0.5696696366363976,1,0.5500843258435112,1,0.5444968,1
2023-11-05,1,5,0.5530938748949277,1,0.5322401964167224,1,0.5394534,1
2023-11-06,1,5,0.6211079758011786,1,0.5892123668391953,1,0.57277805,1
2023-11-07,1,5,0.5952739850370502,1,0.5700968290037267,1,0.54460144,1
2023-11-08,1,5,0.5820788879400172,1,0.5795249445183004,1,0.52521616,1
2023-11-09,1,5,0.5756359612448235,1,0.5940875185104622,1,0.53163606,1
2023-11-10,0,5,0.6237230913093301,1,0.5621920177390769,1,0.5569031,1
2023-11-11,0,5,0.5661275912160467,1,0.5650144480566465,1,0.55737585,1
2023-11-12,0,5,0.5383401206004041,1,0.6169964326979704,1,0.57039905,1
2023-11-13,0,5,0.5631196284922169,1,0.6146053990069962,1,0.5736841,1
2023-11-14,1,5,0.5319479813323507,1,0.5779200872085253,1,0.550826,1
2023-11-15,0,5,0.5480861297490491,1,0.5547992503624811,1,0.5563451,1
2023-11-16,1,5,0.5346721746586423,1,0.5138117881169041,1,0.5485674,1
2023-11-17,0,5,0.532620018706438,1,0.5118633772351379,1,0.52551204,1
2023-11-18,1,5,0.4884777721236019,0,0.5073812294598146,1,0.53243905,1
2023-11-19,1,5,0.45932152935835774,0,0.5180459464328167,1,0.54691356,1
2023-11-20,0,5,0.5395029407802715,1,0.5162733232098139,1,0.5304865,1
2023-11-21,1,5,0.5610942292809736,1,0.5074450465894776,1,0.5395159,1
2023-11-22,0,5,0.4940244131653482,0,0.5104624125501624,1,0.5412814,1
2023-11-23,1,5,0.47667899538069336,0,0.5027867913609789,1,0.53727376,1
2023-11-24,1,5,0.4876138285941595,0,0.514313678200948,1,0.5582836,1
2023-11-25,0,5,0.5483184910379083,1,0.5314703626389424,1,0.54564095,1
2023-11-26,0,5,0.4514458113641475,0,0.48726911951243723,0,0.5104032,1
2023-11-27,1,5,0.49971698357773076,0,0.49444561262203535,0,0.5309503,1
2023-11-28,1,5,0.5177536940142777,1,0.4996194924614146,0,0.5549264,1
2023-11-29,0,5,0.5351848628868882,1,0.5185210159197723,1,0.5542524,1
2023-11-30,1,5,0.5145499986824335,1,0.5209507960394766,1,0.56135094,1
2023-12-01,1,5,0.5176906777510613,1,0.5326387733654636,1,0.55638194,1
2023-12-02,1,5,0.5168601031291253,1,0.552396638200256,1,0.56830084,1
2023-12-03,1,5,0.4894753676922603,0,0.5380077922573407,1,0.5479141,1
2023-12-04,1,5,0.5882646389219474,1,0.5668481634343767,1,0.56512433,1
2023-12-05,0,5,0.5568220472912558,1,0.5196748452952081,1,0.5145798,1
2023-12-06,0,5,0.5574709722392249,1,0.5220115405772268,1,0.53431666,1
2023-12-07,1,5,0.5595702341054198,1,0.5516526081637007,1,0.5599581,1
2023-12-08,0,5,0.5096903271829708,1,0.5112261777002031,1,0.54957277,1
2023-12-09,1,5,0.47725533241782697,0,0.529103974024873,1,0.51126456,1
2023-12-10,0,5,0.5124816630096959,1,0.5098919929143196,1,0.48418435,0
2023-12-11,1,5,0.5779006303344997,1,0.5465004896308262,1,0.5713751,1
2023-12-12,1,5,0.5226778664521761,1,0.5221572305213563,1,0.5231575,1
2023-12-13,1,5,0.4918931908234746,0,0.5303838229254567,1,0.5545217,1
2023-12-14,0,5,0.5306637637470114,1,0.5338908984159292,1,0.54709023,1
2023-12-15,1,6,0.5757313267103207,1,0.5349761457331099,1,0.5525778,1
2023-12-16,0,6,0.5104825317256744,1,0.5085329806450583,1,0.52038234,1
2023-12-17,1,6,0.48555363329614415,0,0.5021053104923647,1,0.52713126,1
2023-12-18,0,6,0.5266757642834967,1,0.5231132803545927,1,0.5457413,1
2023-12-19,1,6,0.5378371967071106,1,0.5163112823278498,1,0.5168131,1
2023-12-20,1,6,0.5119104326816062,1,0.5156674247041318,1,0.53559893,1
2023-12-21,1,6,0.5097530489328884,1,0.5152439652151212,1,0.5449931,1
2023-12-22,0,6,0.4935711233679504,0,0.519937731181751,1,0.5418107,1
2023-12-23,0,6,0.4987345795805058,0,0.5192177546788619,1,0.56047344,1
2023-12-24,1,6,0.45865074093774544,0,0.5194409403577147,1,0.5469554,1
2023-12-25,0,6,0.503166368745742,1,0.5232664344360761,1,0.5703555,1
2023-12-26,1,6,0.512011357268595,1,0.5139867271089872,1,0.5345714,1
2023-12-27,0,6,0.4979038061235489,0,0.5146207285419083,1,0.5276722,1
2023-12-28,0,6,0.5255438636837958,1,0.5053716969696765,1,0.52432173,1
2023-12-29,1,6,0.48913730085933144,0,0.5020772314190936,1,0.5216253,1
2023-12-30,1,6,0.5019140646464535,1,0.5005290111251072,1,0.52772075,1
2023-12-31,1,6,0.4600076706971343,0,0.4919048549819835,0,0.52125835,1
2024-01-01,1,6,0.5556243100464198,1,0.5148174501560956,1,0.5525324,1
2024-01-02,0,6,0.5773309854874569,1,0.5499796876222266,1,0.5722925,1
2024-01-03,1,6,0.5525232230156784,1,0.5248370935941679,1,0.5215936,1
2024-01-04,0,6,0.5210646927213316,1,0.5262363916499379,1,0.5496737,1
2024-01-05,0,6,0.46529546992913123,0,0.5098896511725539,1,0.5466948,1
2024-01-06,0,6,0.5020529844248652,1,0.5103958173175033,1,0.5376197,1
2024-01-07,1,6,0.49682031079760314,0,0.5049504923118716,1,0.53862935,1
2024-01-08,0,6,0.5102593548474075,1,0.5593202467611359,1,0.5482476,1
2024-01-09,1,6,0.5436437478546053,1,0.5394320055086339,1,0.5482476,1
2024-01-10,0,6,0.5371280441847484,1,0.541479430797236,1,0.5589388,1
2024-01-11,0,6,0.5516702962796891,1,0.5516454763865193,1,0.5530506,1
2024-01-12,1,6,0.5262559644710112,1,0.525708478873535,1,0.5308766,1
2024-01-13,0,6,0.4519109959035399,0,0.47097563236208745,0,0.5069754,1
2024-01-14,1,6,0.4862120738426011,0,0.4987160863452873,0,0.52498215,1
2024-01-15,1,6,0.5357401980696448,1,0.5264561142081244,1,0.5361899,1
2024-01-16,0,6,0.5606021412391953,1,0.5050855094340595,1,0.5291528,1
2024-01-17,0,6,0.5243959046423424,1,0.47881206090159756,0,0.49395218,0
2024-01-18,1,6,0.5556221672406924,1,0.5221005257601046,1,0.54983544,1
2024-01-19,1,6,0.4978525669732798,0,0.5022918974875066,1,0.51766735,1
2024-01-20,0,6,0.4911457546282262,0,0.5116245165266659,1,0.5325398,1
2024-01-21,0,6,0.4892631878025398,0,0.5173460422239328,1,0.52405787,1
2024-01-22,1,6,0.5967412611400045,1,0.5433073996014586,1,0.56311476,1
2024-01-23,1,6,0.546858312411259,1,0.5399768767648091,1,0.55297023,1
2024-01-24,0,6,0.5210646342552554,1,0.5105072658856884,1,0.55025584,1
2024-01-25,1,6,0.547342442405816,1,0.4930987797206627,0,0.53999346,1
2024-01-26,1,6,0.49954017126351175,0,0.48178772755433746,0,0.5133975,1
2024-01-27,0,6,0.5158347195781894,1,0.4778586225349111,0,0.5080182,1
2024-01-28,1,6,0.4643751103389128,0,0.46192158971504654,0,0.48073012,0
2024-01-29,0,6,0.5237126303429928,1,0.47884813517521074,0,0.5230149,1
2024-01-30,0,6,0.49055984551515175,0,0.46618952930170676,0,0.48785296,0
2024-01-31,1,6,0.5035938464662563,1,0.45481129114210705,0,0.4797381,0
2024-02-01,1,6,0.5262656552027296,1,0.477826946806629,0,0.5124193,1
2024-02-02,0,6,0.514374050457302,1,0.47967371849911017,0,0.5193783,1
2024-02-03,0,6,0.47771821960752314,0,0.48336710662507243,0,0.5059097,1
2024-02-04,1,6,0.5236544665695361,1,0.5064670078989792,1,0.5256745,1
2024-02-05,1,6,0.539310902735602,1,0.513619025878279,1,0.5335934,1
2024-02-06,1,6,0.5455150362897316,1,0.5029500156851369,1,0.52379864,1
2024-02-07,1,6,0.5107914619762557,1,0.5354086883464648,1,0.54406685,1
2024-02-08,1,6,0.5788061886698559,1,0.5513201376881706,1,0.5353039,1
2024-02-09,1,6,0.5742496127268608,1,0.5179844664323188,1,0.5577679,1
2024-02-10,1,6,0.5230806432270457,1,0.4988688353263684,0,0.5124937,1
2024-02-11,1,6,0.5181681228032429,1,0.5109836963281265,1,0.5332359,1
2024-02-12,0,6,0.5775268751117337,1,0.5400001448267318,1,0.5577679,1
2024-02-13,1,6,0.5563583808175416,1,0.5380243750548518,1,0.5708269,1
2024-02-14,1,6,0.5664666005971416,1,0.5134070403335648,1,0.549022,1
2024-02-15,1,6,0.5852377990967726,1,0.5217688392248053,1,0.54012525,1
2024-02-16,0,6,0.5435951093350377,1,0.5007182455144709,1,0.53983766,1
2024-02-17,1,6,0.5649764704023015,1,0.5030963428408939,1,0.5471394,1
2024-02-18,0,6,0.5077262965586409,1,0.49975125011935195,0,0.5615803,1
2024-02-19,1,6,0.5926829510264169,1,0.5258921395308629,1,0.5169553,1
2024-02-20,0,6,0.5979585325328587,1,0.5333083602150375,1,0.5249061,1
2024-02-21,0,6,0.6034986394291265,1,0.529777696241852,1,0.52810365,1
2024-02-22,0,6,0.5851375229468269,1,0.5352170546216505,1,0.52993697,1
2024-02-23,1,6,0.5778458710677534,1,0.5421162403658157,1,0.5117245,1
2024-02-24,1,6,0.5632772346714172,1,0.5693391878004048,1,0.5823653,1
2024-02-25,1,6,0.5604686125658412,1,0.5635439914083659,1,0.5449257,1
2024-02-26,1,6,0.5616431011077239,1,0.5599069699048822,1,0.57697797,1
2024-02-27,1,6,0.5675098416006475,1,0.5336084766049851,1,0.5386564,1
2024-02-28,0,6,0.5402520438663644,1,0.515591490694701,1,0.5515738,1
2024-02-29,1,6,0.5151545472965926,1,0.4886397608294042,0,0.49795502,0
2024-03-01,0,6,0.47392721774043417,0,0.5074610735189193,1,0.531659,1
2024-03-02,1,6,0.4440495724888819,0,0.5029850581976715,1,0.5360911,1
2024-03-03,1,6,0.43028049859943446,0,0.49466830220504143,0,0.50383,1
2024-03-04,0,6,0.48092881018330036,0,0.48610853221443323,0,0.49331278,0
2024-03-05,1,6,0.5528579960461286,1,0.5373334164933719,1,0.5343702,1
2024-03-06,1,6,0.4756201100953695,0,0.5157372850468582,1,0.53968453,1
2024-03-07,1,6,0.47614883345639053,0,0.5236516842199919,1,0.5521711,1
2024-03-08,1,6,0.42072204594614654,0,0.5275901203314544,1,0.5418689,1
2024-03-09,1,6,0.5400688448082047,1,0.5062084032776698,1,0.544901,1
2024-03-10,1,6,0.4602467867203134,0,0.5092000287960031,1,0.53019977,1
2024-03-11,0,6,0.49851305929895173,0,0.5375568533154635,1,0.56502026,1
2024-03-12,1,6,0.4964962603008558,0,0.5143438793286056,1,0.5435042,1
2024-03-13,0,6,0.50088730842803,1,0.5290429074417732,1,0.54794544,1
2024-03-14,0,6,0.5132097355244694,1,0.529782521573086,1,0.5638049,1
2024-03-15,0,6,0.48253357560067045,0,0.5421899534319227,1,0.5458144,1
2024-03-16,1,6,0.5401799906327064,1,0.525921385485597,1,0.55073595,1
2024-03-17,0,6,0.4575057595138238,0,0.5320044139524842,1,0.52223605,1
2024-03-18,0,6,0.510352387547476,1,0.5214558857899446,1,0.5302731,1
2024-03-19,1,6,0.603817509690256,1,0.5474336114068065,1,0.5590795,1
2024-03-20,0,6,0.5249960778457516,1,0.5192619548887519,1,0.52378213,1
2024-03-21,0,6,0.4738670808893074,0,0.4828435904403282,0,0.5142744,1
2024-03-22,1,6,0.4997015305389524,0,0.5026451708486878,1,0.51235795,1
2024-03-23,1,6,0.5403377299187939,1,0.5162203369873035,1,0.5476565,1
2024-03-24,1,6,0.41955365262302635,0,0.5010186495425925,1,0.53171015,1
2024-03-25,1,6,0.4316614416776507,0,0.5106292102009461,1,0.5163542,1
2024-03-26,0,6,0.48639947007325757,0,0.5186037424425892,1,0.5184479,1
2024-03-27,1,6,0.46175072521812593,0,0.5213122200210749,1,0.52962756,1
2024-03-28,0,6,0.4142360974037604,0,0.5150512607567544,1,0.5264722,1
2024-03-29,0,6,0.4146984481241412,0,0.4921843240317426,0,0.49322286,0
2024-03-30,1,6,0.47919175677911163,0,0.5077782046436581,1,0.5503967,1
2024-03-31,0,6,0.47240563155091647,0,0.5083269295200217,1,0.53539735,1
2024-04-01,0,6,0.4964049930255305,0,0.503882896073738,1,0.51838493,1
2024-04-02,1,6,0.5356765966626502,1,0.5288460116266573,1,0.53889036,1
2024-04-03,1,6,0.5053271137242075,1,0.5149277323686033,1,0.53205097,1
2024-04-04,0,6,0.49045719476353455,0,0.5194922355822862,1,0.5427686,1
2024-04-05,1,6,0.5247556500053268,1,0.5094353658179304,1,0.53270245,1
2024-04-06,1,6,0.5194553872292179,1,0.5165246809129255,1,0.53181744,1
2024-04-07,1,6,0.48103659979816876,0,0.48760877407781456,0,0.53573895,1
2024-04-08,0,6,0.4739713646329608,0,0.5261928970775174,1,0.5203394,1
2024-04-09,1,6,0.5168216900031875,1,0.4932588389095155,0,0.5092044,1
2024-04-10,0,6,0.48878064114002606,0,0.5273319936075104,1,0.53751296,1
2024-04-11,0,6,0.4884346657760796,0,0.49327143059887296,0,0.49722397,0
2024-04-12,0,6,0.4912484468267371,0,0.5193959534250202,1,0.5324869,1
2024-04-13,1,6,0.5510309716833005,1,0.5391329661793254,1,0.5451189,1
2024-04-14,0,6,0.5026212268062613,1,0.5254202994919852,1,0.5261072,1
2024-04-15,1,6,0.5435832446528323,1,0.5145635070639067,1,0.5296685,1
2024-04-16,0,6,0.5937087144524092,1,0.5209855768299742,1,0.53995025,1
2024-04-17,1,6,0.5898183289715584,1,0.5269941070165478,1,0.5612512,1
2024-04-18,1,6,0.5314251634421432,1,0.5116713670073484,1,0.5264271,1
2024-04-19,1,6,0.5364150682588938,1,0.5264372813711046,1,0.5364409,1
2024-04-20,1,6,0.48272891017742847,0,0.479952679789565,0,0.49468207,0
2024-04-21,1,6,0.5470269802587168,1,0.47655860329624405,0,0.5135035,1
2024-04-22,0,6,0.5099985195242236,1,0.47663422462567534,0,0.5080182,1
2024-04-23,0,6,0.5028234015371806,1,0.47097606617067156,0,0.50945735,1
2024-04-24,1,6,0.5237700049421852,1,0.4948366359582319,0,0.5063184,1
2024-04-25,0,6,0.5108957534143967,1,0.479506862323137,0,0.5117786,1
2024-04-26,0,6,0.49439481889575276,0,0.4869676719689329,0,0.49745032,0
2024-04-27,0,6,0.5056288968503729,1,0.4864262828550762,0,0.5254968,1
2024-04-28,1,6,0.5226297184092589,1,0.517381331772012,1,0.5329238,1
2024-04-29,0,6,0.5229354702973024,1,0.4891925290366864,0,0.5063209,1
2024-04-30,0,6,0.5504206639394845,1,0.5255564651165158,1,0.54319423,1
2024-05-01,1,6,0.5651180788037669,1,0.5357096547159692,1,0.5348385,1
2024-05-02,1,6,0.5454000798818184,1,0.520757393580874,1,0.53571475,1
2024-05-03,1,6,0.5125798910407638,1,0.5064288576706898,1,0.51408845,1
2024-05-04,1,6,0.5190921953493799,1,0.482986845248781,0,0.50668246,1
2024-05-05,0,6,0.515841392014437,1,0.4746874101193747,0,0.51820767,1
2024-05-06,0,6,0.5066189729505528,1,0.48389982769937023,0,0.5220754,1
2024-05-07,0,6,0.4876365254078756,0,0.4894936808613287,0,0.534447,1
2024-05-08,1,6,0.4837553047635684,0,0.4938782036897046,0,0.5149893,1
2024-05-09,0,6,0.5014586520585033,1,0.48902747800856605,0,0.5115408,1
2024-05-10,1,6,0.5123418014061213,1,0.5081302314003472,1,0.53452575,1
2024-05-11,1,6,0.5134694978780416,1,0.5008067090843662,1,0.5279981,1
2024-05-12,1,6,0.4739865892005059,0,0.49012142299304257,0,0.53333366,1
2024-05-13,0,6,0.5074579315836115,1,0.4932192790271969,0,0.51046884,1
2024-05-14,1,6,0.5613890195805856,1,0.4984830386596128,0,0.51492083,1
2024-05-15,0,6,0.508215140867531,1,0.5183035359922056,1,0.55271417,1
2024-05-16,1,6,0.49972937992982874,0,0.4565228961180208,0,0.5205458,1
2024-05-17,0,6,0.46569164887328546,0,0.5169003279423139,1,0.545837,1
2024-05-18,0,6,0.48243712240946096,0,0.5006719987118199,1,0.549851,1
2024-05-19,1,6,0.432580012788294,0,0.4977688378289011,0,0.5505411,1
2024-05-20,0,6,0.49318531769338575,0,0.5012379110697215,1,0.53517944,1
2024-05-21,0,6,0.5034323978354865,1,0.49283725012274987,0,0.50383496,1
2024-05-22,0,6,0.5059965042822716,1,0.5080974763337014,1,0.5334707,1
2024-05-23,1,6,0.49560119096456323,0,0.5169419463300778,1,0.54651874,1
2024-05-24,1,6,0.4394188896727017,0,0.47080766677312824,0,0.5072922,1
2024-05-25,0,6,0.48601392893419393,0,0.5103208189020351,1,0.55857027,1
2024-05-26,1,6,0.5077264792976259,1,0.5015571313526628,1,0.53750795,1
2024-05-27,0,6,0.5159544443391152,1,0.5379095716005037,1,0.5762859,1
2024-05-28,0,6,0.5298777743880815,1,0.5220589673401127,1,0.52411485,1
2024-05-29,1,6,0.5006258598502127,1,0.5062608518828978,1,0.52197033,1
2024-05-30,0,6,0.5410139569283141,1,0.5422097469221604,1,0.54349834,1
2024-05-31,1,6,0.5309538559837972,1,0.5182377197452182,1,0.535998,1
2024-06-01,0,6,0.518059369593917,1,0.5195883578121194,1,0.51018375,1
2024-06-02,1,6,0.49989930279969536,0,0.526345453314238,1,0.53386635,1
2024-06-03,1,6,0.5219495215279153,1,0.5377784045167541,1,0.53610116,1
2024-06-04,1,6,0.5289929108216036,1,0.545775576445365,1,0.58694947,1
2024-06-05,0,6,0.5255240054229806,1,0.507680758915712,1,0.52399486,1
2024-06-06,0,6,0.518802924973105,1,0.5340143124518298,1,0.5601659,1
2024-06-07,0,6,0.528724443752963,1,0.532312418473483,1,0.5676641,1
2024-06-08,1,6,0.46714502900370825,0,0.5287943762466412,1,0.53588706,1
2024-06-09,0,6,0.4486701811877304,0,0.538623060638224,1,0.5379057,1
2024-06-10,0,6,0.5167277243904932,1,0.5380351117826272,1,0.5147094,1
2024-06-11,1,6,0.5487292370482402,1,0.5588465889251523,1,0.5474909,1
2024-06-12,0,6,0.5196606553947708,1,0.53163062994442,1,0.52721107,1
2024-06-13,0,6,0.5168529323905525,1,0.5274530101405113,1,0.5316194,1
2024-06-14,1,6,0.5046361006548599,1,0.5488718775937873,1,0.5552902,1
2024-06-15,1,7,0.5287651238009115,1,0.5630414183228869,1,0.5826846,1
2024-06-16,0,7,0.5265994902033682,1,0.5266243082274221,1,0.49918595,0
2024-06-17,0,7,0.5114777799597706,1,0.5494302036470574,1,0.5195621,1
2024-06-18,0,7,0.5849278583590397,1,0.5781750838999402,1,0.5732059,1
2024-06-19,0,7,0.528970077655724,1,0.5618305894138522,1,0.55199414,1
2024-06-20,0,7,0.4883261260968532,0,0.570609626190661,1,0.61279345,1
2024-06-21,1,7,0.5262219848682993,1,0.5775138527058923,1,0.532478,1
2024-06-22,0,7,0.5662855640465339,1,0.5834112092426424,1,0.54368824,1
2024-06-23,0,7,0.4977330279651618,0,0.5951365694737366,1,0.539603,1
2024-06-24,1,7,0.5464146112555606,1,0.5676945851292432,1,0.5389553,1
2024-06-25,0,7,0.533941726264293,1,0.5507661927632551,1,0.55577505,1
2024-06-26,1,7,0.5154249099428541,1,0.5305108996752227,1,0.53120095,1
2024-06-27,0,7,0.5163550775070325,1,0.5451745898396697,1,0.5406392,1
2024-06-28,1,7,0.5862890829804605,1,0.5421791707495033,1,0.53015774,1
2024-06-29,1,7,0.5513401123058037,1,0.5249603022837448,1,0.4988944,0
2024-06-30,1,7,0.4597185941820081,0,0.49168621514714705,0,0.53441787,1
2024-07-01,0,7,0.48884645776331964,0,0.49282203794766966,0,0.4945922,0
2024-07-02,0,7,0.5660363856741134,1,0.4864395734907026,0,0.48475817,0
2024-07-03,0,7,0.5142528364678759,1,0.5180291170557783,1,0.52168715,1
2024-07-04,0,7,0.5561030301334277,1,0.5427058536405561,1,0.53159714,1
2024-07-05,1,7,0.5246127331468953,1,0.5430733316168432,1,0.5550403,1
2024-07-06,0,7,0.5877596618795706,1,0.5288009545566451,1,0.53317934,1
2024-07-07,1,7,0.5893952547850915,1,0.5342729852829236,1,0.5358631,1
2024-07-08,1,7,0.532020325280703,1,0.5448563662448591,1,0.54447275,1
2024-07-09,0,7,0.5495281968694956,1,0.48720884116587465,0,0.5049485,1
2024-07-10,0,7,0.5116556879585058,1,0.4852759734903852,0,0.47040477,0
2024-07-11,1,7,0.5352737429971609,1,0.5152049121768095,1,0.5252888,1
2024-07-12,1,7,0.5015594795834397,1,0.4843497145177895,0,0.49902242,0
2024-07-13,1,7,0.4993939556366798,0,0.471259668968012,0,0.46865654,0
2024-07-14,1,7,0.45840287930591506,0,0.4792232781135292,0,0.5318064,1
2024-07-15,1,7,0.4735721912352808,0,0.48866422199529097,0,0.47212598,0
2024-07-16,0,7,0.4913115672142859,0,0.4918553627319234,0,0.45681158,0
2024-07-17,0,7,0.511211961820463,1,0.4836892254097567,0,0.4914388,0
2024-07-18,1,7,0.41710770957569177,0,0.48337175694265627,0,0.5281588,1
2024-07-19,1,7,0.45522460119375907,0,0.5197624231614296,1,0.5088948,1
2024-07-20,1,7,0.5377789726868059,1,0.5055568119029117,1,0.4889708,0
2024-07-21,0,7,0.5349952243703494,1,0.5228758081859556,1,0.49919373,0
2024-07-22,0,7,0.47406935670834854,0,0.50735512823774,1,0.4996469,0
2024-07-23,0,7,0.5046232989031669,1,0.4954194870824176,0,0.49288443,0
2024-07-24,1,7,0.44910754362113464,0,0.53792591199487,1,0.5655077,1
2024-07-25,1,7,0.5475481913683578,1,0.5368008742822101,1,0.52481574,1
2024-07-26,0,7,0.48514261913607404,0,0.5261528545628691,1,0.55773807,1
2024-07-27,1,7,0.5515315516126499,1,0.5072010831890753,1,0.48643914,0
2024-07-28,0,7,0.6050744786123998,1,0.5101846393053542,1,0.4899035,0
2024-07-29,0,7,0.5261341330646815,1,0.5332023926628551,1,0.54673225,1
2024-07-30,0,7,0.500578107790773,1,0.5220430618123257,1,0.58331174,1
2024-07-31,1,7,0.503327125492455,1,0.526418432443816,1,0.56171846,1
2024-08-01,0,7,0.5147308509900963,1,0.5242092867149086,1,0.5106082,1
2024-08-02,0,7,0.5511233051882238,1,0.5538077207795993,1,0.58960944,1
2024-08-03,0,7,0.5766741521053822,1,0.5360067665715138,1,0.5271414,1
2024-08-04,0,7,0.5891750012677105,1,0.5668280200084752,1,0.56313413,1
2024-08-05,1,7,0.6564343823807032,1,0.5792959943282855,1,0.5680305,1
2024-08-06,0,7,0.6219918512431654,1,0.5702245692410682,1,0.5799237,1
2024-08-07,1,7,0.5863672405164231,1,0.5530778911169836,1,0.5610166,1
2024-08-08,0,7,0.5762960752504586,1,0.5177826693659778,1,0.51981676,1
2024-08-09,1,7,0.5795881121828623,1,0.4958757293109725,0,0.5209787,1
2024-08-10,0,7,0.5461985767279678,1,0.48918942785024844,0,0.5027423,1
2024-08-11,1,7,0.550821168422991,1,0.5088696860509838,1,0.51695096,1
2024-08-12,1,7,0.36704147773037127,0,0.5097282987717544,1,0.5139246,1
2024-08-13,0,7,0.4952275080038081,0,0.4971135373891683,0,0.49074417,0
2024-08-14,0,7,0.4964605181244887,0,0.5012140397246935,1,0.5078579,1
2024-08-15,1,7,0.5592298340989581,1,0.5396118266338463,1,0.537853,1
2024-08-16,1,7,0.45525341026456584,0,0.48481587866198084,0,0.48018274,0
2024-08-17,0,7,0.5075600681033188,1,0.48604042021412436,0,0.47198805,0
2024-08-18,1,7,0.5699317423014709,1,0.5110654683538794,1,0.5012218,1
2024-08-19,0,7,0.45892344328652723,0,0.4922812275695361,0,0.5434739,1
2024-08-20,1,7,0.5203374401267945,1,0.4979027825593328,0,0.4928986,0
2024-08-21,0,7,0.4662814583931674,0,0.45441026743952684,0,0.47553632,0
2024-08-22,1,7,0.519782704762617,1,0.4847812694894258,0,0.47945687,0
2024-08-23,1,7,0.47690971269982263,0,0.5041811653118365,1,0.51205564,1
2024-08-24,1,7,0.486211442817544,0,0.49311670940479035,0,0.49819273,0
2024-08-25,0,7,0.4481431976744675,0,0.49449257748637526,0,0.53264654,1
2024-08-26,0,7,0.45705518056482475,0,0.4919146117775001,0,0.4874734,0
2024-08-27,0,7,0.5013105640817536,1,0.5366913563317013,1,0.53476,1
2024-08-28,1,7,0.5096270338207716,1,0.49726973432563093,0,0.50203663,1
2024-08-29,0,7,0.4449577026442859,0,0.499843935183191,0,0.55043507,1
2024-08-30,0,7,0.5212008953562525,1,0.5020001275750073,1,0.4987398,0
2024-08-31,0,7,0.5945026117312496,1,0.5026365315697842,1,0.50346583,1
2024-09-01,1,7,0.5242379222954638,1,0.5176801953557301,1,0.5073907,1
2024-09-02,0,7,0.5355801097302152,1,0.5011511327318233,1,0.4851255,0
2024-09-03,1,7,0.5031103418022727,1,0.5275447800435848,1,0.5612666,1
2024-09-04,0,7,0.5660139862481142,1,0.51633688034312,1,0.5167705,1
2024-09-05,0,7,0.5622194171637901,1,0.536431102547237,1,0.53520477,1
2024-09-06,1,7,0.5478728867686687,1,0.5421999839654057,1,0.5436629,1
2024-09-07,1,7,0.5877260921889966,1,0.5251193248835155,1,0.5351817,1
2024-09-08,1,7,0.5502030560339198,1,0.5181413613375199,1,0.53357255,1
2024-09-09,1,7,0.4752642697743051,0,0.5236537645207253,1,0.52160484,1
2024-09-10,0,7,0.5496645167237391,1,0.4768452726825485,0,0.46142983,0
2024-09-11,1,7,0.4824939570030334,0,0.4893249537655935,0,0.5429462,1
2024-09-12,1,7,0.5410249657959304,1,0.48150925788421195,0,0.49004373,0
2024-09-13,0,7,0.4185694274205073,0,0.48557730986964015,0,0.55425483,1
2024-09-14,0,7,0.5399093540645492,1,0.4693920307556711,0,0.47122988,0
2024-09-15,0,7,0.5096485454817011,1,0.46644570014982206,0,0.4517871,0
2024-09-16,1,7,0.41723680908292216,0,0.47582940468807494,0,0.53717256,1
2024-09-17,1,7,0.4712160414622136,0,0.4961143283825143,0,0.4842909,0
2024-09-18,1,7,0.49614558538256254,0,0.48917605780782075,0,0.48682323,0
2024-09-19,1,7,0.48152281136638114,0,0.4988142399777877,0,0.5015574,1
2024-09-20,1,7,0.530801731886064,1,0.516685646220261,1,0.51040417,1
2024-09-21,1,7,0.4878360175213555,0,0.49489943722148877,0,0.4859057,0
2024-09-22,0,7,0.48900852466316347,0,0.5059239245690453,1,0.50944906,1
2024-09-23,1,7,0.47576818744707045,0,0.5177071120092507,1,0.5136786,1
2024-09-24,0,7,0.5028986437623878,1,0.518489041564824,1,0.49834076,0
2024-09-25,1,7,0.5212132537502692,1,0.5003621260216892,1,0.5067903,1
2024-09-26,1,7,0.4880268070281317,0,0.509311625181053,1,0.48334545,0
2024-09-27,1,7,0.5123938299239937,1,0.553527002746264,1,0.5335582,1
2024-09-28,0,7,0.5435083305454549,1,0.5178632291112488,1,0.50859463,1
2024-09-29,0,7,0.5708547995268743,1,0.5354992382384819,1,0.51714617,1
2024-09-30,0,7,0.48548547216690896,0,0.5008089456219401,1,0.5637248,1
2024-10-01,0,7,0.5238115433808773,1,0.5354437654630867,1,0.5417999,1
2024-10-02,1,7,0.5460775280907672,1,0.5253081535639653,1,0.5299387,1
2024-10-03,1,7,0.5192753931439107,1,0.5144679813537402,1,0.5207435,1
2024-10-04,0,7,0.5307644185340687,1,0.5184699360350267,1,0.51198155,1
2024-10-05,1,7,0.5899711246532873,1,0.5103560536994874,1,0.5157947,1
2024-10-06,0,7,0.5115570799282295,1,0.5076682054881417,1,0.493691,0
2024-10-07,0,7,0.48977284740806765,0,0.5115949413691785,1,0.5093151,1
2024-10-08,0,7,0.49343064643252843,0,0.4961013232493886,0,0.5204073,1
2024-10-09,0,7,0.49922299483754956,0,0.5516403716386723,1,0.556308,1
2024-10-10,1,7,0.5479089172501365,1,0.5434875204380596,1,0.53948843,1
2024-10-11,1,7,0.485129418409463,0,0.5000177010681879,1,0.5117122,1
2024-10-12,0,7,0.538322397056582,1,0.5036099153410194,1,0.5066279,1
2024-10-13,1,7,0.512044307350051,1,0.4742227640192641,0,0.47156408,0
2024-10-14,1,7,0.4898000683815053,0,0.5300996345711335,1,0.5642703,1
2024-10-15,1,7,0.5053524358601388,1,0.5369790381285501,1,0.5179333,1
2024-10-16,0,7,0.5213833311985093,1,0.4999210379535712,0,0.47510308,0
2024-10-17,1,7,0.48585592495695873,0,0.5111737866421298,1,0.5042548,1
2024-10-18,0,7,0.4406435480186291,0,0.5271806049668792,1,0.57619786,1
2024-10-19,1,7,0.5549922231267149,1,0.5155221180013905,1,0.48483992,0
2024-10-20,0,7,0.5036471083952975,1,0.5114044852498042,1,0.5156398,1
2024-10-21,1,7,0.5391579428247052,1,0.5215686113645384,1,0.5629538,1
2024-10-22,0,7,0.48697526733925317,0,0.511043464260968,1,0.6090427,1
2024-10-23,1,7,0.5174396719315394,1,0.5359853871435711,1,0.5582516,1
2024-10-24,0,7,0.5409614492478467,1,0.5436076035642609,1,0.5543844,1
2024-10-25,1,7,0.49607214143952516,0,0.5446044723335522,1,0.5893306,1
2024-10-26,1,7,0.5599012038651373,1,0.5125172528806053,1,0.49958622,0
2024-10-27,1,7,0.5512742430982536,1,0.5165233975366164,1,0.51498824,1
2024-10-28,1,7,0.49735705160457006,0,0.5281329844777057,1,0.54690814,1
2024-10-29,0,7,0.5164980537886278,1,0.5187030220065266,1,0.503275,1
2024-10-30,0,7,0.551425443309553,1,0.5172591095673499,1,0.5080428,1
2024-10-31,0,7,0.4697332864344958,0,0.5150155717642426,1,0.5476087,1
2024-11-01,0,7,0.48560465259799723,0,0.5116428507455966,1,0.5353537,1
2024-11-02,0,7,0.4605573728467415,0,0.49468062131526824,0,0.5007815,1
2024-11-03,0,7,0.4864355528586866,0,0.5171859963877948,1,0.5441712,1
2024-11-04,1,7,0.5205499068179796,1,0.520931320490897,1,0.50265926,1
2024-11-05,1,7,0.5092265849014291,1,0.5124984766740006,1,0.5205598,1
2024-11-06,1,7,0.5276088249772112,1,0.5330112894620829,1,0.5275549,1
2024-11-07,1,7,0.5388644614949789,1,0.5333054255066972,1,0.52084666,1
2024-11-08,1,7,0.4877981588759075,0,0.4949683824219041,0,0.4743194,0
2024-11-09,1,7,0.49935726240745293,0,0.5045807778953204,1,0.49947438,0
2024-11-10,1,7,0.40151653670332377,0,0.5295572626706647,1,0.5133899,1
2024-11-11,0,7,0.4085725304944332,0,0.51305738401356,1,0.4810358,0
2024-11-12,1,7,0.4866909050577919,0,0.538233189938946,1,0.5067981,1
2024-11-13,0,7,0.48285330139097604,0,0.518242085287996,1,0.5097035,1
2024-11-14,1,7,0.413060935586937,0,0.5015845052995312,1,0.48642847,0
2024-11-15,0,7,0.3634711758457557,0,0.5259880370899518,1,0.50451785,1
2024-11-16,0,7,0.4556914837122402,0,0.5250958350424139,1,0.5185561,1
2024-11-17,1,7,0.45347606169253846,0,0.5194192049212529,1,0.4880824,0
2024-11-18,1,7,0.48078195970225507,0,0.5289554673911077,1,0.5186352,1
2024-11-19,1,7,0.4811843121847789,0,0.5360046993007902,1,0.50676435,1
2024-11-20,1,7,0.4347334801273588,0,0.5551408022630421,1,0.6211508,1
2024-11-21,1,7,0.44604732679504283,0,0.5371498481375039,1,0.5795414,1
2024-11-22,0,7,0.4986018302111891,0,0.5199323861306095,1,0.5087793,1
2024-11-23,1,7,0.45653602278198524,0,0.5245147593149135,1,0.5634072,1
2024-11-24,0,7,0.46374184004284813,0,0.5078886509382539,1,0.53083605,1
2024-11-25,0,7,0.511318172593322,1,0.5407422038236807,1,0.54209805,1
2024-11-26,1,7,0.46007155442515957,0,0.554981007966825,1,0.60102886,1
2024-11-27,0,7,0.46174581939229264,0,0.53132726009364,1,0.5086751,1
2024-11-28,1,7,0.513777271809886,1,0.5284398576916065,1,0.50603646,1
2024-11-29,0,7,0.4386802380754472,0,0.5321245240368778,1,0.54437345,1
2024-11-30,1,7,0.5558152894053133,1,0.5280519664960943,1,0.5129504,1
2024-12-01,0,7,0.4619056001669332,0,0.5139730564291066,1,0.48657194,0
2024-12-02,1,7,0.35971943482770574,0,0.5192914770928848,1,0.5902205,1
2024-12-03,1,7,0.5232630455199491,1,0.5358097307721653,1,0.509661,1
2024-12-04,0,7,0.4937360484096748,0,0.5171934110748234,1,0.49618003,0
2024-12-05,1,7,0.5020892452319671,1,0.5283165086490262,1,0.5176545,1
2024-12-06,1,7,0.4724019545609584,0,0.5397040068635587,1,0.6098048,1
2024-12-07,1,7,0.5077688207642397,1,0.5289672784623017,1,0.50858635,1
2024-12-08,0,7,0.44165561547707116,0,0.5224607199548833,1,0.4890322,0
2024-12-09,0,7,0.49273431256263045,0,0.5321875874152261,1,0.5146626,1
2024-12-10,1,7,0.46100144804549803,0,0.5133741502838786,1,0.48127186,0
2024-12-11,0,7,0.4593158114286925,0,0.5043230483718018,1,0.4891689,0
2024-12-12,1,7,0.46361199341891113,0,0.5076139962761897,1,0.50190806,1
2024-12-13,0,7,0.5069025292038566,1,0.5220335909089178,1,0.49435574,0
2024-12-14,1,8,0.4839015538568105,0,0.49434465064558253,0,0.51652867,1
2024-12-15,1,8,0.42417928220565704,0,0.5315321878286966,1,0.52396053,1
2024-12-16,1,8,0.49243826635307153,0,0.5372000188530994,1,0.5207228,1
2024-12-17,0,8,0.4725130321641737,0,0.49871764383455125,0,0.51652867,1
2024-12-18,0,8,0.5238997265737722,1,0.5241172046071494,1,0.52456254,1
2024-12-19,1,8,0.4779959043102907,0,0.5338546142623375,1,0.52456254,1
2024-12-20,0,8,0.49562249602223013,0,0.5285978443544943,1,0.52456254,1
2024-12-21,0,8,0.5084838536615941,1,0.5097477348697739,1,0.53171283,1
2024-12-22,0,8,0.5582747449875114,1,0.5091435603992024,1,0.5207228,1
2024-12-23,1,8,0.5293635572449595,1,0.5247196267666477,1,0.51874435,1
2024-12-24,1,8,0.4746481577892741,0,0.494005884757906,0,0.51652867,1
2024-12-25,0,8,0.5084257674730576,1,0.5049096760227331,1,0.5207228,1
2024-12-26,0,8,0.5300502925312881,1,0.5266514033983403,1,0.52396053,1
2024-12-27,1,8,0.534406474761029,1,0.5321642706660138,1,0.5207228,1
2024-12-28,0,8,0.46306889799664913,0,0.4737332185359272,0,0.5265049,1
2024-12-29,0,8,0.5101749346715168,1,0.514409920945968,1,0.522718,1
2024-12-30,1,8,0.5525904364361008,1,0.5302203772064528,1,0.522718,1
2024-12-31,1,8,0.5101131569995538,1,0.5170104671530114,1,0.5334504,1
2025-01-01,1,8,0.5205287756036086,1,0.4826828288968945,0,0.522718,1
2025-01-02,1,8,0.5367784969473791,1,0.5193435161678821,1,0.522718,1
2025-01-03,1,8,0.5190009782364532,1,0.48917714684346614,0,0.5262847,1
2025-01-04,1,8,0.5135448106354441,1,0.4762038970382602,0,0.5187601,1
2025-01-05,1,8,0.496422297880986,0,0.4781664203234763,0,0.5207228,1
2025-01-06,0,8,0.4632021775197307,0,0.5312582802675103,1,0.51874435,1
2025-01-07,0,8,0.5271702772333653,1,0.5091104229993187,1,0.52456254,1
2025-01-08,0,8,0.5107398891732179,1,0.5237565801882245,1,0.520371,1
2025-01-09,1,8,0.557461284312103,1,0.5410693541486514,1,0.52456254,1
2025-01-10,0,8,0.49883283269442896,0,0.5306542054179408,1,0.520371,1
2025-01-11,0,8,0.5339605081981758,1,0.48281691930690507,0,0.5287323,1
2025-01-12,0,8,0.5527261559616453,1,0.49349785973544263,0,0.5187601,1
2025-01-13,1,8,0.527821127233096,1,0.5369184672571653,1,0.5225854,1
2025-01-14,1,8,0.5226750419332702,1,0.5019200426381116,1,0.5187601,1
2025-01-15,0,8,0.49809811483435734,0,0.5023008565843401,1,0.520371,1
2025-01-16,1,8,0.5201411633593461,1,0.5053896919930574,1,0.51652867,1
2025-01-17,1,8,0.5230396415365186,1,0.5382337240086973,1,0.5143619,1
2025-01-18,0,8,0.4819445307392797,0,0.5007587376379434,1,0.52429086,1
2025-01-19,1,8,0.5136198468019578,1,0.5418969969151824,1,0.5143619,1
2025-01-20,1,8,0.5569220718831931,1,0.5356386202241575,1,0.5143619,1
2025-01-21,0,8,0.46862874554392714,0,0.5217726859397513,1,0.52189195,1
2025-01-22,1,8,0.5008599760295263,1,0.5066351429030868,1,0.52467936,1
2025-01-23,1,8,0.5305520846182487,1,0.5290975006987378,1,0.51412684,1
2025-01-24,0,8,0.4912016851330777,0,0.505114847255801,1,0.52467936,1
2025-01-25,0,8,0.46393665822415414,0,0.4749707658091497,0,0.5204879,1
2025-01-26,0,8,0.511472989146273,1,0.5040700414581911,1,0.52467936,1
2025-01-27,0,8,0.5496813459586323,1,0.5445924961685943,1,0.5220905,1
2025-01-28,1,8,0.5013675934460201,1,0.4987747400491469,0,0.5140536,1
2025-01-29,1,8,0.5052159724448336,1,0.5213698577164079,1,0.52467936,1
2025-01-30,0,8,0.5192625470999787,1,0.5116258162162098,1,0.51652867,1
2025-01-31,0,8,0.5191793215518113,1,0.5014712983861089,1,0.52429086,1
2025-02-01,0,8,0.5495140302265268,1,0.518636898203939,1,0.5207228,1
2025-02-02,1,8,0.5079396115356827,1,0.5348211911767907,1,0.51652867,1
2025-02-03,0,8,0.5033896511856194,1,0.5471208905087845,1,0.5225854,1
2025-02-04,0,8,0.5490123075563121,1,0.5260765102064311,1,0.52429086,1
2025-02-05,0,8,0.5474121167386213,1,0.5281226529796894,1,0.5187601,1
2025-02-06,0,8,0.5335960955615474,1,0.5200023809820584,1,0.5187601,1
2025-02-07,0,8,0.5174656242036193,1,0.5247345064260025,1,0.5187601,1
2025-02-08,1,8,0.5329555059104256,1,0.5037053069392194,1,0.53229433,1
2025-02-09,1,8,0.5313591878603331,1,0.5187445464691777,1,0.52174664,1
2025-02-10,0,8,0.5105021895555656,1,0.4885161373909821,0,0.5187601,1
2025-02-11,1,8,0.5042766970640268,1,0.5097408739445004,1,0.5145648,1
2025-02-12,0,8,0.519839918814987,1,0.4957831129970424,0,0.5187601,1
2025-02-13,1,8,0.551669178170868,1,0.5056286818716637,1,0.5187601,1
2025-02-14,1,8,0.5067710755805829,1,0.4769796883128737,0,0.5145648,1
2025-02-15,0,8,0.5262901736184666,1,0.500736191107308,1,0.5287323,1
2025-02-16,0,8,0.49881301882662776,0,0.4854112097573608,0,0.51662165,1
2025-02-17,0,8,0.4917996374771639,0,0.5355569260577943,1,0.52260524,1
2025-02-18,1,8,0.5080435000699973,1,0.5345276645102277,1,0.52679497,1
2025-02-19,1,8,0.48767454604340366,0,0.4901852019567385,0,0.51662165,1
2025-02-20,0,8,0.5164606233549682,1,0.4863765389426059,0,0.52679497,1
2025-02-21,1,8,0.529013884186286,1,0.506843026612589,1,0.52679497,1
2025-02-22,0,8,0.5022097121474033,1,0.48923001833519625,0,0.52081573,1
2025-02-23,0,8,0.4762586475132727,0,0.4822735061348791,0,0.51662165,1
2025-02-24,0,8,0.5300373684333648,1,0.5519781983724109,1,0.53258777,1
2025-02-25,0,8,0.6273681540352992,1,0.5503296135588353,1,0.52456254,1
2025-02-26,1,8,0.615359302566162,1,0.5807102669799497,1,0.52456254,1
2025-02-27,0,8,0.5697673736082467,1,0.5855365344068596,1,0.5243279,1
2025-02-28,1,8,0.6482384491329868,1,0.5767245698038038,1,0.5285161,1
2025-03-01,1,8,0.5854942674473904,1,0.5495230418196849,1,0.5257025,1
2025-03-02,0,8,0.5669507186922413,1,0.5187779617017642,1,0.5243279,1
2025-03-03,1,8,0.6315555645744414,1,0.55018275836062,1,0.5285161,1
2025-03-04,1,8,0.5298951863517735,1,0.5426798759765471,1,0.5285161,1
2025-03-05,0,8,0.48178687689378075,0,0.4814187977828171,0,0.5185252,1
2025-03-06,0,8,0.4764841104553599,0,0.5062182290255407,1,0.522718,1
2025-03-07,0,8,0.5668791401362536,1,0.5243789611146646,1,0.5265406,1
2025-03-08,0,8,0.5103261890704714,1,0.4746768935652306,0,0.5185252,1
2025-03-09,0,8,0.5429001426011754,1,0.5473317815392191,1,0.522718,1
2025-03-10,1,8,0.5367364495596678,1,0.5649148984666998,1,0.522718,1
2025-03-11,1,8,0.5379521789761922,1,0.5437858413458816,1,0.5185252,1
2025-03-12,0,8,0.5779573897444844,1,0.5273521693532153,1,0.522718,1
2025-03-13,1,8,0.5972649864178506,1,0.5341826673571154,1,0.522718,1
2025-03-14,1,8,0.5310684172940487,1,0.5035327924647969,1,0.5334504,1
2025-03-15,0,8,0.4778276110894415,0,0.47121137507440686,0,0.5185252,1
2025-03-16,1,8,0.5059441539238556,1,0.49202315101103256,0,0.522718,1
2025-03-17,0,8,0.5118902004342117,1,0.48602070017714055,0,0.5257025,1
2025-03-18,1,8,0.49735960277703756,0,0.4921750381392244,0,0.522718,1
2025-03-19,0,8,0.4702904195805489,0,0.45871514366006666,0,0.51850814,1
2025-03-20,0,8,0.5267175965028719,1,0.5011468882546177,1,0.5257025,1
2025-03-21,0,8,0.5028804781220902,1,0.49017219131519596,0,0.522718,1
2025-03-22,1,8,0.495569682336904,0,0.4885239032538834,0,0.5287323,1
2025-03-23,1,8,0.45488118086602364,0,0.4576893837506994,0,0.5187601,1
2025-03-24,0,8,0.5141584517058468,1,0.4742436599175076,0,0.5187601,1
2025-03-25,0,8,0.5064692972887519,1,0.45785586355565916,0,0.5145648,1
2025-03-26,1,8,0.49018348229971404,0,0.4709334685937222,0,0.5187601,1
2025-03-27,0,8,0.4741145748361692,0,0.4560081989995008,0,0.5187601,1
2025-03-28,0,8,0.5074569199602662,1,0.5015771059906765,1,0.5187601,1
2025-03-29,0,8,0.5129006658593926,1,0.5289277211099075,1,0.5394487,1
2025-03-30,1,8,0.5065539124802069,1,0.4914268588862306,0,0.5187601,1
2025-03-31,1,8,0.5179347529600936,1,0.5098321006874282,1,0.5145477,1
2025-04-01,0,8,0.5163577861405915,1,0.4861407837005555,0,0.5145648,1
2025-04-02,1,8,0.6087531957770047,1,0.5416345293228294,1,0.52456254,1
2025-04-03,1,8,0.5227787671879155,1,0.4788016810605266,0,0.5281279,1
2025-04-04,0,8,0.5463001860878729,1,0.5020341471182284,1,0.52456254,1
2025-04-05,0,8,0.4801794004491522,0,0.46621678951465595,0,0.53171283,1
2025-04-06,1,8,0.5700660981446434,1,0.5344856489331313,1,0.5085994,1
2025-04-07,0,8,0.5731876180434503,1,0.5407588844716658,1,0.52456254,1
2025-04-08,1,8,0.5594733324703973,1,0.5324929294837578,1,0.53452235,1
2025-04-09,0,8,0.5278290197329133,1,0.5351428913855832,1,0.5225854,1
2025-04-10,1,8,0.6071257415098028,1,0.5264569625867175,1,0.5287323,1
2025-04-11,1,8,0.4999253750391696,0,0.4918529909228882,0,0.5145477,1
2025-04-12,0,8,0.4883201250411205,0,0.4730635029333232,0,0.5187601,1
2025-04-13,1,8,0.46682786034534135,0,0.5063729569070442,1,0.5187601,1
2025-04-14,0,8,0.46249106677042995,0,0.47588289945397605,0,0.5223294,1
2025-04-15,1,8,0.4457091576378076,0,0.46344376450687236,0,0.5145648,1
2025-04-16,1,8,0.44029106087336023,0,0.44703713702483955,0,0.5187601,1
2025-04-17,0,8,0.46857308631310823,0,0.4652398491239569,0,0.5187601,1
2025-04-18,1,8,0.4476670393124378,0,0.44339015554651423,0,0.52454424,1
2025-04-19,1,8,0.488677590739043,0,0.47782621924825947,0,0.5207228,1
2025-04-20,1,8,0.47283961325315055,0,0.47086093662465345,0,0.52429086,1
2025-04-21,1,8,0.5010524367927603,1,0.5356279591384091,1,0.5207228,1
2025-04-22,1,8,0.5199467468793754,1,0.5467631970931205,1,0.5325529,1
2025-04-23,1,8,0.47220189663729434,0,0.5216345182002476,1,0.5334504,1
2025-04-24,1,8,0.5105894260110173,1,0.5108133189792061,1,0.52467936,1
2025-04-25,0,8,0.4845094399180228,0,0.5115739442492999,1,0.52467936,1
2025-04-26,0,8,0.4443700995340648,0,0.5107872185799178,1,0.5257025,1
2025-04-27,1,8,0.47948141008508255,0,0.4875202245134516,0,0.51824915,1
2025-04-28,0,8,0.50223544847328,1,0.5219838295822705,1,0.51824915,1
2025-04-29,0,8,0.5120951368504741,1,0.5080980066374868,1,0.51824915,1
2025-04-30,1,8,0.5046015301809165,1,0.5177850603560451,1,0.51927346,1
2025-05-01,1,8,0.5300379861407972,1,0.5280703416145529,1,0.52467936,1
2025-05-02,0,8,0.5609291081435818,1,0.5609660252431341,1,0.52467936,1
2025-05-03,0,8,0.5486916696868483,1,0.530989340758042,1,0.52467936,1
2025-05-04,1,8,0.5148168443725986,1,0.49882471619427293,0,0.5282447,1
2025-05-05,1,8,0.5371616626358701,1,0.5313951691385063,1,0.52467936,1
2025-05-06,1,8,0.49819456452014266,0,0.5326161370431289,1,0.5334504,1
2025-05-07,1,8,0.5528734014090084,1,0.5283444541870582,1,0.52467936,1
2025-05-08,0,8,0.5431253396896941,1,0.5633140298042609,1,0.5287334,1
2025-05-09,1,8,0.5213319837445111,1,0.5200860163153157,1,0.51412684,1
2025-05-10,0,8,0.48982462491371503,0,0.5385329489268839,1,0.52467936,1
2025-05-11,0,8,0.5052147465654281,1,0.5284585988013212,1,0.52467936,1
2025-05-12,1,8,0.4731853671540044,0,0.5261148418044669,1,0.5183224,1
2025-05-13,0,8,0.4854111531659066,0,0.5254419866060902,1,0.5334504,1
2025-05-14,1,8,0.5138540509879059,1,0.5261500675292433,1,0.52467936,1
2025-05-15,0,8,0.5178253841106021,1,0.5162384384113163,1,0.51824915,1
2025-05-16,0,8,0.5246749675897184,1,0.49480914731112535,0,0.5140536,1
2025-05-17,1,8,0.526551708256915,1,0.5330939882818932,1,0.5303983,1
2025-05-18,0,8,0.552848170757966,1,0.5649993093912128,1,0.51856786,1
2025-05-19,1,8,0.5463281017428973,1,0.5393086067230448,1,0.5265406,1
2025-05-20,1,8,0.5506370980964639,1,0.5513280929094425,1,0.52467936,1
2025-05-21,1,8,0.5785084473270143,1,0.5550308195545194,1,0.5285161,1
2025-05-22,0,8,0.5347393947233477,1,0.5429268124525244,1,0.5243108,1
2025-05-23,1,8,0.5492140505538285,1,0.5186194375272284,1,0.5285161,1
2025-05-24,1,8,0.48827678553964393,0,0.4994830473768103,0,0.5204879,1
2025-05-25,1,8,0.4798198590318885,0,0.5085233276281806,1,0.51651156,1
2025-05-26,0,8,0.4857379441250499,0,0.5108549960161743,1,0.5207228,1
2025-05-27,0,8,0.5082625579346464,1,0.5123105200242093,1,0.51652867,1
2025-05-28,0,8,0.5283662469323827,1,0.530119276270056,1,0.5207228,1
2025-05-29,0,8,0.5024209681614488,1,0.526844063445888,1,0.5259371,1
2025-05-30,1,8,0.5085839095064758,1,0.5102245746798116,1,0.5207228,1
2025-05-31,1,8,0.5258238488788557,1,0.5147046357183578,1,0.5358936,1
2025-06-01,1,8,0.5048104263016501,1,0.4917390473684272,0,0.5263444,1
2025-06-02,0,8,0.5222049118234133,1,0.532948725976338,1,0.5287546,1
2025-06-03,0,8,0.5334844550999213,1,0.5390293340299095,1,0.5287546,1
2025-06-04,0,8,0.5086571569804693,1,0.5069073374178299,1,0.5126222,1
2025-06-05,1,8,0.5278832780014885,1,0.5575236890566394,1,0.5287546,1
2025-06-06,1,8,0.49840338228539854,0,0.5080466371544182,1,0.51856786,1
2025-06-07,1,8,0.5202761823111189,1,0.501887880499231,1,0.5207228,1
2025-06-08,1,8,0.5178068745246931,1,0.4904509413800269,0,0.51651156,1
2025-06-09,1,8,0.5055003701814157,1,0.5252940205669542,1,0.53089446,1
2025-06-10,0,8,0.5212706658600104,1,0.5187786322701085,1,0.5207228,1
2025-06-11,0,8,0.4711676603686747,0,0.47764618231837347,0,0.5295014,1
2025-06-12,1,8,0.5120151162266061,1,0.5023602219508043,1,0.5207228,1
2025-06-13,0,8,0.4903636920261212,0,0.5215025348975402,1,0.52456254,1
2025-06-14,1,8,0.49603958023572886,0,0.5056646152790769,1,0.5358936,1
2025-06-15,1,9,0.49375455279766894,0,0.48847220792225027,0,0.51286143,1
2025-06-16,0,9,0.526831740872051,1,0.5364890065076603,1,0.5362766,1
2025-06-17,1,9,0.5014341118796523,1,0.5097297517386256,1,0.52126276,1
2025-06-18,0,9,0.5156410322841195,1,0.5087239300678,1,0.50361115,1
2025-06-19,0,9,0.4949729311367242,0,0.4999008319857061,0,0.5220959,1
2025-06-20,0,9,0.5378404548750879,1,0.5490569827625171,1,0.5406685,1
2025-06-21,0,9,0.5215677880298712,1,0.5502694744913866,1,0.5412505,1
2025-06-22,1,9,0.5373545430475221,1,0.5512511007273587,1,0.5267397,1
2025-06-23,1,9,0.5177556980097087,1,0.5133884390124113,1,0.5191426,1
2025-06-24,1,9,0.5313219578929838,1,0.49293032468172393,0,0.5035823,1
2025-06-25,0,9,0.5435269893670043,1,0.540806727176367,1,0.5072319,1
2025-06-26,1,9,0.5151737570725375,1,0.5018545073136914,1,0.51017004,1
2025-06-27,1,9,0.44914075549504606,0,0.49018372299822127,0,0.5108167,1
2025-06-28,1,9,0.49022033688813477,0,0.5224886903739145,1,0.5137736,1
2025-06-29,0,9,0.5006033334489316,1,0.5206367078822495,1,0.51138675,1
2025-06-30,0,9,0.47253358055054606,0,0.48793435786370815,0,0.50519645,1
2025-07-01,1,9,0.4779476274349924,0,0.48104263685375515,0,0.49672446,0
2025-07-02,1,9,0.5110957748959108,1,0.542577570927014,1,0.5196108,1
2025-07-03,0,9,0.5085665658282734,1,0.5228415939946263,1,0.53106904,1
2025-07-04,1,9,0.5258922882044336,1,0.5131215579745408,1,0.5544625,1
2025-07-05,0,9,0.48667705232795694,0,0.5082700128381478,1,0.5431231,1
2025-07-06,1,9,0.4710272289733268,0,0.5084355079654249,1,0.52891237,1
2025-07-07,0,9,0.45038218131393676,0,0.5006053349437889,1,0.5518085,1
2025-07-08,1,9,0.4847576274772829,0,0.48998954519783905,0,0.5132422,1
2025-07-09,1,9,0.48846645295416236,0,0.5208073371625842,1,0.5137736,1
2025-07-10,1,9,0.48166737401600596,0,0.5324332378425318,1,0.51467025,1
2025-07-11,1,9,0.4474439041895597,0,0.5078202913497442,1,0.5043546,1
2025-07-12,0,9,0.49235642369799965,0,0.5240281503369747,1,0.5139357,1
2025-07-13,1,9,0.470554921866958,0,0.48289085161925366,0,0.50315505,1
2025-07-14,0,9,0.4518857899052359,0,0.5290594199770582,1,0.515357,1
2025-07-15,0,9,0.47215590530402773,0,0.5046715134214504,1,0.49961847,0
2025-07-16,1,9,0.4365667976274308,0,0.4899788783445812,0,0.5316129,1
2025-07-17,1,9,0.4934313479842481,0,0.5293119320693958,1,0.5356123,1
2025-07-18,0,9,0.49881689873706864,0,0.5272659603912446,1,0.52154386,1
2025-07-19,0,9,0.49256373396325,0,0.5085798338728282,1,0.52024776,1
2025-07-20,0,9,0.5107200629301241,1,0.5114740005079266,1,0.5215511,1
2025-07-21,0,9,0.5092160885068119,1,0.5260006332607048,1,0.533262,1
2025-07-22,1,9,0.526127017114924,1,0.5227851078899418,1,0.55239135,1
2025-07-23,0,9,0.5288879045967261,1,0.5125903192998312,1,0.50977343,1
2025-07-24,0,9,0.5526445657581448,1,0.544872541968719,1,0.55239135,1
2025-07-25,1,9,0.6326387222577273,1,0.5600137819050232,1,0.5433808,1
2025-07-26,1,9,0.5155141428628383,1,0.5195827803460397,1,0.5117737,1
2025-07-27,1,9,0.5024806641764846,1,0.5179416280600387,1,0.52387834,1
2025-07-28,0,9,0.520274478101578,1,0.5585143824322665,1,0.55239135,1
2025-07-29,1,9,0.5065252724801539,1,0.5405309706359461,1,0.5290943,1
2025-07-30,1,9,0.5135666204662273,1,0.5501011222775344,1,0.5308927,1
2025-07-31,0,9,0.5274909764138711,1,0.5810739411639111,1,0.52712286,1
2025-08-01,0,9,0.5659883294353429,1,0.5710716956372767,1,0.5590539,1
2025-08-02,0,9,0.49594280088736187,0,0.5885626568410737,1,0.5571355,1
2025-08-03,1,9,0.530451426206614,1,0.5556437204827156,1,0.53681767,1
2025-08-04,0,9,0.505340247318262,1,0.5577748394127233,1,0.53463525,1
2025-08-05,0,9,0.4937793728554858,0,0.5503472409555252,1,0.5597697,1
2025-08-06,1,9,0.5169347260566399,1,0.5653113529261282,1,0.57476515,1
2025-08-07,1,9,0.5214125639486433,1,0.5455991296252444,1,0.5439138,1
2025-08-08,0,9,0.5038162543309862,1,0.5405091368302323,1,0.55016464,1
2025-08-09,1,9,0.49139586831175014,0,0.5272899291486957,1,0.5436868,1
2025-08-10,1,9,0.5325919100814703,1,0.5479149500887677,1,0.5630271,1
2025-08-11,0,9,0.5889024728364347,1,0.5528242236212004,1,0.52419776,1
2025-08-12,1,9,0.477841111944778,0,0.5016390399490354,1,0.5083872,1
2025-08-13,1,9,0.5028915214884055,1,0.5254563181095459,1,0.5165826,1
2025-08-14,0,9,0.5247737875428226,1,0.544605948194317,1,0.52195734,1
2025-08-15,0,9,0.444013273109156,0,0.4732305699430875,0,0.49651212,0
2025-08-16,0,9,0.49190856284249407,0,0.4917545700295898,0,0.50290287,1
2025-08-17,0,9,0.47665864304559646,0,0.49291057804528854,0,0.5143781,1
2025-08-18,0,9,0.52394501998738,1,0.5207987351523097,1,0.52159125,1
2025-08-19,0,9,0.48299842892855177,0,0.4944079469725901,0,0.5006344,1
2025-08-20,1,9,0.5285720101155862,1,0.5385936304513247,1,0.5509778,1
2025-08-21,0,9,0.5082553665104371,1,0.49230770654740835,0,0.49695215,0
2025-08-22,1,9,0.5079885501780377,1,0.5206692788740418,1,0.5202021,1
2025-08-23,0,9,0.5101045541913937,1,0.4864446197782107,0,0.50111073,1
2025-08-24,0,9,0.5514576885603014,1,0.49074590096779874,0,0.5067103,1
2025-08-25,0,9,0.5015895367215992,1,0.4880990737275082,0,0.49970597,0
2025-08-26,1,9,0.573098988073319,1,0.5378391065768157,1,0.5265914,1
2025-08-27,1,9,0.4898140764496314,0,0.5159198471402917,1,0.5283507,1
2025-08-28,0,9,0.5081002460448654,1,0.5245237723767121,1,0.5202021,1
2025-08-29,0,9,0.5456931939143134,1,0.5274740476349941,1,0.50944114,1
2025-08-30,1,9,0.5520754391720423,1,0.5286682322592264,1,0.5252992,1
2025-08-31,0,9,0.5106107814896247,1,0.5299820848376973,1,0.5134022,1
2025-09-01,1,9,0.5451082667279276,1,0.5220406859487255,1,0.52344924,1
2025-09-02,1,9,0.5239587652153751,1,0.5234653809356322,1,0.520297,1
2025-09-03,1,9,0.5275267345606476,1,0.4906214368612472,0,0.5088295,1
2025-09-04,0,9,0.5014835256399561,1,0.4751953002961473,0,0.49736184,0
2025-09-05,0,9,0.5170720284776261,1,0.5025514082076153,1,0.49229693,0
2025-09-06,1,9,0.6008147665658371,1,0.5057134924688985,1,0.50653225,1
2025-09-07,1,9,0.598272827498005,1,0.4965894885648828,0,0.5023613,1
2025-09-08,0,9,0.6529369255425089,1,0.5102269335197304,1,0.5058076,1
2025-09-09,1,9,0.6738370004891914,1,0.515122545337507,1,0.52685153,1
2025-09-10,1,9,0.6512156657355311,1,0.5063104276044798,1,0.52093035,1
2025-09-11,1,9,0.5740558449076667,1,0.5015203945292662,1,0.48619482,0
2025-09-12,0,9,0.5589139440510297,1,0.514372293195943,1,0.51060647,1
2025-09-13,0,9,0.5503491504093323,1,0.5538177888963949,1,0.5518203,1
2025-09-14,1,9,0.5197525541391664,1,0.5249493940167721,1,0.5478272,1
2025-09-15,1,9,0.5379660762099249,1,0.5591739062221427,1,0.54510117,1
2025-09-16,0,9,0.526785722402493,1,0.5524226156791321,1,0.5441329,1
2025-09-17,1,9,0.5396634877618505,1,0.5346403588974955,1,0.521862,1
2025-09-18,0,9,0.5670962171623937,1,0.5632001916085241,1,0.55453944,1
2025-09-19,1,9,0.5296647481739472,1,0.5418683299457521,1,0.5286198,1
2025-09-20,0,9,0.4836545545339212,0,0.5318068178845358,1,0.56654006,1
2025-09-21,0,9,0.5186844219533431,1,0.5682199411239579,1,0.5616383,1
2025-09-22,0,9,0.5370408327302616,1,0.5548386903152788,1,0.5785526,1
2025-09-23,1,9,0.5081644909167867,1,0.5577853929074794,1,0.5683435,1
2025-09-24,0,9,0.5195866271351676,1,0.5407209466587791,1,0.54666764,1
2025-09-25,1,9,0.5397583739987388,1,0.5557424151001702,1,0.5432342,1
2025-09-26,0,9,0.5162671388503481,1,0.5234820711792125,1,0.5211484,1
2025-09-27,1,9,0.5181987271277347,1,0.5392548734150215,1,0.5228825,1
2025-09-28,1,9,0.5064294352170124,1,0.4872652120736313,0,0.4833348,0
2025-09-29,0,9,0.523575005199758,1,0.4858840309923054,0,0.5033309,1
2025-09-30,1,9,0.5272150352940684,1,0.49249778613225564,0,0.49925107,0
2025-10-01,1,9,0.4487361727154355,0,0.46995743457459477,0,0.50287503,1
2025-10-02,1,9,0.44285602962071985,0,0.5125435738312423,1,0.5281013,1
2025-10-03,1,9,0.4353384910010825,0,0.49055480126143264,0,0.527507,1
2025-10-04,1,9,0.48180614298760416,0,0.5082832534222784,1,0.5112396,1
2025-10-05,1,9,0.48035696236380954,0,0.5091426117429197,1,0.5556175,1
2025-10-06,1,9,0.41860875963002925,0,0.5263629323366097,1,0.55239,1
2025-10-07,0,9,0.4585710610164818,0,0.529765422021244,1,0.5299209,1
2025-10-08,1,9,0.4652829064119143,0,0.5165807797560394,1,0.5275717,1
2025-10-09,0,9,0.4415644958393885,0,0.5038023123005048,1,0.5298118,1
2025-10-10,0,9,0.4771078543944757,0,0.5230674212534976,1,0.52610886,1
2025-10-11,0,9,0.5156621870843505,1,0.5201590082529303,1,0.5364399,1
2025-10-12,1,9,0.5131807832032445,1,0.5359701450157695,1,0.53398603,1
2025-10-13,0,9,0.47942899374352294,0,0.512127236233167,1,0.5177865,1
2025-10-14,0,9,0.5172562108173642,1,0.491507609024509,0,0.5177865,1
2025-10-15,0,9,0.5562745866856579,1,0.506991390663721,1,0.5136481,1
2025-10-16,0,9,0.5555408006905825,1,0.5099238293804614,1,0.5136722,1
2025-10-17,0,9,0.5002013695914028,1,0.5240801689206469,1,0.5317059,1
2025-10-18,0,9,0.5295645189323412,1,0.5395488378185386,1,0.53416556,1
2025-10-19,1,9,0.5405786650649028,1,0.5557691143452853,1,0.54301554,1
2025-10-20,1,9,0.5780219835744029,1,0.531457250690774,1,0.5310004,1
2025-10-21,0,9,0.5451895103657419,1,0.5021476792314468,1,0.4964748,0
2025-10-22,1,9,0.6118107550268357,1,0.5307313185779468,1,0.52646756,1
2025-10-23,1,9,0.550495457923324,1,0.5046966563500234,1,0.52385724,1
2025-10-24,1,9,0.5435964160592216,1,0.5074439291239973,1,0.4993182,0
2025-10-25,1,9,0.49924134766492584,0,0.46840692280323054,0,0.48083174,0
2025-10-26,1,9,0.5214893294199975,1,0.47300742411352936,0,0.47785413,0
2025-10-27,0,9,0.5244857428301971,1,0.4944161121756497,0,0.5068636,1
2025-10-28,0,9,0.4931919823050597,0,0.48187988969876455,0,0.497029,0
2025-10-29,0,9,0.46470443948235585,0,0.47523371386810465,0,0.49546272,0
2025-10-30,0,9,0.5060127570254033,1,0.5043124753032221,1,0.49324244,0
2025-10-31,0,9,0.5053193634895329,1,0.5112462807160831,1,0.52168024,1
2025-11-01,1,9,0.48297872828531574,0,0.4952523115149907,0,0.51458955,1
2025-11-02,0,9,0.5135547069365712,1,0.49982305865279025,0,0.49817398,0
2025-11-03,0,9,0.509477872645497,1,0.49642864037367873,0,0.53155935,1
2025-11-04,0,9,0.5288113887530071,1,0.5434861141675387,1,0.53208643,1
2025-11-05,1,9,0.5771901966425735,1,0.5287635387308437,1,0.5229199,1
2025-11-06,0,9,0.5420076249755473,1,0.5297157471953579,1,0.5436913,1
2025-11-07,1,9,0.565161922197535,1,0.5202959020292949,1,0.52729523,1
2025-11-08,0,9,0.5508486009743521,1,0.5380564473274878,1,0.53924364,1
2025-11-09,1,9,0.6015537612208793,1,0.528153468343653,1,0.5310004,1
2025-11-10,1,9,0.5716113705834562,1,0.4938583244690263,0,0.5021887,1
2025-11-11,0,9,0.5117215141474352,1,0.47081858381822667,0,0.4993182,0
2025-11-12,0,9,0.5086845431339532,1,0.48859412846259925,0,0.50400764,1
2025-11-13,0,9,0.5132348764929813,1,0.5102061915082801,1,0.5164215,1
2025-11-14,0,9,0.5598209651729315,1,0.5304105174989021,1,0.5410128,1
2025-11-15,1,9,0.5479174811544104,1,0.5253337152096048,1,0.52729523,1
2025-11-16,0,9,0.5713947503472827,1,0.5420234366327299,1,0.5273559,1
2025-11-17,0,9,0.5715834174311282,1,0.543719475046232,1,0.54739547,1
2025-11-18,0,9,0.629123644954333,1,0.5621264785251519,1,0.53346014,1
2025-11-19,1,9,0.5938558011668076,1,0.5420989629865679,1,0.5222871,1
2025-11-20,0,9,0.5794263984343607,1,0.5408028760565707,1,0.53481233,1
2025-11-21,0,9,0.6195313043742657,1,0.5409215519933307,1,0.5185755,1
2025-11-22,1,9,0.6208268414385624,1,0.5461773878339442,1,0.5288061,1
2025-11-23,1,9,0.6023628482564092,1,0.5475557006546,1,0.5454891,1
2025-11-24,1,9,0.5796882763133541,1,0.5388191920724009,1,0.53302455,1
2025-11-25,0,9,0.5756408735230861,1,0.5204095056834236,1,0.5218274,1
2025-11-26,1,9,0.6168571235216932,1,0.5261120334029925,1,0.5206506,1
2025-11-27,1,9,0.5304499755213037,1,0.4774398815346936,0,0.4996224,0
2025-11-28,1,9,0.5186797387427622,1,0.4862667771463628,0,0.48335096,0
2025-11-29,0,9,0.486486918724485,0,0.4805873893400172,0,0.49112847,0
2025-11-30,0,9,0.5157871355704042,1,0.4930744387286661,0,0.49980345,0
2025-12-01,0,9,0.5981587060893998,1,0.5302994263090725,1,0.5064612,1
2025-12-02,1,9,0.49016515940541655,0,0.5007200008849052,1,0.49528286,0
2025-12-03,1,9,0.48469645306336,0,0.48458949007333,0,0.4869153,0
2025-12-04,0,9,0.5004850956935717,1,0.45150333331195847,0,0.47152925,0
2025-12-05,0,9,0.4902164637784441,0,0.4427293906687551,0,0.486829,0
2025-12-06,1,9,0.5080980947820779,1,0.49466106950933625,0,0.51077485,1
2025-12-07,1,9,0.4246202138391945,0,0.4818598732018782,0,0.50027704,1
2025-12-08,0,9,0.42287815219485186,0,0.45570604880456167,0,0.48162565,0
2025-12-09,1,9,0.4594635297837879,0,0.47857189683706614,0,0.51209867,1
2025-12-10,0,9,0.5113036214804263,1,0.4833408667574135,0,0.4959232,0
2025-12-11,1,9,0.5092895830209131,1,0.4682162035628274,0,0.48596537,0
2025-12-12,0,9,0.4493146046483811,0,0.46440415074117475,0,0.46027955,0
2025-12-13,1,9,0.4706788839004914,0,0.4815880810944694,0,0.52504987,1
2025-12-14,0,9,0.45925634140588356,0,0.47358154974784034,0,0.49450362,0
2025-12-15,0,10,0.4679924929226308,0,0.5038773885801453,1,0.50280863,1
2025-12-16,1,10,0.4900362075788789,0,0.512655753855774,1,0.5281335,1
2025-12-17,0,10,0.47093940471052087,0,0.5056735164067632,1,0.52599674,1
2025-12-18,0,10,0.4957238080241528,0,0.5044826557764535,1,0.5187798,1
2025-12-19,1,10,0.49072666004271326,0,0.518800753997957,1,0.5187798,1
2025-12-20,1,10,0.504402748541689,1,0.47763057615634297,0,0.49508843,0
2025-12-21,1,10,0.4923426589561791,0,0.46797100716131806,0,0.48277658,0
2025-12-22,0,10,0.4893294479286451,0,0.4839284858537329,0,0.49568582,0
2025-12-23,0,10,0.5062748909309048,1,0.4713773942194371,0,0.4889231,0
2025-12-24,0,10,0.47636558369990734,0,0.4874308544412015,0,0.48518264,0
2025-12-25,0,10,0.46611502889328044,0,0.4747663940807561,0,0.4805399,0
2025-12-26,1,10,0.48292273029848903,0,0.4998859855633038,0,0.51004434,1
2025-12-27,1,10,0.47685269549309117,0,0.4845634232008801,0,0.5025718,1
2025-12-28,1,10,0.5123038261948275,1,0.5131858405180681,1,0.527375,1
2025-12-29,0,10,0.47707966473537566,0,0.48566864789913383,0,0.51110226,1
2025-12-30,1,10,0.4499247896236177,0,0.5102854350456432,1,0.51643443,1
2025-12-31,0,10,0.5003333313218145,1,0.5090414880389929,1,0.51353145,1
2026-01-01,1,10,0.5294194197284524,1,0.5151783066510696,1,0.52372295,1
2026-01-02,1,10,0.4949619262934356,0,0.49932069808391893,0,0.5112053,1
2026-01-03,1,10,0.5347590685785374,1,0.518042429573556,1,0.53366256,1
2026-01-04,1,10,0.5845286060047584,1,0.5266090973963016,1,0.53757524,1
2026-01-05,1,10,0.6137015363915762,1,0.554846074076268,1,0.5622962,1
2026-01-06,0,10,0.5434441526170165,1,0.545996342513762,1,0.56131303,1
2026-01-07,0,10,0.5388157170874883,1,0.5635008912177264,1,0.5934766,1
2026-01-08,0,10,0.47470105528333884,0,0.5176389820902744,1,0.55626756,1
2026-01-09,0,10,0.48669014858406295,0,0.5370816908505996,1,0.5394652,1
2026-01-10,0,10,0.5177083842781788,1,0.5353755811510403,1,0.56335866,1
2026-01-11,1,10,0.4683672018039564,0,0.5250468429369671,1,0.5473346,1
2026-01-12,0,10,0.5451663367175404,1,0.5459522595557733,1,0.57418895,1
2026-01-13,1,10,0.5102341945997755,1,0.530985231318047,1,0.55555826,1
2026-01-14,1,10,0.49816747595970007,0,0.5197259059676651,1,0.5226029,1
2026-01-15,0,10,0.5630494264219393,1,0.558981025321548,1,0.5370436,1
2026-01-16,0,10,0.5128255455126209,1,0.5108164793533464,1,0.51820034,1
2026-01-17,0,10,0.5274978285962957,1,0.5425465590340158,1,0.52812624,1
2026-01-18,0,10,0.45926363395821834,0,0.49472655803271853,0,0.51231736,1
2026-01-19,1,10,0.594830800156385,1,0.5257073586505289,1,0.5499887,1
2026-01-20,0,10,0.5042706756566725,1,0.5023671236890939,1,0.5279685,1
2026-01-21,1,10,0.5128089563715056,1,0.5355750682393409,1,0.5308989,1
2026-01-22,0,10,0.49948168171067614,0,0.49338183036697586,0,0.525659,1
2026-01-23,0,10,0.4917390237425063,0,0.5086495086198216,1,0.51554334,1
2026-01-24,0,10,0.4566062059246562,0,0.5128188763576724,1,0.54637146,1
2026-01-25,0,10,0.5334305540946277,1,0.5350642559859349,1,0.53412825,1
2026-01-26,1,10,0.5319692164864526,1,0.5429656197178628,1,0.5389701,1
2026-01-27,1,10,0.504387435672707,1,0.5345174455913204,1,0.54256856,1
2026-01-28,0,10,0.49151395010203086,0,0.49094808408471713,0,0.5064341,1
2026-01-29,0,10,0.5272591525578566,1,0.5156301354263456,1,0.52437305,1
2026-01-30,1,10,0.6653918778489153,1,0.547202648342255,1,0.5512948,1
2026-01-31,0,10,0.5331104698319266,1,0.5380895512721636,1,0.5277453,1
2026-02-01,0,10,0.5590482761189336,1,0.5479436756375246,1,0.5572056,1
2026-02-02,1,10,0.5744350366146856,1,0.5633373856648662,1,0.55427724,1
2026-02-03,0,10,0.6117379227517704,1,0.5555171352120883,1,0.564801,1
2026-02-04,0,10,0.5901538530021533,1,0.532871109080764,1,0.5395849,1
2026-02-05,0,10,0.6143443054115021,1,0.5573159987098825,1,0.56676066,1
2026-02-06,1,10,0.8330284504191312,1,0.6054784510535566,1,0.56393695,1
2026-02-07,0,10,0.616569116915498,1,0.5683163893077003,1,0.5342354,1
2026-02-08,1,10,0.6352695208515847,1,0.570892724778275,1,0.58058834,1
2026-02-09,1,10,0.5880445051683842,1,0.546095747239324,1,0.5582122,1
2026-02-10,0,10,0.6390311153013075,1,0.5332132425801195,1,0.5334745,1
2026-02-11,0,10,0.5656296160751481,1,0.5164047427666592,1,0.5280336,1
2026-02-12,0,10,0.5688545321632313,1,0.5469144968427072,1,0.5342584,1
2026-02-13,1,10,0.5603958458090303,1,0.5490592076158776,1,0.53690934,1
2026-02-14,1,10,0.5641216227583244,1,0.508441881062712,1,0.5188922,1
2026-02-15,0,10,0.586142363536274,1,0.5110279509365429,1,0.5230626,1
2026-02-16,1,10,0.530183907819472,1,0.5017684640614138,1,0.51666415,1
2026-02-17,0,10,0.5541243470012884,1,0.48917239376375593,0,0.49045208,0
2026-02-18,0,10,0.492941785890309,0,0.4993746438484831,0,0.5011537,1
2026-02-19,1,10,0.5093275179140401,1,0.49849538489254475,0,0.51271045,1
2026-02-20,1,10,0.5032285493295181,1,0.5078072983087197,1,0.5042557,1
2026-02-21,1,10,0.5042992793397042,1,0.4935858682316359,0,0.4997194,0
2026-02-22,0,10,0.5733412682589056,1,0.519956327063576,1,0.51856965,1
2026-02-23,0,10,0.5498325524265613,1,0.5228240998910189,1,0.5368422,1
2026-02-24,1,10,0.5245524016869583,1,0.5420665535161515,1,0.5356986,1
2026-02-25,1,10,0.47418585824241893,0,0.4956255826791182,0,0.5182452,1
2026-02-26,0,10,0.47893862778973545,0,0.4736178328767308,0,0.48459485,0
2026-02-27,0,10,0.5269804790593903,1,0.4860452659653266,0,0.50422513,1
2026-02-28,1,10,0.5218517655324579,1,0.5052908323996164,1,0.5021332,1
2026-03-01,0,10,0.47523052487317824,0,0.49316244925413844,0,0.5135477,1
2026-03-02,1,10,0.4413898089600819,0,0.4636754950666172,0,0.48865104,0
2026-03-03,0,10,0.4540793135883898,0,0.4454009943455107,0,0.48216602,0
2026-03-04,1,10,0.4983941775242623,0,0.47680383420061634,0,0.48724428,0
2026-03-05,0,10,0.4800185636193829,0,0.514881042067642,1,0.4963443,0
2026-03-06,0,10,0.4736948452854182,0,0.45823168451311747,0,0.4783412,0
2026-03-07,0,10,0.4587610907047277,0,0.46107872935682204,0,0.4771279,0
2026-03-08,0,10,0.4775996260161044,0,0.4770699687296717,0,0.5066676,1
2026-03-09,1,10,0.4490527370952537,0,0.49011426434944755,0,0.52151674,1
2026-03-10,1,10,0.4623590654529561,0,0.47520674269127844,0,0.49973056,0
2026-03-11,0,10,0.5155160541037178,1,0.4642796026320738,0,0.5032588,1
2026-03-12,1,10,0.508153398173507,1,0.4598533752083019,0,0.4801879,0
2026-03-13,0,10,0.49316627590520173,0,0.4823401906593353,0,0.5026111,1
2026-03-14,1,10,0.5058305248331592,1,0.4875803023749887,0,0.497927,0
2026-03-15,1,10,0.4708450985169564,0,0.4720695901047838,0,0.502193,1
2026-03-16,1,10,0.4607634644919483,0,0.5120523124236169,1,0.51472765,1
2026-03-17,0,10,0.7242123152183978,1,0.5351578453519714,1,0.52462506,1
2026-03-18,0,10,0.7024612742589958,1,0.5239514584825086,1,0.5230655,1
2026-03-19,1,10,0.6208138036395704,1,0.5089576065251754,1,0.52083206,1
2026-03-20,0,10,0.5557734686192685,1,0.5092900966870386,1,0.52680767,1
2026-03-21,0,10,0.5585126118887783,1,0.5010101015715245,1,0.5174336,1
2026-03-22,1,10,0.608486786898008,1,0.5369160290832943,1,0.52739227,1
2026-03-23,0,10,0.5795513811415525,1,0.5205848127938134,1,0.5160909,1
2026-03-24,1,10,0.5137761406639381,1,0.5053308781799819,1,0.5205135,1
2026-03-25,0,10,0.5627627710444904,1,0.5185258320606771,1,0.51639247,1
2026-03-26,0,10,0.587619247342851,1,0.5085007469996783,1,0.5159725,1
2026-03-27,0,10,0.5318975798790322,1,0.5162970633621639,1,0.5178967,1
2026-03-28,0,10,0.5440040818565521,1,0.5182500443377949,1,0.519064,1
2026-03-29,1,10,0.48985831123811213,0,0.5247495154347135,1,0.5354968,1
2026-03-30,1,10,0.5114208600320164,1,0.5215735791301989,1,0.5265974,1
2026-03-31,0,10,0.546379459123884,1,0.5014836459737488,1,0.5185529,1
2026-04-01,0,10,0.5461441430549273,1,0.5045450139314387,1,0.5057976,1
2026-04-02,1,10,0.5146582123347846,1,0.508890721317371,1,0.5135912,1
2026-04-03,1,10,0.4921153447264428,0,0.4817280671984317,0,0.49493757,0
2026-04-04,1,10,0.4893802494937499,0,0.47214063490130637,0,0.4890299,0
2026-04-05,0,10,0.5499591349342227,1,0.5133054058315655,1,0.5035264,1
2026-04-06,1,10,0.4673919306314963,0,0.48666606270589974,0,0.49962917,0
2026-04-07,0,10,0.5280292350225381,1,0.522698120195799,1,0.5125087,1
2026-04-08,1,10,0.5129304820419606,1,0.5170940392527354,1,0.516765,1
2026-04-09,1,10,0.49030611237830224,0,0.505672370493196,1,0.5189137,1
2026-04-10,1,10,0.47162898846263324,0,0.5057947872474382,1,0.516923,1
2026-04-11,0,10,0.49261599909479,0,0.5106272260719253,1,0.5194976,1
2026-04-12,1,10,0.5538946013250462,1,0.5213713409544195,1,0.5209872,1
2026-04-13,0,10,0.47084302587742594,0,0.5132111123786401,1,0.5251889,1
2026-04-14,1,10,0.5129227287097352,1,0.5414974204323051,1,0.5376817,1
2026-04-15,1,10,0.4567654233025023,0,0.515991130499858,1,0.53333664,1
2026-04-16,1,10,0.5636879520083944,1,0.5457538471447511,1,0.52194244,1
2026-04-17,0,10,0.4870686058692415,0,0.5213713577436965,1,0.5169363,1
2026-04-18,0,10,0.5370966282544865,1,0.5072219175982597,1,0.5152555,1
2026-04-19,1,10,0.5222605514768826,1,0.5136551440026952,1,0.519952,1
2026-04-20,1,10,0.44973058869365035,0,0.5123965173958572,1,0.5135913,1
2026-04-21,1,10,0.49214907796028334,0,0.5217967839558209,1,0.5189426,1
2026-04-22,1,10,0.5010942080514293,1,0.4978496025737594,0,0.5212766,1
2026-04-23,0,10,0.5397493772334567,1,0.5116350735134368,1,0.5118471,1
2026-04-24,1,10,0.5384147648824071,1,0.5290811391280418,1,0.51813585,1
2026-04-25,1,10,0.49795235102327606,0,0.47470541555666035,0,0.5023876,1
2026-04-26,0,10,0.5026190845361599,1,0.5175531050221882,1,0.5152141,1
2026-04-27,0,10,0.4843568442877737,0,0.5133037958702956,1,0.50341225,1
2026-04-28,0,10,0.5235767233883736,1,0.5172710877127193,1,0.5154302,1
2026-04-29,1,10,0.4901202772529679,0,0.5049612391613959,1,0.51612604,1
2026-04-30,1,10,0.5188946515147014,1,0.5202051054458986,1,0.5261254,1
2026-05-01,1,10,0.55055022414572,1,0.551299844607484,1,0.52204496,1
2026-05-02,0,10,0.5350637117128137,1,0.5200787587968301,1,0.537691,1
2026-05-03,1,10,0.5473442337689095,1,0.5365347252973226,1,0.5421023,1
2026-05-04,1,10,0.5095351213585729,1,0.529855293366511,1,0.54851115,1
2026-05-05,1,10,0.5196201660296738,1,0.5386424420036034,1,0.53589463,1
2026-05-06,0,10,0.5234437036571719,1,0.5058336622093711,1,0.52678454,1
2026-05-07,1,10,0.5466954954560108,1,0.5189106091640515,1,0.550534,1
2026-05-08,1,10,0.5239676827701119,1,0.5186885596594294,1,0.5554162,1
2026-05-09,1,10,0.5261760857548349,1,0.5532399836003227,1,0.5264342,1
2026-05-10,0,10,0.5285664684096355,1,0.5152414562733642,1,0.5352765,1
2026-05-11,0,10,0.5414220088386683,1,0.5522274865864792,1,0.56196326,1
2026-05-12,0,10,0.5049477431626025,1,0.5352341298085205,1,0.548528,1
2026-05-13,1,10,0.5202983171081742,1,0.5387128350836118,1,0.5573011,1
2026-05-14,0,10,0.5220735178561694,1,0.5258437555712464,1,0.5412909,1
2026-05-15,0,10,0.5286634964747534,1,0.5086103136808091,1,0.53547114,1
2026-05-16,0,10,0.553562299480215,1,0.5071078542837333,1,0.5119356,1
2026-05-17,0,10,0.5221891105565089,1,0.5044539686401427,1,0.5229869,1
2026-05-18,0,10,0.48141953006340693,0,0.5074055937638777,1,0.5248196,1
2026-05-19,1,10,0.5200533011833985,1,0.5170457046444087,1,0.53107715,1
2026-05-20,1,10,0.5344011381240482,1,0.509614413620395,1,0.54284143,1
2026-05-21,0,10,0.5004443197398861,1,0.5170125838174926,1,0.5371151,1
2026-05-22,1,10,0.5442762728950467,1,0.5466932604849886,1,0.54266566,1
2026-05-23,1,10,0.5288864158719535,1,0.5352958543653269,1,0.51096964,1
2026-05-24,1,10,0.49661222615856265,0,0.48314075379685467,0,0.49579152,0
2026-05-25,0,10,0.5160240934131101,1,0.5140051612613953,1,0.54744726,1
2026-05-26,0,10,0.5022661522928007,1,0.5438338271671831,1,0.5602586,1
2026-05-27,0,10,0.5180161823474048,1,0.5423985598462615,1,0.55859613,1
2026-05-28,0,10,0.5347642824843104,1,0.5642139806143947,1,0.548836,1
2026-05-29,1,10,0.495778782767123,0,0.5471441905938669,1,0.5297223,1
2026-05-30,0,10,0.5309809222510021,1,0.5380829645448068,1,0.5442001,1
2026-05-31,0,10,0.528471406399645,1,0.5404487576343748,1,0.55708253,1
2026-06-01,0,10,0.46480313476688306,0,0.5423365003945265,1,0.5431568,1
2026-06-02,0,10,0.5048665804062119,1,0.5837893039000978,1,0.5476315,1
2026-06-03,0,10,0.4828320738757435,0,0.5475651964557536,1,0.5290828,1
2026-06-04,0,10,0.6045410324808871,1,0.5757308041621498,1,0.5519657,1
2026-06-05,1,10,0.6325068695832209,1,0.589401138610411,1,0.5698223,1
2026-06-06,1,10,0.630652489220775,1,0.5694283043443856,1,0.55402917,1
2026-06-07,0,10,0.59070852552215,1,0.5465892442240733,1,0.5411569,1
2026-06-08,0,10,0.5691395484009136,1,0.5260698970520136,1,0.5432453,1
2026-06-09,0,10,0.5750737270234025,1,0.5495468902553383,1,0.53182334,1
2026-06-10,1,10,0.55117610193039,1,0.5296963750922613,1,0.52154046,1
2026-06-11,0,10,0.5157489881660746,1,0.5182479160504535,1,0.52280164,1
2026-06-12,1,10,0.5549650516967934,1,0.511651110405496,1,0.5162368,1
2026-06-13,1,10,0.532163250326004,1,0.4841863779564191,0,0.49971378,0
2026-06-14,1,10,0.559118523647584,1,0.5207928350288379,1,0.50794643,1
2026-06-15,0,10,0.4889364219547887,0,0.4987940455870593,0,0.5056135,1
