date,garch_vol
2014-11-29,3.7380615586906165
2014-11-30,3.4879278798610365
2014-12-01,3.363099585877673
2014-12-02,3.2917319655575716
2014-12-03,3.0897743435393363
2014-12-04,2.9730769307670473
2014-12-05,3.1322661147690236
2014-12-06,3.245007086631682
2014-12-07,3.0417232031395556
2014-12-08,2.8893640698220326
2014-12-09,3.0807412249991377
2014-12-10,3.331042900807676
2014-12-11,3.194759200912489
2014-12-12,3.002341888889898
2014-12-13,2.9872536925254636
2014-12-14,2.8971765601439317
2014-12-15,2.7619011108653875
2014-12-16,2.598953965720809
2014-12-17,3.145234661564121
2014-12-18,3.2495417218618416
2014-12-19,3.3542486056357075
2014-12-20,3.3473135262545552
2014-12-21,3.584428361413059
2014-12-22,3.5805098373279813
2014-12-23,3.606709756990461
2014-12-24,3.534379923427538
2014-12-25,3.7572752452913787
2014-12-26,3.6063351182681913
2014-12-27,3.7979996339840305
2014-12-28,4.064637498139335
2014-12-29,3.802358508551061
2014-12-30,3.6193211792914557
2014-12-31,3.484576916300519
2015-01-01,3.526576916298805
2015-01-02,3.401212391257449
2015-01-03,3.182552195438533
2015-01-04,4.238295484986156
2015-01-05,4.8433246971330846
2015-01-06,5.0533686770524735
2015-01-07,4.707829497290881
2015-01-08,4.390811204496003
2015-01-09,4.099691253156211
2015-01-10,3.8321111701996973
2015-01-11,3.5859478564879734
2015-01-12,3.359288219779558
2015-01-13,3.4946444840368485
2015-01-14,6.01574696900932
2015-01-15,9.8550123150878
2015-01-16,12.5798277328129
2015-01-17,11.670459777612805
2015-01-18,11.066161805122762
2015-01-19,10.828812440282643
2015-01-20,10.252014903757225
2015-01-21,9.729047653000489
2015-01-22,9.93335481492213
2015-01-23,9.362334703176113
2015-01-24,8.640422033277101
2015-01-25,8.827212576903621
2015-01-26,8.27546634481411
2015-01-27,8.400702649362977
2015-01-28,8.0187241056887
2015-01-29,8.594613247299202
2015-01-30,8.005754238892518
2015-01-31,7.500593604224076
2015-02-01,7.638635812859394
2015-02-02,7.222806036945512
2015-02-03,7.985733090711606
2015-02-04,7.867119806075122
2015-02-05,7.295789664246456
2015-02-06,7.2333709610234935
2015-02-07,6.998417477497345
2015-02-08,6.767628848388265
2015-02-09,6.478814120881984
2015-02-10,6.173954287022526
2015-02-11,5.723438173098719
2015-02-12,5.407430210127933
2015-02-13,5.188637311540249
2015-02-14,5.6058226247755085
2015-02-15,6.294529355886861
2015-02-16,6.9248681007184585
2015-02-17,6.523361531296314
2015-02-18,6.453485190608075
2015-02-19,6.391557297304051
2015-02-20,6.256027952987232
2015-02-21,5.951471254514467
2015-02-22,5.540069163479939
2015-02-23,5.5582604792405395
2015-02-24,5.257529425911603
2015-02-25,4.907891202707778
2015-02-26,4.647419622966077
2015-02-27,4.391849650093562
2015-02-28,4.94602876918092
2015-03-01,4.612618918989403
2015-03-02,4.41149525256548
2015-03-03,4.990351988414982
2015-03-04,4.843059488797979
2015-03-05,4.870469755497172
2015-03-06,4.690450097008142
2015-03-07,4.3951330816993766
2015-03-08,4.179906959585596
2015-03-09,3.9320587307872414
2015-03-10,4.199429077789139
2015-03-11,4.033434544055128
2015-03-12,3.9477835268241956
2015-03-13,3.685167040263769
2015-03-14,3.8701969687844278
2015-03-15,3.6831467457925116
2015-03-16,3.580797800222694
2015-03-17,3.4675564881529413
2015-03-18,3.443694074148179
2015-03-19,4.446715764901629
2015-03-20,4.346092400138422
2015-03-21,4.0554733312731805
2015-03-22,3.882655911139841
2015-03-23,4.062137271848722
2015-03-24,3.9362836000394066
2015-03-25,4.523718905081951
2015-03-26,4.232492158607084
2015-03-27,4.014445593116153
2015-03-28,3.810707125780926
2015-03-29,3.7460929027798566
2015-03-30,3.954039392237736
2015-03-31,3.948080934066607
2015-04-01,3.851025129507678
2015-04-02,3.6758957124224065
2015-04-03,3.7746190789214715
2015-04-04,3.5372502951428304
2015-04-05,3.3282530554229566
2015-04-06,3.438869245834169
2015-04-07,3.415544178311478
2015-04-08,3.2584614014572733
2015-04-09,3.5173604980970006
2015-04-10,3.3198288733275336
2015-04-11,3.5153413095836807
2015-04-12,3.400310512901964
2015-04-13,3.2337803129428466
2015-04-14,3.7020011995606983
2015-04-15,3.781784044272429
2015-04-16,3.800224777815535
2015-04-17,3.8664110383129615
2015-04-18,3.889325599644128
2015-04-19,3.681966276286166
2015-04-20,3.459272930142953
2015-04-21,3.2803444896619296
2015-04-22,3.6191107554373945
2015-04-23,3.4399829912718367
2015-04-24,3.309513958443854
2015-04-25,3.290226934477462
2015-04-26,3.3098578972181167
2015-04-27,3.4352020067000826
2015-04-28,3.5609462126190463
2015-04-29,3.3775763984009357
2015-04-30,3.1619681876866976
2015-05-01,3.5201223247399875
2015-05-02,3.4697715024744182
2015-05-03,3.3270019675266393
2015-05-04,3.371150864246856
2015-05-05,3.2157861235918612
2015-05-06,3.177562822260699
2015-05-07,3.193894368366511
2015-05-08,3.3522402317385938
2015-05-09,3.447503428565206
2015-05-10,3.3074027143237243
2015-05-11,3.203694038981315
2015-05-12,3.010363015687299
2015-05-13,2.918914950071356
2015-05-14,2.9408178925446826
2015-05-15,2.7620852821289286
2015-05-16,2.5917210252931433
2015-05-17,2.509054661426384
2015-05-18,2.362423421028277
2015-05-19,2.404568695366872
2015-05-20,2.2930730601135565
2015-05-21,2.25001995826731
2015-05-22,2.1870184416724303
2015-05-23,2.224267820742988
2015-05-24,2.157803192116434
2015-05-25,2.114677158121526
2015-05-26,2.1920500791503943
2015-05-27,2.083081498867645
2015-05-28,2.0091143338022612
2015-05-29,1.933533028697389
2015-05-30,1.8510714127751933
2015-05-31,1.9398724778704777
2015-06-01,1.97748683344729
2015-06-02,2.1382467831538805
2015-06-03,2.0557651694196886
2015-06-04,1.9370733488582923
2015-06-05,1.9668376392846934
2015-06-06,1.9532983705692208
2015-06-07,1.8559772697380084
2015-06-08,1.8308135034621722
2015-06-09,2.0110953256442112
2015-06-10,1.951152606359825
2015-06-11,1.9403391159790246
2015-06-12,1.8922064487121848
2015-06-13,1.799066105550957
2015-06-14,1.7820149001530945
2015-06-15,1.6791477815212559
2015-06-16,1.7955072484428571
2015-06-17,2.441818264040387
2015-06-18,2.430722811484174
2015-06-19,2.3809288375813433
2015-06-20,2.4523361890094644
2015-06-21,2.34975647257838
2015-06-22,2.2743986729835854
2015-06-23,2.310297611645166
2015-06-24,2.325496083645729
2015-06-25,2.331473878256288
2015-06-26,2.2229914158782913
2015-06-27,2.1520078984003645
2015-06-28,2.4307756568620618
2015-06-29,2.388655865932265
2015-06-30,2.608841215999041
2015-07-01,2.812175318375881
2015-07-02,2.9407459753080847
2015-07-03,2.8619282326532773
2015-07-04,2.720890837514661
2015-07-05,2.769858088247889
2015-07-06,3.0466987972029456
2015-07-07,2.8951004154087636
2015-07-08,2.85191887915307
2015-07-09,2.8027105987149423
2015-07-10,2.626721159269843
2015-07-11,3.2902190425119153
2015-07-12,3.290959656924142
2015-07-13,3.8693293064959926
2015-07-14,4.299741963912337
2015-07-15,4.161536093893065
2015-07-16,3.9762178936556256
2015-07-17,4.0350816790017685
2015-07-18,3.8419980361995347
2015-07-19,3.696251420074257
2015-07-20,3.5070010390360697
2015-07-21,3.3580332206829038
2015-07-22,3.196067107698932
2015-07-23,3.037119807782438
2015-07-24,2.9004660055327114
2015-07-25,3.31898265195403
2015-07-26,3.135378399127093
2015-07-27,3.0644613530498397
2015-07-28,2.9113602286415645
2015-07-29,2.752199385633434
2015-07-30,2.7435530247182554
2015-07-31,2.650942263941937
2015-08-01,2.620118704380549
2015-08-02,2.60403062033025
2015-08-03,2.458558858816095
2015-08-04,2.3448217179735633
2015-08-05,2.269854171300318
2015-08-06,2.24322192357575
2015-08-07,2.1188930035504
2015-08-08,2.117070402978426
2015-08-09,2.7905942210974755
2015-08-10,2.7695720512199564
2015-08-11,2.646555970644985
2015-08-12,2.7318927921766725
2015-08-13,2.629070608041037
2015-08-14,2.6305735946041944
2015-08-15,2.4999885490850984
2015-08-16,2.5481020525315254
2015-08-17,2.6073957421789173
2015-08-18,2.457191413900648
2015-08-19,2.8009563649866474
2015-08-20,3.6053870025069408
2015-08-21,3.8360125840541355
2015-08-22,3.708905905794135
2015-08-23,3.59897909031759
2015-08-24,3.462183716797301
2015-08-25,4.1277503247576295
2015-08-26,4.409132358828354
2015-08-27,4.282151936194139
2015-08-28,4.0629609603038
2015-08-29,4.228252111121551
2015-08-30,4.079634828783097
2015-08-31,3.8497383093607436
2015-09-01,3.650377586924284
2015-09-02,3.518561568766604
2015-09-03,3.330477555518641
2015-09-04,3.214705798915561
2015-09-05,3.222602874132175
2015-09-06,3.2286966424278356
2015-09-07,3.2640320356120074
2015-09-08,3.076755963319286
2015-09-09,3.0627986328283034
2015-09-10,3.1493641813786217
2015-09-11,2.95840334696913
2015-09-12,2.827393316763463
2015-09-13,2.854470090361108
2015-09-14,2.9370128851631048
2015-09-15,2.7905608974582035
2015-09-16,2.6349213802160754
2015-09-17,2.5480530825558327
2015-09-18,2.6245509331616104
2015-09-19,2.4659986208191804
2015-09-20,2.444054990040029
2015-09-21,2.3022309317274128
2015-09-22,2.381137907875989
2015-09-23,2.4203879972170967
2015-09-24,2.291157753999686
2015-09-25,2.340960795009116
2015-09-26,2.2846039624748586
2015-09-27,2.212794396923847
2015-09-28,2.1808157439670612
2015-09-29,2.426542963197427
2015-09-30,2.390677773388169
2015-10-01,2.258133565149686
2015-10-02,2.1512799853903397
2015-10-03,2.0262373645724745
2015-10-04,1.946796032862929
2015-10-05,1.8601096276572624
2015-10-06,1.8468832285401842
2015-10-07,2.0677591142558844
2015-10-08,2.1084676237063
2015-10-09,1.9965084212363617
2015-10-10,1.9179145769688135
2015-10-11,1.8522196476875379
2015-10-12,1.83521921619622
2015-10-13,1.8423892161489366
2015-10-14,1.8829781988163876
2015-10-15,1.9473594282893794
2015-10-16,1.914173191833132
2015-10-17,2.1999615984762855
2015-10-18,2.3648370349262082
2015-10-19,2.567104414701304
2015-10-20,2.553393780358515
2015-10-21,2.6525221872503377
2015-10-22,2.5930379663257916
2015-10-23,2.768253345119758
2015-10-24,2.6848642032053087
2015-10-25,2.717664256227334
2015-10-26,2.7799661104411766
2015-10-27,2.7053764855741522
2015-10-28,2.933389053704851
2015-10-29,3.106844350379354
2015-10-30,3.288267474424052
2015-10-31,3.6677462463633796
2015-11-01,4.093868604248463
2015-11-02,4.569829090779312
2015-11-03,5.531422225528079
2015-11-04,6.377159436988586
2015-11-05,6.075984640266215
2015-11-06,6.218225319063623
2015-11-07,6.091856058245557
2015-11-08,6.085004388367976
2015-11-09,6.03957716586398
2015-11-10,5.842491291416418
2015-11-11,6.776343483652323
2015-11-12,7.492004700777994
2015-11-13,8.195527490699869
2015-11-14,7.623039173078382
2015-11-15,7.115877422795542
2015-11-16,7.069796283322944
2015-11-17,7.051698066767305
2015-11-18,6.673132763477739
2015-11-19,6.22217326597325
2015-11-20,6.163738561420322
2015-11-21,5.834655712300705
2015-11-22,5.5270697845071055
2015-11-23,5.2016070310828075
2015-11-24,4.846911305651272
2015-11-25,4.667418651424677
2015-11-26,4.704483131812696
2015-11-27,5.447089978609573
2015-11-28,5.1593212998968605
2015-11-29,4.905429371146816
2015-11-30,5.047725462130679
2015-12-01,4.901126426218089
2015-12-02,5.00312919989271
2015-12-03,4.746910671484896
2015-12-04,4.445850745124066
2015-12-05,4.15711788304102
2015-12-06,4.636438362402329
2015-12-07,4.611565319342026
2015-12-08,4.292185493482087
2015-12-09,4.413791811217689
2015-12-10,4.303277756701728
2015-12-11,4.014333278350738
2015-12-12,4.828995495207824
2015-12-13,4.882107109465798
2015-12-14,4.552385631540472
2015-12-15,4.403215457003629
2015-12-16,4.67878724154805
2015-12-17,4.558174397473147
2015-12-18,4.251829413161357
2015-12-19,4.130539439323944
2015-12-20,3.9060807461382154
2015-12-21,4.1258040139601695
2015-12-22,3.948790481086125
2015-12-23,3.7266268122626958
2015-12-24,3.6623979787772845
2015-12-25,3.745941180392015
2015-12-26,3.5113706537930387
2015-12-27,4.324037148370698
2015-12-28,4.181425188682298
2015-12-29,3.9707729978173774
2015-12-30,3.95711427196577
2015-12-31,3.773356149702444
2016-01-01,3.604990566826118
2016-01-02,3.4742542545852206
2016-01-03,3.2859045789922785
2016-01-04,3.1524145307889957
2016-01-05,3.020956615076408
2016-01-06,2.888286726610829
2016-01-07,2.7169376905368585
2016-01-08,3.3276913693693295
2016-01-09,3.271438643206634
2016-01-10,3.1008935371213733
2016-01-11,2.9757535231230894
2016-01-12,2.8186281605479446
2016-01-13,2.714921768057737
2016-01-14,2.900241469409287
2016-01-15,2.8072931423531036
2016-01-16,4.581670905596622
2016-01-17,4.693639892893637
2016-01-18,4.474197359511154
2016-01-19,4.217691897509244
2016-01-20,4.080431000493457
2016-01-21,4.840984769304677
2016-01-22,4.535520779907384
2016-01-23,5.0315069533547785
2016-01-24,4.822958595344543
2016-01-25,4.962018996948733
2016-01-26,4.886699951345024
2016-01-27,4.60543355794681
2016-01-28,4.403973205472621
2016-01-29,4.553728674931827
2016-01-30,4.241772125988771
2016-01-31,4.040590187592938
2016-02-01,3.9637867176913164
2016-02-02,3.7299652195201243
2016-02-03,3.520393138518154
2016-02-04,3.45650849175077
2016-02-05,3.9950925864550677
2016-02-06,3.8466170162490383
2016-02-07,3.9274152674704514
2016-02-08,3.6841787604187624
2016-02-09,3.568602009964404
2016-02-10,3.3821884410976226
2016-02-11,3.364020263235152
2016-02-12,3.206021745178276
2016-02-13,3.1398664433549057
2016-02-14,3.13322986320654
2016-02-15,3.3811507507153684
2016-02-16,3.3001496482721984
2016-02-17,3.2981644159859544
2016-02-18,3.3407857684916036
2016-02-19,3.246693015144627
2016-02-20,3.0722201421117505
2016-02-21,3.5009029635426048
2016-02-22,3.341048950140851
2016-02-23,3.127242977765754
2016-02-24,3.4005116772044888
2016-02-25,3.235819655061235
2016-02-26,3.0365002265887866
2016-02-27,2.9492075406565617
2016-02-28,2.838085575458245
2016-02-29,2.6743611475238027
2016-03-01,2.6173985891541323
2016-03-02,2.545349928461398
2016-03-03,2.6030014853661827
2016-03-04,2.575212299870849
2016-03-05,2.6972193582588884
2016-03-06,2.8502436168371337
2016-03-07,2.847164421713236
2016-03-08,2.957352522561094
2016-03-09,2.8459938880818547
2016-03-10,2.666564196670446
2016-03-11,2.5977139275689725
2016-03-12,2.4676276903973386
2016-03-13,2.525564312378888
2016-03-14,2.4183469093758676
2016-03-15,2.290710257947826
2016-03-16,2.196631358998091
2016-03-17,2.0674316260305403
2016-03-18,1.9881500171830209
2016-03-19,2.159585144214684
2016-03-20,2.0372169772412194
2016-03-21,1.9731593977111705
2016-03-22,1.8772565998788533
2016-03-23,1.9004899571100944
2016-03-24,1.8137442722245363
2016-03-25,1.7521040596166837
2016-03-26,1.6557464804240145
2016-03-27,1.5627320332826344
2016-03-28,1.690542120994915
2016-03-29,1.6621893366331832
2016-03-30,1.7541483305423438
2016-03-31,1.7240670442855417
2016-04-01,1.6823613481853306
2016-04-02,1.6013995366511782
2016-04-03,1.609866515680008
2016-04-04,1.535410059809114
2016-04-05,1.4701008784547096
2016-04-06,1.49130464244987
2016-04-07,1.4444938430664631
2016-04-08,1.4218904353507946
2016-04-09,1.3989724325799235
2016-04-10,1.328180801403562
2016-04-11,1.312496548621702
2016-04-12,1.2654342451237577
2016-04-13,1.2964861755228994
2016-04-14,1.3058205312731108
2016-04-15,1.2572483087016513
2016-04-16,1.3161691133746567
2016-04-17,1.2715297924953068
2016-04-18,1.3154175104914998
2016-04-19,1.2679127990442527
2016-04-20,1.401725409497173
2016-04-21,1.4846286887761606
2016-04-22,1.6744418180701404
2016-04-23,1.6668389714222174
2016-04-24,1.653818735458179
2016-04-25,1.7724550464571738
2016-04-26,1.834691769267317
2016-04-27,1.7661824867564655
2016-04-28,2.2157991799175303
2016-04-29,2.136331651379005
2016-04-30,2.123570127638082
2016-05-01,2.2028178053759544
2016-05-02,2.184101353678113
2016-05-03,2.2547489275565877
2016-05-04,2.332095742336636
2016-05-05,2.329549964809295
2016-05-06,2.2413161869459297
2016-05-07,2.3971972770885017
2016-05-08,2.29750409352397
2016-05-09,2.176909999974408
2016-05-10,2.13307021397638
2016-05-11,2.302355787308233
2016-05-12,2.2042420857297946
2016-05-13,2.1349306666872483
2016-05-14,2.0224383410316826
2016-05-15,1.9292414143529624
2016-05-16,1.8576132091190423
2016-05-17,1.805415276410417
2016-05-18,1.772060204233594
2016-05-19,1.6831636261827838
2016-05-20,1.885777855122595
2016-05-21,1.7792378886897402
2016-05-22,1.6862386474540794
2016-05-23,1.7244606483950922
2016-05-24,1.7363045753285915
2016-05-25,1.7057341299234643
2016-05-26,1.6681364147983153
2016-05-27,1.6788863183658917
2016-05-28,2.1887213326863164
2016-05-29,3.6173457100271573
2016-05-30,3.54372895880374
2016-05-31,3.6080100812270532
2016-06-01,3.4692628791251847
2016-06-02,3.375456919453893
2016-06-03,3.1590103625844876
2016-06-04,3.6303044025905438
2016-06-05,3.4999642392783397
2016-06-06,3.282043905622619
2016-06-07,3.2595551565060603
2016-06-08,3.1805704877244194
2016-06-09,3.095750389578752
2016-06-10,3.0315931619075616
2016-06-11,2.853888882539596
2016-06-12,2.9628830370294637
2016-06-13,4.6287901751538785
2016-06-14,4.922888238001769
2016-06-15,4.8360266956577895
2016-06-16,4.610268749388047
2016-06-17,5.629025069313507
2016-06-18,5.492903210974681
2016-06-19,5.2130340583093995
2016-06-20,4.915815392695036
2016-06-21,4.945385595564863
2016-06-22,5.690839914771765
2016-06-23,6.644002660753794
2016-06-24,6.758180308697364
2016-06-25,6.859024091600257
2016-06-26,6.452450957912233
2016-06-27,6.561192895893893
2016-06-28,6.434737690083622
2016-06-29,6.016971228673643
2016-06-30,5.768027098318881
2016-07-01,5.957502480052409
2016-07-02,5.691766005446158
2016-07-03,5.721150488660271
2016-07-04,5.925006650390295
2016-07-05,5.742804518882576
2016-07-06,5.527090716029628
2016-07-07,5.25714298959844
2016-07-08,5.526471271064368
2016-07-09,5.641782874172298
2016-07-10,5.427948604371378
2016-07-11,5.1463288827422975
2016-07-12,4.783757126944826
2016-07-13,4.8915605587743425
2016-07-14,4.718817730389871
2016-07-15,4.415956930213043
2016-07-16,4.17777686273509
2016-07-17,3.9504410473967395
2016-07-18,3.9672759054862183
2016-07-19,3.7835454480211426
2016-07-20,3.5351457811064315
2016-07-21,3.419185197145467
2016-07-22,3.2487702102380402
2016-07-23,3.2305882450810746
2016-07-24,3.0218234288236707
2016-07-25,2.9186285645491874
2016-07-26,2.825772100015533
2016-07-27,2.6922074488570047
2016-07-28,2.571727952650097
2016-07-29,2.4579698909697627
2016-07-30,2.3583268168799956
2016-07-31,2.2679975986221454
2016-08-01,2.7813126060664417
2016-08-02,2.834261957840861
2016-08-03,5.061212457287724
2016-08-04,5.937129511284815
2016-08-05,5.700103167119216
2016-08-06,5.2982201130880116
2016-08-07,5.1588769018271865
2016-08-08,4.856224378797874
2016-08-09,4.581727481667787
2016-08-10,4.379946462091162
2016-08-11,4.231988718282789
2016-08-12,4.026284272960133
2016-08-13,3.792183594058939
2016-08-14,3.6183396279732243
2016-08-15,3.6620032810741674
2016-08-16,3.459610015644828
2016-08-17,3.469996442086902
2016-08-18,3.3815978010784007
2016-08-19,3.184736800524348
2016-08-20,3.014277305059785
2016-08-21,2.9737857130775485
2016-08-22,2.8221122693167753
2016-08-23,2.7412724851022214
2016-08-24,2.6362438041710763
2016-08-25,2.5479469012839684
2016-08-26,2.403240392716761
2016-08-27,2.259241422731341
2016-08-28,2.3313412659548463
2016-08-29,2.294642281903369
2016-08-30,2.193903547078691
2016-08-31,2.126441032753664
2016-09-01,2.0933024481281723
2016-09-02,1.9719460115083074
2016-09-03,1.8599919783419012
2016-09-04,2.2110327552227735
2016-09-05,2.3104639637613045
2016-09-06,2.18997842189182
2016-09-07,2.148905874950888
2016-09-08,2.114235355770301
2016-09-09,2.2019817574135434
2016-09-10,2.142464788648686
2016-09-11,2.025311744183379
2016-09-12,2.251994645183191
2016-09-13,2.1652729612809902
2016-09-14,2.035485090755447
2016-09-15,1.9234978369629208
2016-09-16,1.8688359946441053
2016-09-17,1.7596676189054448
2016-09-18,1.702393751857082
2016-09-19,1.6708572650767077
2016-09-20,1.5894891674055558
2016-09-21,1.5277784658268458
2016-09-22,1.6846639258741327
2016-09-23,1.6127880307495102
2016-09-24,1.6884512467917023
2016-09-25,1.6458090201716378
2016-09-26,1.6124512865138958
2016-09-27,1.6498416684566852
2016-09-28,1.5628721135881163
2016-09-29,1.5018660351890616
2016-09-30,1.429328756787049
2016-10-01,1.4032120511949264
2016-10-02,1.387539290011624
2016-10-03,1.3833782885268684
2016-10-04,1.3431351733905832
2016-10-05,1.3506586428843859
2016-10-06,1.339973133830745
2016-10-07,1.2901808953824132
2016-10-08,1.285079067609001
2016-10-09,1.2236446681828494
2016-10-10,1.1855200411885092
2016-10-11,1.1438769955268626
2016-10-12,1.6249868414807271
2016-10-13,1.6091662908483484
2016-10-14,1.521000300680013
2016-10-15,1.4750221528590064
2016-10-16,1.4445409178836364
2016-10-17,1.390483249506934
2016-10-18,1.3663395563996843
2016-10-19,1.3055572946417924
2016-10-20,1.3798585529973184
2016-10-21,1.320699348213541
2016-10-22,1.2598216637755337
2016-10-23,1.7746677140383529
2016-10-24,1.7709996460746713
2016-10-25,1.705650909908807
2016-10-26,1.6167410004662297
2016-10-27,2.0312187415178333
2016-10-28,2.071384519151192
2016-10-29,1.9801052525462368
2016-10-30,2.365640644459346
2016-10-31,2.4758224736953824
2016-11-01,2.3313195119484122
2016-11-02,2.71502803656652
2016-11-03,2.6362066116547704
2016-11-04,3.3728166787403544
2016-11-05,3.536393061998158
2016-11-06,3.3041359326364454
2016-11-07,3.1865790107188006
2016-11-08,3.045765199851671
2016-11-09,2.8981955365995584
2016-11-10,2.8747947521832904
2016-11-11,2.790167030882852
2016-11-12,2.621665049402514
2016-11-13,2.663532866713044
2016-11-14,2.53005098378036
2016-11-15,2.4135515391815576
2016-11-16,2.356246258709222
2016-11-17,2.691710293861405
2016-11-18,2.5479844577815225
2016-11-19,2.5239768584925777
2016-11-20,2.4109745787819676
2016-11-21,2.6127701201901288
2016-11-22,2.6011093692517404
2016-11-23,2.5840096620611455
2016-11-24,2.52578231868574
2016-11-25,2.444127310166359
2016-11-26,2.3010997482987485
2016-11-27,2.2761723775184612
2016-11-28,2.203535760013014
2016-11-29,2.1374030190323494
2016-11-30,2.020642252017142
2016-12-01,2.0742705770108687
2016-12-02,2.094593246294149
2016-12-03,2.2648982675498064
2016-12-04,2.2387036059485084
2016-12-05,2.125621961637491
2016-12-06,2.181537844579491
2016-12-07,2.181439365093182
2016-12-08,2.1635844051640243
2016-12-09,2.0368458997585437
2016-12-10,1.925800312360708
2016-12-11,1.8435340391146504
2016-12-12,1.80515242731112
2016-12-13,1.8434313599704786
2016-12-14,1.7374813845545105
2016-12-15,1.6821801109125953
2016-12-16,1.6182735053231925
2016-12-17,1.6004204519887235
2016-12-18,1.6235091940706752
2016-12-19,1.5396625360419725
2016-12-20,1.4697074082772665
2016-12-21,1.5386640808638918
2016-12-22,1.8940691824550782
2016-12-23,2.2620548336307964
2016-12-24,3.030928278020303
2016-12-25,3.1270827699815475
2016-12-26,2.947342823285193
2016-12-27,2.8450302394051774
2016-12-28,3.0815628410300744
2016-12-29,3.502481159194698
2016-12-30,3.3571197377106206
2016-12-31,3.2566701314238826
2017-01-01,3.096271671121964
2017-01-02,3.330079416794514
2017-01-03,3.283423715242906
2017-01-04,3.331125534292557
2017-01-05,4.195275566728619
2017-01-06,5.389881636826681
2017-01-07,6.26142749316775
2017-01-08,5.862788245491041
2017-01-09,5.543392747294423
2017-01-10,5.227333811681375
2017-01-11,4.9471770690780215
2017-01-12,6.300899667784149
2017-01-13,6.237588840193034
2017-01-14,5.92535450926777
2017-01-15,5.597131619769267
2017-01-16,5.221444255518489
2017-01-17,4.93984330158334
2017-01-18,5.745623699926782
2017-01-19,5.689120971676533
2017-01-20,5.58913470359259
2017-01-21,5.2541806842507315
2017-01-22,5.208837630708173
2017-01-23,4.869417347400677
2017-01-24,4.539594542523298
2017-01-25,4.569653272535952
2017-01-26,4.264529755058487
2017-01-27,4.275853689854141
2017-01-28,3.9881728776888643
2017-01-29,3.730552519930708
2017-01-30,3.5450919180149407
2017-01-31,3.400907125190561
2017-02-01,3.765827133223612
2017-02-02,3.729608556219978
2017-02-03,3.77394858898186
2017-02-04,3.5597028636155885
2017-02-05,3.571613288266225
2017-02-06,3.551766425885137
2017-02-07,3.4101919568667474
2017-02-08,3.538197859734195
2017-02-09,3.322313204916047
2017-02-10,3.9753370246549466
2017-02-11,3.8836371894386237
2017-02-12,3.781658771316799
2017-02-13,3.646801718270818
2017-02-14,3.4295527064261204
2017-02-15,3.3251207819886512
2017-02-16,3.1186997762501805
2017-02-17,3.1591134399603793
2017-02-18,3.210268996813693
2017-02-19,3.003811707581958
2017-02-20,2.8678402645238914
2017-02-21,3.053878255730886
2017-02-22,3.314242366088939
2017-02-23,3.1406624702001626
2017-02-24,3.5817816441935624
2017-02-25,3.42543704578827
2017-02-26,3.467872376841048
2017-02-27,3.5096072347955674
2017-02-28,3.4228192042852164
2017-03-01,3.238722242326179
2017-03-02,3.3789606864193606
2017-03-03,3.4551735406080994
2017-03-04,3.482206990832932
2017-03-05,3.475205738537301
2017-03-06,3.3557059250538903
2017-03-07,3.1731304342736997
2017-03-08,3.3762851691360027
2017-03-09,3.971824040823386
2017-03-10,4.125557320654825
2017-03-11,4.573299036610698
2017-03-12,4.901920556269763
2017-03-13,5.062784534998292
2017-03-14,4.845006124376905
2017-03-15,4.523842030299074
2017-03-16,4.306133593625613
2017-03-17,4.805051167107281
2017-03-18,5.511446681693252
2017-03-19,6.254793786716028
2017-03-20,6.387511143958593
2017-03-21,6.113876751756435
2017-03-22,6.58127495855931
2017-03-23,6.879750776554073
2017-03-24,6.457559093226824
2017-03-25,7.138721102967288
2017-03-26,6.935231972405105
2017-03-27,6.453710437535507
2017-03-28,6.983242730613376
2017-03-29,6.4946116063308725
2017-03-30,6.106472316868068
2017-03-31,5.694658161977207
2017-04-01,5.6964606252397765
2017-04-02,5.423071277298079
2017-04-03,5.103095452929538
2017-04-04,5.492384783847188
2017-04-05,5.126040798776964
2017-04-06,4.85072154249683
2017-04-07,5.105482260091198
2017-04-08,4.757249428913071
2017-04-09,4.49374122383591
2017-04-10,4.393834230699496
2017-04-11,4.107154849522066
2017-04-12,3.9096773230027515
2017-04-13,3.7154399359941968
2017-04-14,3.8341966603207087
2017-04-15,3.6104867751265464
2017-04-16,3.3881265634602302
2017-04-17,3.2767840124897787
2017-04-18,3.196510419147122
2017-04-19,3.2457888630387806
2017-04-20,3.0342100486319588
2017-04-21,3.1345173208156574
2017-04-22,3.009188583765433
2017-04-23,2.915508111376436
2017-04-24,2.80099947635992
2017-04-25,2.7221685527036783
2017-04-26,2.686009989821394
2017-04-27,2.6858741486087534
2017-04-28,2.9302391687864526
2017-04-29,2.7609395460993023
2017-04-30,2.5932300114902285
2017-05-01,2.5746198968267717
2017-05-02,2.779298034724306
2017-05-03,3.1112928129435127
2017-05-04,3.377676791735008
2017-05-05,3.4183038460351507
2017-05-06,3.3591147722910626
2017-05-07,3.4754156745772242
2017-05-08,3.2840909579432846
2017-05-09,3.850272819385545
2017-05-10,4.109855164955066
2017-05-11,4.186936582142927
2017-05-12,4.271465113960315
2017-05-13,4.8744281808886285
2017-05-14,5.138242420254166
2017-05-15,4.8077720348006725
2017-05-16,4.968089216588967
2017-05-17,4.662618833083104
2017-05-18,4.924622296845461
2017-05-19,5.226844920523761
2017-05-20,5.352304844284888
2017-05-21,5.300276519509026
2017-05-22,4.9298598210164135
2017-05-23,5.066775656251093
2017-05-24,5.6723184883707995
2017-05-25,6.096409980264642
2017-05-26,6.244471694649042
2017-05-27,5.855536585457182
2017-05-28,6.6922968483634255
2017-05-29,6.994038938720869
2017-05-30,7.08227469150401
2017-05-31,6.977909678206432
2017-06-01,6.9564298214439
2017-06-02,7.027513398495691
2017-06-03,6.860171778900462
2017-06-04,6.583855944208384
2017-06-05,6.1518448216818475
2017-06-06,6.496268393099784
2017-06-07,6.82587994338843
2017-06-08,7.097299653880439
2017-06-09,7.100836770638626
2017-06-10,6.6244075113359955
2017-06-11,6.448368320470078
2017-06-12,6.181754956997783
2017-06-13,6.885264312282249
2017-06-14,6.518414135834789
2017-06-15,7.138644278853254
2017-06-16,6.721153124429763
2017-06-17,6.5020556742809354
2017-06-18,6.7158513615331
2017-06-19,6.693450612420392
2017-06-20,6.567692582321953
2017-06-21,6.727966093311455
2017-06-22,6.561748803422882
2017-06-23,6.315719755662565
2017-06-24,5.972110235133366
2017-06-25,6.0684211620785415
2017-06-26,5.866463414792889
2017-06-27,5.798459256387077
2017-06-28,6.089314371913776
2017-06-29,5.676979917758131
2017-06-30,5.353102822739866
2017-07-01,5.30332330208511
2017-07-02,5.164638649049012
2017-07-03,5.246592091204126
2017-07-04,5.0795894569616475
2017-07-05,4.920541619437236
2017-07-06,4.591661004636484
2017-07-07,4.294063714935529
2017-07-08,4.429184334312908
2017-07-09,4.343315532622397
2017-07-10,4.254850088822202
2017-07-11,4.813396216052232
2017-07-12,4.565665521565104
2017-07-13,4.6683029311430015
2017-07-14,4.567691278520473
2017-07-15,4.872297342806512
2017-07-16,5.9023654692315235
2017-07-17,5.770452867031591
2017-07-18,7.418299370790167
2017-07-19,7.260668617732179
2017-07-20,6.900643329945251
2017-07-21,9.89107965945111
2017-07-22,9.903765928202331
2017-07-23,9.828308572357777
2017-07-24,9.374479764088685
2017-07-25,8.674501994376424
2017-07-26,8.795828314052722
2017-07-27,8.2866083161767
2017-07-28,8.303556198798365
2017-07-29,8.144941182804915
2017-07-30,7.901208988902751
2017-07-31,7.55858058787415
2017-08-01,7.466080710878997
2017-08-02,7.384258989794738
2017-08-03,6.943414792121559
2017-08-04,6.808115228860455
2017-08-05,6.550374567441499
2017-08-06,7.849020652623469
2017-08-07,7.392856885296755
2017-08-08,7.433906687483242
2017-08-09,6.946314681260314
2017-08-10,6.652681946483159
2017-08-11,6.3952324326511345
2017-08-12,6.737671101984667
2017-08-13,6.9188253466763765
2017-08-14,7.00863398082682
2017-08-15,7.221594636927411
2017-08-16,7.0634751306399295
2017-08-17,7.166211464028422
2017-08-18,6.885847650667624
2017-08-19,6.828769642122215
2017-08-20,6.333682928078427
2017-08-21,5.983199345119463
2017-08-22,5.74306469999466
2017-08-23,5.606725951397876
2017-08-24,5.256661956816042
2017-08-25,5.438890133226415
2017-08-26,5.189773068525016
2017-08-27,4.886403090775409
2017-08-28,4.544537774914575
2017-08-29,4.331799105186356
2017-08-30,4.580153591132233
2017-08-31,4.286204600760194
2017-09-01,4.408802998955571
2017-09-02,4.57606047405234
2017-09-03,5.022375919350157
2017-09-04,4.67053083925335
2017-09-05,5.186833825881263
2017-09-06,5.141104106135552
2017-09-07,5.344038269407245
2017-09-08,4.9726795557435315
2017-09-09,5.3838558373611445
2017-09-10,5.018557655350976
2017-09-11,4.87802829777161
2017-09-12,4.593151495204305
2017-09-13,4.371388026035522
2017-09-14,4.946812512655787
2017-09-15,6.879396275322942
2017-09-16,8.178917934660436
2017-09-17,7.622582949089639
2017-09-18,7.1014156471281
2017-09-19,8.029156735087158
2017-09-20,7.989469691660561
2017-09-21,7.42929075130185
2017-09-22,7.617023686590156
2017-09-23,7.065760973534606
2017-09-24,7.077004936829258
2017-09-25,6.881414112814636
2017-09-26,7.193252010839192
2017-09-27,6.743997740492139
2017-09-28,7.204256487344015
2017-09-29,6.7105987203642865
2017-09-30,6.273668963440085
2017-10-01,6.264670498078244
2017-10-02,5.931768380468675
2017-10-03,5.525760450876813
2017-10-04,5.321463833369501
2017-10-05,5.1898143140794755
2017-10-06,5.038776928501449
2017-10-07,4.840687686659278
2017-10-08,4.652525306689385
2017-10-09,4.796915905185067
2017-10-10,4.887991625143613
2017-10-11,4.589430668674871
2017-10-12,4.440050368970287
2017-10-13,5.835502616421343
2017-10-14,5.860443664424928
2017-10-15,5.734282997039874
2017-10-16,5.552528529624378
2017-10-17,5.278064629499867
2017-10-18,5.188883831034386
2017-10-19,4.860089213703487
2017-10-20,4.7559683941025614
2017-10-21,5.010394326925753
2017-10-22,4.714903475951177
2017-10-23,4.473994492481451
2017-10-24,4.34903939543863
2017-10-25,4.738585957200677
2017-10-26,4.862501344579874
2017-10-27,4.831375829374358
2017-10-28,4.716498553662571
2017-10-29,4.472777302027286
2017-10-30,5.043366256492575
2017-10-31,4.727769924977103
2017-11-01,5.016239211612352
2017-11-02,5.232699968495715
2017-11-03,5.366786579481244
2017-11-04,5.1679835893757575
2017-11-05,5.196803318396485
2017-11-06,4.861720116397797
2017-11-07,5.14922126436152
2017-11-08,5.050345511343858
2017-11-09,5.2272262108185945
2017-11-10,5.309936897752205
2017-11-11,5.8515271707573655
2017-11-12,5.819510702558547
2017-11-13,6.283819527090669
2017-11-14,7.19649286274121
2017-11-15,6.794889672272545
2017-11-16,7.549466006714121
2017-11-17,7.878213011657994
2017-11-18,7.518998010148663
2017-11-19,7.085097039796637
2017-11-20,6.9174011417974155
2017-11-21,6.69899419909781
2017-11-22,6.379684151686069
2017-11-23,6.071886060047372
2017-11-24,5.932275368982078
2017-11-25,5.802142707352598
2017-11-26,6.14183294096965
2017-11-27,6.451355127017798
2017-11-28,6.529574108944895
2017-11-29,6.230300698606179
2017-11-30,5.831497287240533
2017-12-01,5.54402907249594
2017-12-02,6.2513799127260254
2017-12-03,5.814027837063474
2017-12-04,5.79735826876542
2017-12-05,5.751599761992342
2017-12-06,5.387458720784827
2017-12-07,7.180137688390831
2017-12-08,9.407504334276403
2017-12-09,9.198326694248061
2017-12-10,9.326939160013243
2017-12-11,8.651553641454282
2017-12-12,9.42873731679809
2017-12-13,8.805354772483126
2017-12-14,8.385454458312015
2017-12-15,7.839564338961245
2017-12-16,8.008086824000388
2017-12-17,8.568831613829335
2017-12-18,8.045499690809097
2017-12-19,7.449389647841645
2017-12-20,7.623911295002926
2017-12-21,7.832264140282815
2017-12-22,7.819573207856706
2017-12-23,8.416680968013425
2017-12-24,8.271363309717998
2017-12-25,7.981156598276385
2017-12-26,7.564825995943916
2017-12-27,8.613142755082617
2017-12-28,8.224772872651195
2017-12-29,8.240778983176327
2017-12-30,7.7129617277639335
2017-12-31,8.545213784381508
2018-01-01,9.050080853327925
2018-01-02,8.738227706270937
2018-01-03,9.207715045926614
2018-01-04,8.671739561687765
2018-01-05,8.098449948756159
2018-01-06,8.998890355189603
2018-01-07,8.361702307108233
2018-01-08,8.314373878418284
2018-01-09,8.549224666141837
2018-01-10,8.257735544495727
2018-01-11,8.027962606263262
2018-01-12,8.736365066776935
2018-01-13,8.494557635115791
2018-01-14,8.23123589002867
2018-01-15,8.17110662075406
2018-01-16,7.588754347137602
2018-01-17,9.61769379988217
2018-01-18,8.944470115568414
2018-01-19,8.286340271170895
2018-01-20,8.19276932672222
2018-01-21,8.948574321788062
2018-01-22,9.396421839992012
2018-01-23,9.402564009603504
2018-01-24,8.695939545843947
2018-01-25,8.615008978307909
2018-01-26,8.120627082997329
2018-01-27,7.590348114403873
2018-01-28,7.433377059935989
2018-01-29,7.26162057235607
2018-01-30,7.304809573863843
2018-01-31,7.79940150414822
2018-02-01,7.247944501857096
2018-02-02,7.91956744902189
2018-02-03,7.733642802868607
2018-02-04,7.570867083553195
2018-02-05,8.306002546085116
2018-02-06,9.552764121410206
2018-02-07,10.011281863745063
2018-02-08,9.302634504741569
2018-02-09,8.848828242457095
2018-02-10,9.53766084171498
2018-02-11,8.979532647502168
2018-02-12,8.888691338279838
2018-02-13,9.431827523216203
2018-02-14,9.137505800399987
2018-02-15,9.68600595340856
2018-02-16,9.598624540233793
2018-02-17,9.01930541101738
2018-02-18,9.33653260182795
2018-02-19,9.262518804453775
2018-02-20,9.405754502673581
2018-02-21,8.706654002326296
2018-02-22,8.794385081636896
2018-02-23,8.778106390130514
2018-02-24,8.470058114932986
2018-02-25,8.289823892889961
2018-02-26,7.776258819266957
2018-02-27,8.09204030039629
2018-02-28,7.740382961521207
2018-03-01,7.404274180791848
2018-03-02,7.521233793979954
2018-03-03,7.068012672581254
2018-03-04,6.985707712789145
2018-03-05,6.502673095458286
2018-03-06,6.088999123336303
2018-03-07,6.377991616848453
2018-03-08,6.774726175617914
2018-03-09,6.999548594004661
2018-03-10,6.537866219580726
2018-03-11,6.607046432375107
2018-03-12,7.169264145283615
2018-03-13,7.097106176169689
2018-03-14,6.576547974407644
2018-03-15,7.373295907773712
2018-03-16,6.906954750040512
2018-03-17,6.406030007677794
2018-03-18,6.5246101598290815
2018-03-19,6.590447074664482
2018-03-20,6.691968081465624
2018-03-21,6.6130437645294595
2018-03-22,6.164156348694152
2018-03-23,5.916070308890841
2018-03-24,5.712021945417694
2018-03-25,5.738993301385466
2018-03-26,5.4289231855934865
2018-03-27,5.483156112372373
2018-03-28,5.555544502151319
2018-03-29,5.378211859398238
2018-03-30,6.322924519150928
2018-03-31,6.247907820644729
2018-04-01,5.921384002319026
2018-04-02,5.670318737855809
2018-04-03,5.677328599572479
2018-04-04,5.855169576298194
2018-04-05,6.393345654166898
2018-04-06,5.972884641823967
2018-04-07,5.814822255390147
2018-04-08,5.919280947646079
2018-04-09,5.6866211362556225
2018-04-10,5.648162896673988
2018-04-11,5.334536148021844
2018-04-12,5.131707953582271
2018-04-13,6.570532910700605
2018-04-14,6.155732652742705
2018-04-15,5.875369090407819
2018-04-16,5.973210018324564
2018-04-17,5.923089733307348
2018-04-18,5.739735480185993
2018-04-19,5.7511599954053905
2018-04-20,5.474463813444701
2018-04-21,5.930963363629665
2018-04-22,5.564414764070115
2018-04-23,5.326432335913715
2018-04-24,5.132382304607315
2018-04-25,5.712213582809653
2018-04-26,6.208856990337451
2018-04-27,6.278380667668685
2018-04-28,6.236625865787981
2018-04-29,6.351531362920279
2018-04-30,5.960991714793874
2018-05-01,5.731721210291833
2018-05-02,5.5276260580270815
2018-05-03,5.3492128073130925
2018-05-04,5.617768401448576
2018-05-05,5.262982642106019
2018-05-06,5.058806314611918
2018-05-07,4.9327109994584895
2018-05-08,4.9247872482235096
2018-05-09,4.789981006869474
2018-05-10,4.599942095062277
2018-05-11,4.6505610609887205
2018-05-12,5.109068195349709
2018-05-13,4.826795608204136
2018-05-14,4.778804358621029
2018-05-15,4.475330857399755
2018-05-16,4.425542592444348
2018-05-17,4.296026074296155
2018-05-18,4.391113107696467
2018-05-19,4.372810716904871
2018-05-20,4.091031465951036
2018-05-21,4.2360724542404204
2018-05-22,4.138434168006045
2018-05-23,4.409896938974944
2018-05-24,4.797825772527944
2018-05-25,4.564002098356722
2018-05-26,4.422796022896422
2018-05-27,4.303280491707567
2018-05-28,4.012235016087836
2018-05-29,4.109217540762339
2018-05-30,4.451379795237005
2018-05-31,4.274974484762985
2018-06-01,4.145162888569382
2018-06-02,3.9057635127774755
2018-06-03,3.8188608967748974
2018-06-04,3.664638738191179
2018-06-05,3.7535857819600142
2018-06-06,3.711158281920863
2018-06-07,3.502073739264449
2018-06-08,3.3067829002251377
2018-06-09,3.222370034376182
2018-06-10,3.180645384035646
2018-06-11,4.247102958982614
2018-06-12,4.132164897136845
2018-06-13,4.423310344635637
2018-06-14,4.527034952071764
2018-06-15,4.875549438514725
2018-06-16,4.950361495796927
2018-06-17,4.765703794634456
2018-06-18,4.498707159833141
2018-06-19,4.672741542092481
2018-06-20,4.384107092932843
2018-06-21,4.103947771323172
2018-06-22,3.9015836633884264
2018-06-23,4.914833235591657
2018-06-24,4.763200206673281
2018-06-25,4.463377568184857
2018-06-26,4.366238183588627
2018-06-27,4.390287341427305
2018-06-28,4.197604269945088
2018-06-29,4.4317847012215905
2018-06-30,4.844467265499214
2018-07-01,4.8659436330082535
2018-07-02,4.589666117973148
2018-07-03,4.754437397610413
2018-07-04,4.594732293329532
2018-07-05,4.3955494417905365
2018-07-06,4.1954142374091985
2018-07-07,4.042476499939506
2018-07-08,4.023714005591142
2018-07-09,3.8313140480210635
2018-07-10,3.662874640733438
2018-07-11,4.062042959188763
2018-07-12,3.9266139651588436
2018-07-13,3.8863766281851726
2018-07-14,3.695737569009287
2018-07-15,3.5068409273807606
2018-07-16,3.456363167387205
2018-07-17,3.9600470804707406
2018-07-18,4.828443588758041
2018-07-19,4.580950014488599
2018-07-20,4.385262254321269
2018-07-21,4.276855937780739
2018-07-22,4.069125521839407
2018-07-23,3.809546470610928
2018-07-24,4.088892556157282
2018-07-25,4.930477638387963
2018-07-26,4.877245590112509
2018-07-27,4.883497563696044
2018-07-28,4.937705316349195
2018-07-29,4.6292506537941405
2018-07-30,4.336220535947882
2018-07-31,4.096233622914756
2018-08-01,4.446041355345663
2018-08-02,4.322900651970363
2018-08-03,4.145683539150434
2018-08-04,4.024139846136016
2018-08-05,4.392503374526413
2018-08-06,4.100222958086298
2018-08-07,3.96636459290496
2018-08-08,4.047174086877934
2018-08-09,4.537628715913247
2018-08-10,4.685326623391105
2018-08-11,5.040870464649982
2018-08-12,4.8425554865277896
2018-08-13,4.634468683851338
2018-08-14,4.425846890810549
2018-08-15,4.229124819329366
2018-08-16,4.078737026201063
2018-08-17,3.87227553037313
2018-08-18,4.134116018479179
2018-08-19,4.18773948884141
2018-08-20,4.055811559625109
2018-08-21,4.168616249751495
2018-08-22,4.311352884642415
2018-08-23,4.221596694349056
2018-08-24,4.231662530587756
2018-08-25,4.218583611019274
2018-08-26,4.0088095854116235
2018-08-27,3.8003282821227367
2018-08-28,3.9132215421598833
2018-08-29,3.9297237014237005
2018-08-30,3.74175145418487
2018-08-31,3.5714944889215685
2018-09-01,3.3655441160446995
2018-09-02,3.461691896214551
2018-09-03,3.390318411173597
2018-09-04,3.234643578885522
2018-09-05,3.16974618988512
2018-09-06,4.118986487329705
2018-09-07,4.14663906470739
2018-09-08,4.071678645697733
2018-09-09,4.166017987016423
2018-09-10,3.9948076347390713
2018-09-11,3.8273006564528433
2018-09-12,3.609499874484108
2018-09-13,3.4385354139870996
2018-09-14,3.4847779677953024
2018-09-15,3.28319542281367
2018-09-16,3.125568160998515
2018-09-17,2.9506486790998983
2018-09-18,3.221075690217052
2018-09-19,3.167374554507009
2018-09-20,3.053043043521195
2018-09-21,3.0327122083337406
2018-09-22,3.3440054427891663
2018-09-23,3.191777517054357
2018-09-24,3.0191141762806977
2018-09-25,3.0402075487958444
2018-09-26,3.07615106381032
2018-09-27,2.896296448917467
2018-09-28,3.1332031566154166
2018-09-29,3.027554013745297
2018-09-30,2.904578378809575
2018-10-01,2.7600760608876582
2018-10-02,2.620736016574845
2018-10-03,2.6073798520517104
2018-10-04,2.4812685316297665
2018-10-05,2.4707809147334925
2018-10-06,2.3805697378512165
2018-10-07,2.3119268561978585
2018-10-08,2.195169710552988
2018-10-09,2.1547479206281266
2018-10-10,2.0625831840923845
2018-10-11,1.9918541493463118
2018-10-12,2.60727415401788
2018-10-13,2.5177701358801596
2018-10-14,2.4142654650878104
2018-10-15,2.266888276227644
2018-10-16,3.014999269224294
2018-10-17,2.8224401099443535
2018-10-18,2.6831902659684372
2018-10-19,2.7222074105469307
2018-10-20,2.7079359285742157
2018-10-21,2.63360309835895
2018-10-22,2.4776441536189218
2018-10-23,2.3500782904952575
2018-10-24,2.2620481605448632
2018-10-25,2.132700112296178
2018-10-26,2.076654995078835
2018-10-27,1.9582108491284238
2018-10-28,1.9079442259438621
2018-10-29,1.8330990104374956
2018-10-30,1.991157849989768
2018-10-31,1.907589776067675
2018-11-01,1.8604987953881758
2018-11-02,1.810499902573206
2018-11-03,1.7367376496277995
2018-11-04,1.72677993781681
2018-11-05,1.8070834600881054
2018-11-06,1.7414470179947308
2018-11-07,1.7219575865705672
2018-11-08,1.7208810934730536
2018-11-09,1.7993574221725963
2018-11-10,1.8064181749988695
2018-11-11,1.7122969010004716
2018-11-12,1.6316751029371235
2018-11-13,1.5456990495532332
2018-11-14,1.4635063276605107
2018-11-15,2.669472128966288
2018-11-16,2.831537895102158
2018-11-17,2.8458218981236554
2018-11-18,2.7276232711851383
2018-11-19,2.613670688063313
2018-11-20,4.480999384077106
2018-11-21,5.017038154790801
2018-11-22,4.918231639313741
2018-11-23,5.29398919499288
2018-11-24,5.040826302629976
2018-11-25,6.060502014646245
2018-11-26,6.073832637014447
2018-11-27,6.2470132003641785
2018-11-28,5.815441560937497
2018-11-29,6.635667462047622
2018-11-30,6.216749291850076
2018-12-01,6.431122277561352
2018-12-02,6.384569416805194
2018-12-03,5.997919624048676
2018-12-04,6.322464527550648
2018-12-05,6.051351142581724
2018-12-06,6.123718171432257
2018-12-07,6.4696975548866416
2018-12-08,6.322981196094701
2018-12-09,5.870748680476093
2018-12-10,5.906148569026527
2018-12-11,5.828294953844761
2018-12-12,5.577436873604054
2018-12-13,5.390811187433075
2018-12-14,5.469660993816982
2018-12-15,5.33932577289791
2018-12-16,5.009686572807118
2018-12-17,4.705052404436584
2018-12-18,5.465092186552054
2018-12-19,5.556322530146983
2018-12-20,5.1734441177491455
2018-12-21,6.137363100814082
2018-12-22,6.2734603536159765
2018-12-23,6.142760665285201
2018-12-24,5.755470837555591
2018-12-25,5.563397204558791
2018-12-26,5.914992323386668
2018-12-27,5.57288029483565
2018-12-28,5.802041359702695
2018-12-29,6.304760659131634
2018-12-30,6.256685760647153
2018-12-31,6.128954396114141
2019-01-01,5.968610573447184
2019-01-02,5.824906142680374
2019-01-03,5.5817812993807
2019-01-04,5.44399421910417
2019-01-05,5.119962405850794
2019-01-06,4.826192451185856
2019-01-07,5.1840977289275045
2019-01-08,4.859011977853228
2019-01-09,4.582333376164675
2019-01-10,4.284836585390048
2019-01-11,5.184127965752843
2019-01-12,4.853412166357088
2019-01-13,4.576538626831046
2019-01-14,4.590463550605939
2019-01-15,4.784019185474175
2019-01-16,4.674082558180544
2019-01-17,4.464609904852584
2019-01-18,4.222846191047712
2019-01-19,4.006552968710399
2019-01-20,3.957669727302163
2019-01-21,4.078978596138995
2019-01-22,3.8492175653544227
2019-01-23,3.726123665352171
2019-01-24,3.5410657917033013
2019-01-25,3.3489172150720106
2019-01-26,3.153374739972254
2019-01-27,2.9605999275171553
2019-01-28,2.8246628957229607
2019-01-29,3.0256735520249443
2019-01-30,2.913167633954488
2019-01-31,2.8809756372679023
2019-02-01,2.7821354897850834
2019-02-02,2.690238278403906
2019-02-03,2.6569572008930677
2019-02-04,2.6444814726131276
2019-02-05,2.482558421034798
2019-02-06,2.3439663733522873
2019-02-07,2.4212065021017137
2019-02-08,2.3051030122571556
2019-02-09,3.233959641732664
2019-02-10,3.0294077896877787
2019-02-11,2.8691149391036235
2019-02-12,2.840145855197932
2019-02-13,2.6700983475849163
2019-02-14,2.5779003185614804
2019-02-15,2.4835740555632317
2019-02-16,2.355714291414914
2019-02-17,2.250714463979172
2019-02-18,2.266910752330799
2019-02-19,2.9804825180829035
2019-02-20,2.803564971193436
2019-02-21,2.805340028720776
2019-02-22,2.725248745609705
2019-02-23,2.614888611955886
2019-02-24,2.9406747977213947
2019-02-25,3.945708375699051
2019-02-26,3.9382717974657884
2019-02-27,3.7342736009961026
2019-02-28,3.498111729145336
2019-03-01,3.2902012121565325
2019-03-02,3.0903699523120856
2019-03-03,2.910640292107998
2019-03-04,2.7695727337485203
2019-03-05,2.8729068814676078
2019-03-06,3.161306304903451
2019-03-07,2.9568416520550787
2019-03-08,2.790082152085987
2019-03-09,2.648477571224636
2019-03-10,2.717881860517048
2019-03-11,2.6281881687785784
2019-03-12,2.598398530515418
2019-03-13,2.4566122160669
2019-03-14,2.3617201986215113
2019-03-15,2.237601084879839
2019-03-16,2.235146444821692
2019-03-17,2.347310255604359
2019-03-18,2.2807731272945926
2019-03-19,2.1482081160067388
2019-03-20,2.0893171677027045
2019-03-21,2.033514462310373
2019-03-22,2.093091288750748
2019-03-23,1.973048099376049
2019-03-24,1.9003930775467808
2019-03-25,1.837169998705408
2019-03-26,1.895789900608764
2019-03-27,1.8088948015742876
2019-03-28,1.9788855533466163
2019-03-29,1.900294154104358
2019-03-30,2.0100473089975384
2019-03-31,1.8932242335592022
2019-04-01,1.8018236500783296
2019-04-02,1.8049242801428045
2019-04-03,5.161782151693
2019-04-04,4.966882960097014
2019-04-05,4.699733223555548
2019-04-06,4.618927914377986
2019-04-07,4.376415615349153
2019-04-08,4.364179052457681
2019-04-09,4.2040268245507
2019-04-10,4.1035974011698535
2019-04-11,4.185318353505775
2019-04-12,4.534303292394565
2019-04-13,4.278739806547313
2019-04-14,4.0023872257295885
2019-04-15,3.922742314134486
2019-04-16,3.8909946074343
2019-04-17,3.9767168649911286
2019-04-18,3.760617017898768
2019-04-19,3.62286932657693
2019-04-20,3.3928274885484524
2019-04-21,3.2310299143135413
2019-04-22,3.102499972420865
2019-04-23,3.1226499269376067
2019-04-24,3.2197975843829485
2019-04-25,3.1734784265949636
2019-04-26,3.3825189082999874
2019-04-27,3.3654623807408277
2019-04-28,3.1920537616532307
2019-04-29,2.9973690245664675
2019-04-30,2.9556378438979998
2019-05-01,2.9445234804884963
2019-05-02,2.8839882866767206
2019-05-03,2.9363681165375803
2019-05-04,3.391745293222764
2019-05-05,3.272957033966277
2019-05-06,3.1679194648342377
2019-05-07,3.0241353010366345
2019-05-08,3.0246153569461454
2019-05-09,3.113133389903938
2019-05-10,3.362695752114225
2019-05-11,3.4528207565277627
2019-05-12,4.721746984122518
2019-05-13,4.565395310573954
2019-05-14,5.781371625685844
2019-05-15,5.589580368570232
2019-05-16,5.509396862071297
2019-05-17,5.527358487043371
2019-05-18,5.877089853425505
2019-05-19,5.600856885136183
2019-05-20,6.74441748172795
2019-05-21,6.527718363112137
2019-05-22,6.100476737972187
2019-05-23,6.0419856641716185
2019-05-24,5.937890980363678
2019-05-25,5.6642826826628285
2019-05-26,5.332407245919314
2019-05-27,5.847666211628177
2019-05-28,5.606143601927584
2019-05-29,5.262191337933397
2019-05-30,4.982402120864652
2019-05-31,5.121143631556469
2019-06-01,5.162189541198934
2019-06-02,4.820705481469754
2019-06-03,4.724729890933686
2019-06-04,5.215229544450957
2019-06-05,5.44446093183184
2019-06-06,5.179313034094141
2019-06-07,4.8135961748673886
2019-06-08,4.762327728040767
2019-06-09,4.554427585111778
2019-06-10,4.615556922766245
2019-06-11,4.852132389354919
2019-06-12,4.6513214764101765
2019-06-13,4.686752471586585
2019-06-14,4.479473047357229
2019-06-15,4.805974697794226
2019-06-16,4.675374082177871
2019-06-17,4.532277531994985
2019-06-18,4.697294923042494
2019-06-19,4.647853225727694
2019-06-20,4.5403142500907645
2019-06-21,4.553976338556902
2019-06-22,5.070533825991793
2019-06-23,5.387608193729497
2019-06-24,5.185102457517221
2019-06-25,4.9677369032707315
2019-06-26,5.463726859667099
2019-06-27,6.419139178319661
2019-06-28,7.632243683459283
2019-06-29,8.184596160252735
2019-06-30,7.997125636937757
2019-07-01,8.398269146088206
2019-07-02,7.9839372696153035
2019-07-03,7.603634868666797
2019-07-04,8.242505308294946
2019-07-05,8.354690190390212
2019-07-06,7.886825085458317
2019-07-07,7.58107510651893
2019-07-08,7.151055923414307
2019-07-09,7.483161442130206
2019-07-10,7.199801677764376
2019-07-11,7.0405077227504345
2019-07-12,7.225959810197415
2019-07-13,7.105096386276326
2019-07-14,6.948285183866952
2019-07-15,7.663767500244856
2019-07-16,7.852630678883959
2019-07-17,8.816978142342602
2019-07-18,8.405398783415514
2019-07-19,8.938099376224208
2019-07-20,8.374554421220996
2019-07-21,7.982417552050464
2019-07-22,7.530320706779386
2019-07-23,7.219394512812727
2019-07-24,7.185871518348981
2019-07-25,6.7648895337672394
2019-07-26,6.3902032081984625
2019-07-27,5.989908127026404
2019-07-28,5.9456726797559485
2019-07-29,5.581138825160482
2019-07-30,5.227991183269699
2019-07-31,4.925681134428305
2019-08-01,5.2155332111132715
2019-08-02,5.182869807878532
2019-08-03,4.972149407786444
2019-08-04,4.943733195957039
2019-08-05,4.705582028980737
2019-08-06,5.40403285099898
2019-08-07,5.3431564072142095
2019-08-08,5.4696897451721425
2019-08-09,5.088614052823563
2019-08-10,4.843926745499601
2019-08-11,5.0490829709782705
2019-08-12,4.9336630738399245
2019-08-13,4.737434971437549
2019-08-14,4.905897464050541
2019-08-15,5.475562036716787
2019-08-16,5.359686669776287
2019-08-17,5.0066081551555435
2019-08-18,4.781469256920133
2019-08-19,4.538761040228759
2019-08-20,4.945173474288335
2019-08-21,4.757391667287
2019-08-22,5.085454154387998
2019-08-23,4.78061109006224
2019-08-24,4.778837130800526
2019-08-25,4.718149366899842
2019-08-26,4.39186390825125
2019-08-27,4.348409212884423
2019-08-28,4.251936359986223
2019-08-29,4.4806500907973925
2019-08-30,4.426573006034507
2019-08-31,4.2152324548175315
2019-09-01,3.9352027526981694
2019-09-02,3.8277849656079077
2019-09-03,4.360800700468649
2019-09-04,4.369307811423698
2019-09-05,4.126944364722104
2019-09-06,3.8596302048251387
2019-09-07,3.882873956750499
2019-09-08,3.790908521126778
2019-09-09,3.6225119182792316
2019-09-10,3.4715240244018686
2019-09-11,3.4674847968683173
2019-09-12,3.295902987277465
2019-09-13,3.3767307751322138
2019-09-14,3.239729237567926
2019-09-15,3.0471794169758843
2019-09-16,2.89567695073524
2019-09-17,2.774004429861178
2019-09-18,2.675153379043829
2019-09-19,2.5502967863956565
2019-09-20,2.481569064286508
2019-09-21,2.4177487954119075
2019-09-22,2.475832158062879
2019-09-23,2.359839244160099
2019-09-24,2.5980487181887604
2019-09-25,4.296593411316474
2019-09-26,4.090355051914009
2019-09-27,4.308057392327176
2019-09-28,4.167937332404908
2019-09-29,3.899872372348971
2019-09-30,3.8498030666128265
2019-10-01,3.950631104237323
2019-10-02,3.691168842990995
2019-10-03,3.5281263333161004
2019-10-04,3.4792137988688534
2019-10-05,3.372086252861211
2019-10-06,3.1760954407326083
2019-10-07,3.353939089138593
2019-10-08,3.6572595931926415
2019-10-09,3.4523727941721
2019-10-10,3.8169280980635896
2019-10-11,3.5752297420349177
2019-10-12,3.7368893309586095
2019-10-13,3.5329127590286706
2019-10-14,3.3417263180836247
2019-10-15,3.214884606765779
2019-10-16,3.2626885468568925
2019-10-17,3.28283829812208
2019-10-18,3.1730336093947686
2019-10-19,3.14206295588146
2019-10-20,2.9487488035058673
2019-10-21,3.1809145751685466
2019-10-22,3.018830165398543
2019-10-23,3.071166601561436
2019-10-24,3.725220528142459
2019-10-25,3.563301795107011
2019-10-26,5.761947657320743
2019-10-27,6.145584419310339
2019-10-28,6.071947740647967
2019-10-29,6.005948640719705
2019-10-30,5.817274339343337
2019-10-31,5.693259065954313
2019-11-01,5.3096764577587265
2019-11-02,5.03543239785632
2019-11-03,4.740500787099339
2019-11-04,4.527150692349246
2019-11-05,4.459697237146214
2019-11-06,4.256888459850188
2019-11-07,3.9900595654683135
2019-11-08,3.8698203661855275
2019-11-09,4.163352283012861
2019-11-10,3.913627863727669
2019-11-11,3.953528538117151
2019-11-12,4.069240766774583
2019-11-13,3.9001056845925146
2019-11-14,3.70124194655035
2019-11-15,3.622949186796805
2019-11-16,3.6103425777578044
2019-11-17,3.38346659256574
2019-11-18,3.163264588896742
2019-11-19,3.3859421497002904
2019-11-20,3.243274400247445
2019-11-21,3.0890156068296273
2019-11-22,3.5888964625344997
2019-11-23,3.897417722923746
2019-11-24,3.6917285525657038
2019-11-25,4.101293786284891
2019-11-26,4.172578979504263
2019-11-27,3.951767101957397
2019-11-28,4.285181939114632
2019-11-29,4.126914426377975
2019-11-30,4.364972420413845
2019-12-01,4.3503444783546215
2019-12-02,4.2753737659008175
2019-12-03,4.130940168084289
2019-12-04,3.863055663275032
2019-12-05,3.7567718613838172
2019-12-06,3.8217328554053562
2019-12-07,3.7775346267692957
2019-12-08,3.5898902322795285
2019-12-09,3.3723389671002115
2019-12-10,3.4095480362595234
2019-12-11,3.3628932531942155
2019-12-12,3.173964964536022
2019-12-13,2.9965943059994142
2019-12-14,2.8911846998711264
2019-12-15,3.0138430286190117
2019-12-16,2.898947776578784
2019-12-17,3.081509860754242
2019-12-18,3.3335524261376768
2019-12-19,4.442504761040109
2019-12-20,4.332493388042863
2019-12-21,4.083157065333011
2019-12-22,3.896723270626428
2019-12-23,4.267653825331277
2019-12-24,4.25020855547233
2019-12-25,4.057798197365664
2019-12-26,3.8669265151393644
2019-12-27,3.621743634860739
2019-12-28,3.4543747155101125
2019-12-29,3.314030950278368
2019-12-30,3.201646001426683
2019-12-31,3.212294971250626
2020-01-01,3.0882163643978413
2020-01-02,2.892308575206052
2020-01-03,3.084924824993633
2020-01-04,3.573849649894999
2020-01-05,3.3375972239796647
2020-01-06,3.1239155889520873
2020-01-07,3.606123048823134
2020-01-08,3.9812660592335885
2020-01-09,3.8381824476111532
2020-01-10,3.9137284148389075
2020-01-11,4.241117763964684
2020-01-12,4.192631538972527
2020-01-13,4.140394211167567
2020-01-14,3.9647422576974063
2020-01-15,4.8027926587249
2020-01-16,4.468035703419272
2020-01-17,4.290883377364557
2020-01-18,4.2501009117965065
2020-01-19,3.9673048491772684
2020-01-20,3.968860758637069
2020-01-21,3.7827615142500703
2020-01-22,3.6450464488388734
2020-01-23,3.4777151450602
2020-01-24,3.6122436280973744
2020-01-25,3.406985257797116
2020-01-26,3.317518828244764
2020-01-27,3.4945673420356056
2020-01-28,3.669955719133452
2020-01-29,4.071989904642044
2020-01-30,3.8874130562147258
2020-01-31,3.887587862300248
2020-02-01,3.815935396075337
2020-02-02,3.5860287998464075
2020-02-03,3.41826665562085
2020-02-04,3.2485058429310376
2020-02-05,3.156292306220275
2020-02-06,3.5099040159511077
2020-02-07,3.465150317858407
2020-02-08,3.2734906748541457
2020-02-09,3.1452357951208842
2020-02-10,3.2472080236269734
2020-02-11,3.37240460462994
2020-02-12,3.6070048858549084
2020-02-13,3.4745325352537533
2020-02-14,3.35509647935528
2020-02-15,3.2560561258804817
2020-02-16,3.537332251100466
2020-02-17,3.304205994181674
2020-02-18,3.329657565791557
2020-02-19,3.6955532877704873
2020-02-20,4.108952048570049
2020-02-21,3.837813506407661
2020-02-22,3.6662098368468268
2020-02-23,3.461205118194668
2020-02-24,3.5832253385010535
2020-02-25,3.664526035620585
2020-02-26,3.8213116644155116
2020-02-27,4.23264696831618
2020-02-28,3.9803488620937224
2020-02-29,3.878374068440024
2020-03-01,3.8363973930872133
2020-03-02,3.57993784389385
2020-03-03,3.891181570556395
2020-03-04,3.825303255907415
2020-03-05,3.590500119046478
2020-03-06,3.767310604897395
2020-03-07,3.6028461924498894
2020-03-08,3.6669061259548026
2020-03-09,4.646535571247864
2020-03-10,4.469410650624398
2020-03-11,4.217907372044108
2020-03-12,3.975635081480879
2020-03-13,14.90902879588645
2020-03-14,15.513529859368745
2020-03-15,14.999525886126982
2020-03-16,14.152477585707388
2020-03-17,13.647727017890343
2020-03-18,13.161107799055491
2020-03-19,12.240648209801456
2020-03-20,12.899878444876544
2020-03-21,11.914648152802267
2020-03-22,10.994499342798907
2020-03-23,10.769708312189284
2020-03-24,11.217444662315618
2020-03-25,10.804855033450929
2020-03-26,10.054612337761819
2020-03-27,9.351316091045037
2020-03-28,9.237927545466937
2020-03-29,8.728057985093166
2020-03-30,8.682273634054079
2020-03-31,9.04042417574824
2020-04-01,8.353272466531635
2020-04-02,8.127379242874454
2020-04-03,7.760928279795598
2020-04-04,7.274030006950198
2020-04-05,6.92980021258079
2020-04-06,6.551932564966655
2020-04-07,7.059059813546207
2020-04-08,6.731387910626437
2020-04-09,6.488976989938187
2020-04-10,6.131304116781099
2020-04-11,6.342141504039668
2020-04-12,5.893488739897326
2020-04-13,5.498562414230039
2020-04-14,5.21480467529622
2020-04-15,4.883900946521734
2020-04-16,4.9440395365720535
2020-04-17,5.488048467632728
2020-04-18,5.2149964686671515
2020-04-19,5.209989690794625
2020-04-20,5.036933527031067
2020-04-21,5.144611393567789
2020-04-22,4.791450245939059
2020-04-23,4.948581931768745
2020-04-24,5.201287069472128
2020-04-25,4.853959715380636
2020-04-26,4.552816574470351
2020-04-27,4.469504054293549
2020-04-28,4.273059477062352
2020-04-29,4.03891733857398
2020-04-30,5.579306197554715
2020-05-01,5.379464146420728
2020-05-02,5.26910303314468
2020-05-03,5.0763946292248425
2020-05-04,4.819019786215031
2020-05-05,4.518524758469608
2020-05-06,4.394229610939736
2020-05-07,4.238079978951182
2020-05-08,5.1273938240545816
2020-05-09,4.972425350809092
2020-05-10,4.91788176543994
2020-05-11,5.597846549877171
2020-05-12,5.400985522192115
2020-05-13,5.351110783328725
2020-05-14,5.6485192025167414
2020-05-15,5.858431483649815
2020-05-16,5.978196816345337
2020-05-17,5.61207585813155
2020-05-18,5.5773190538460495
2020-05-19,5.228636292237838
2020-05-20,4.893860847394484
2020-05-21,4.850757970607148
2020-05-22,5.0374868202263325
2020-05-23,4.800960774263977
2020-05-24,4.466081284941768
2020-05-25,4.729228617847105
2020-05-26,4.63304090977834
2020-05-27,4.391057311736613
2020-05-28,4.578380396745079
2020-05-29,4.740804273559673
2020-05-30,4.584484164233022
2020-05-31,4.599862917122797
2020-06-01,4.567269079923218
2020-06-02,5.244714974861301
2020-06-03,5.645792101682302
2020-06-04,5.410695429439113
2020-06-05,5.161174354034523
2020-06-06,4.986974913489109
2020-06-07,4.677264394685928
2020-06-08,4.436737472048189
2020-06-09,4.159204005801163
2020-06-10,3.896903289706204
2020-06-11,3.7582374290613236
2020-06-12,4.230662296775954
2020-06-13,4.167095806691924
2020-06-14,3.8851966939562836
2020-06-15,3.7810401547454844
2020-06-16,3.620993415879791
2020-06-17,3.492878695257357
2020-06-18,3.339744868240643
2020-06-19,3.219741937806952
2020-06-20,3.106806156384852
2020-06-21,2.954641274568007
2020-06-22,2.849085987392491
2020-06-23,3.190369813516596
2020-06-24,3.0602578567533776
2020-06-25,3.256039499148667
2020-06-26,3.107889429896027
2020-06-27,3.0179718445181436
2020-06-28,3.011358053007554
2020-06-29,2.943802259855384
2020-06-30,2.8420923250672283
2020-07-01,2.734645196131028
2020-07-02,2.6718931020634744
2020-07-03,2.6854870726653894
2020-07-04,2.5607542183758687
2020-07-05,2.4903449678182255
2020-07-06,2.424144424874215
2020-07-07,2.6445344714693877
2020-07-08,2.5888925444216317
2020-07-09,2.6512990965636405
2020-07-10,2.7328905798108556
2020-07-11,2.619343005894961
2020-07-12,2.5285675335018243
2020-07-13,2.4473583328911785
2020-07-14,2.3761534446880357
2020-07-15,2.2336565319846198
2020-07-16,2.1765684937729715
2020-07-17,2.1307508777116886
2020-07-18,2.016079199706509
2020-07-19,1.9035406665494043
2020-07-20,1.828998364609606
2020-07-21,1.7900277905042004
2020-07-22,1.9939451876018939
2020-07-23,2.030433606301055
2020-07-24,2.004826568568363
2020-07-25,1.9702634635627196
2020-07-26,2.0524703731517437
2020-07-27,2.2176918716779244
2020-07-28,3.778232264506748
2020-07-29,3.6542303915957857
2020-07-30,3.6122402536803295
2020-07-31,3.3843598860159085
2020-08-01,3.4071436952837977
2020-08-02,3.6833812262419126
2020-08-03,4.17235828177358
2020-08-04,4.034251713816607
2020-08-05,3.7975331349187216
2020-08-06,4.147616212793995
2020-08-07,3.8685989011684767
2020-08-08,3.7706584370971874
2020-08-09,3.67751958966908
2020-08-10,3.5143132624255595
2020-08-11,3.487043924978263
2020-08-12,3.742560811463735
2020-08-13,3.660278573355738
2020-08-14,3.628158564492909
2020-08-15,3.415222162717459
2020-08-16,3.2700737966715927
2020-08-17,3.1017572751439686
2020-08-18,3.273681653054556
2020-08-19,3.371221999023567
2020-08-20,3.3313645657535416
2020-08-21,3.2001734893736318
2020-08-22,3.3016884745203225
2020-08-23,3.2092985541390076
2020-08-24,3.0252275636646617
2020-08-25,2.920033355469966
2020-08-26,3.1582277166726698
2020-08-27,3.092133934688983
2020-08-28,3.0250670286528334
2020-08-29,3.0279716680821505
2020-08-30,2.900096373811703
2020-08-31,2.9641798887108965
2020-09-01,2.8408683942972544
2020-09-02,2.93526368483057
2020-09-03,3.2747178689600744
2020-09-04,4.534508564231003
2020-09-05,4.571644033795414
2020-09-06,4.553099957246157
2020-09-07,4.328259978185182
2020-09-08,4.153455801979599
2020-09-09,4.136776077747452
2020-09-10,3.9499442191631506
2020-09-11,3.806936689808549
2020-09-12,3.5961824916308944
2020-09-13,3.4041898370264985
2020-09-14,3.300806649888109
2020-09-15,3.478011318729102
2020-09-16,3.3622038293786765
2020-09-17,3.316971650859023
2020-09-18,3.1246142395548677
2020-09-19,2.940175913911432
2020-09-20,2.9015139867851163
2020-09-21,2.8827653283851378
2020-09-22,3.244306941017254
2020-09-23,3.1488002755651765
2020-09-24,3.2567436693743215
2020-09-25,3.6439953769417
2020-09-26,3.4607770991501
2020-09-27,3.265312367843033
2020-09-28,3.089098717573536
2020-09-29,2.9772336274396114
2020-09-30,2.9360068610275367
2020-10-01,2.8215383805281364
2020-10-02,2.8106095765400405
2020-10-03,2.691931874512177
2020-10-04,2.562185668551315
2020-10-05,2.5323409623295183
2020-10-06,2.5042452934760355
2020-10-07,2.554627201695726
2020-10-08,2.45747478693285
2020-10-09,2.595268666674141
2020-10-10,2.5583054382406947
2020-10-11,2.657263653865061
2020-10-12,2.557423576745915
2020-10-13,2.55527133456574
2020-10-14,2.5070030050723755
2020-10-15,2.365619479673073
2020-10-16,2.299064404149338
2020-10-17,2.346246493976649
2020-10-18,2.232121820408789
2020-10-19,2.237036300217984
2020-10-20,2.357351163005531
2020-10-21,2.364131366655854
2020-10-22,3.22451252036759
2020-10-23,3.1783230875434882
2020-10-24,3.019927133751938
2020-10-25,2.9890022417434725
2020-10-26,2.8750037991272483
2020-10-27,2.6994081454421863
2020-10-28,3.092206648377239
2020-10-29,3.2019692939698805
2020-10-30,3.152556587497299
2020-10-31,3.0273542906199022
2020-11-01,3.0261040373006116
2020-11-02,2.8652029519055953
2020-11-03,2.859773089612075
2020-11-04,3.1045435753528685
2020-11-05,2.9931883964301043
2020-11-06,4.215722974168869
2020-11-07,3.9454466087076203
2020-11-08,4.242869648722675
2020-11-09,4.485500126167999
2020-11-10,4.285477409571255
2020-11-11,4.023863868329613
2020-11-12,4.04432762887062
2020-11-13,4.2329958002944075
2020-11-14,3.9503600635101535
2020-11-15,3.8569815539935974
2020-11-16,3.68239551945323
2020-11-17,4.016930334528549
2020-11-18,4.441337111468173
2020-11-19,4.199393359180362
2020-11-20,3.9162931436613615
2020-11-21,4.235463308044924
2020-11-22,3.962232963429968
2020-11-23,3.8693882227943246
2020-11-24,3.646295218925732
2020-11-25,3.927514996217675
2020-11-26,3.9209175395787477
2020-11-27,4.687614963115321
2020-11-28,4.3782065010370275
2020-11-29,4.475669168201863
2020-11-30,4.469815394383046
2020-12-01,5.204770712854519
2020-12-02,5.368119219353064
2020-12-03,5.251337048384186
2020-12-04,4.998891703962073
2020-12-05,5.091733281805243
2020-12-06,5.038360525184727
2020-12-07,4.8003515050694014
2020-12-08,4.579259639898895
2020-12-09,4.759470684766114
2020-12-10,4.554198379212629
2020-12-11,4.412521678352923
2020-12-12,4.244774069400158
2020-12-13,4.467778381032172
2020-12-14,4.379212036021078
2020-12-15,4.124524207360562
2020-12-16,3.9244276281564603
2020-12-17,4.940328959129821
2020-12-18,5.430984236103699
2020-12-19,5.190566573933334
2020-12-20,5.180951078794514
2020-12-21,4.985875410289071
2020-12-22,4.983920203922758
2020-12-23,5.206502670181748
2020-12-24,5.106254625865728
2020-12-25,4.987060183483205
2020-12-26,5.1262397169844975
2020-12-27,5.644851665405456
2020-12-28,5.332460949466678
2020-12-29,5.303717848253172
2020-12-30,5.046189506948773
2020-12-31,5.344582884803473
2021-01-01,4.969256132187646
2021-01-02,4.77368403027104
2021-01-03,5.665385338032638
2021-01-04,5.548988479842401
2021-01-05,5.49013802753379
2021-01-06,5.83437311933905
2021-01-07,6.424156715522595
2021-01-08,6.819613508634254
2021-01-09,6.646324131092872
2021-01-10,6.292125802166291
2021-01-11,6.37008935111908
2021-01-12,6.726283642680694
2021-01-13,6.648948162092419
2021-01-14,7.340281871905718
2021-01-15,7.341276680455142
2021-01-16,7.476482930756733
2021-01-17,7.1360585163211026
2021-01-18,6.660497892715375
2021-01-19,6.419763820714318
2021-01-20,6.170524625000148
2021-01-21,5.853237069950294
2021-01-22,7.068844325177053
2021-01-23,7.346057642159165
2021-01-24,7.0817573777678575
2021-01-25,6.605273123298681
2021-01-26,6.130175607635472
2021-01-27,5.747064823212594
2021-01-28,6.0725635587092555
2021-01-29,6.841207765391858
2021-01-30,6.634935323444494
2021-01-31,6.15230297276619
2021-02-01,6.079946200041325
2021-02-02,5.778132351110602
2021-02-03,6.051705543018521
2021-02-04,6.335257812066405
2021-02-05,6.071201686099734
2021-02-06,6.054808120268829
2021-02-07,5.879060348028983
2021-02-08,5.567668870811201
2021-02-09,7.748966564852558
2021-02-10,7.162402343292738
2021-02-11,7.007134101127243
2021-02-12,7.3231878820079075
2021-02-13,6.931242413085245
2021-02-14,6.455103414210211
2021-02-15,6.326358604503789
2021-02-16,6.01606927212475
2021-02-17,5.868999366146935
2021-02-18,6.170811148077147
2021-02-19,5.843896025434852
2021-02-20,6.45064606689736
2021-02-21,5.998889566443853
2021-02-22,5.884293228006082
2021-02-23,6.112558034505013
2021-02-24,6.808130495070438
2021-02-25,6.478675933343978
2021-02-26,6.587087610932801
2021-02-27,6.288272656706659
2021-02-28,5.876357615857953
2021-03-01,5.683427641652611
2021-03-02,6.492783903289214
2021-03-03,6.268804863438311
2021-03-04,6.268576921528408
2021-03-05,6.243476928333228
2021-03-06,5.864712899205924
2021-03-07,5.45753054529757
2021-03-08,5.571067422187174
2021-03-09,5.48713477494064
2021-03-10,5.6625136287679405
2021-03-11,5.450633750740565
2021-03-12,5.4614286569430766
2021-03-13,5.180829183336866
2021-03-14,5.6582353549944475
2021-03-15,5.65353371568627
2021-03-16,5.893295826150884
2021-03-17,5.7300885819474
2021-03-18,5.728121191984013
2021-03-19,5.552441287996528
2021-03-20,5.218398557444099
2021-03-21,4.84864451766928
2021-03-22,4.655200232740803
2021-03-23,4.9873852834194174
2021-03-24,4.678496242386763
2021-03-25,4.77351606819485
2021-03-26,4.655356933267091
2021-03-27,5.230960044264899
2021-03-28,5.016754664346236
2021-03-29,4.681504649111558
2021-03-30,4.7457578404875935
2021-03-31,4.631539214776274
2021-04-01,4.321827882707454
2021-04-02,4.039822050302999
2021-04-03,3.798175744314357
2021-04-04,3.907629799684209
2021-04-05,3.8738959389497114
2021-04-06,3.7910487295169215
2021-04-07,3.753845373773944
2021-04-08,3.9016761342273596
2021-04-09,4.092951019541852
2021-04-10,3.8144406866177145
2021-04-11,3.886081026846096
2021-04-12,3.6566807384996998
2021-04-13,3.4489736998527265
2021-04-14,4.005595280908458
2021-04-15,3.846845596133783
2021-04-16,3.612001877181367
2021-04-17,3.6988801667692695
2021-04-18,3.695949446290037
2021-04-19,4.215988520083954
2021-04-20,4.035102378111554
2021-04-21,3.9182221208272976
2021-04-22,4.191619082385927
2021-04-23,4.346780697151224
2021-04-24,4.173733131415151
2021-04-25,4.125052603404301
2021-04-26,4.064149280585066
2021-04-27,5.094565761471964
2021-04-28,4.94413069040867
2021-04-29,4.638635892752995
2021-04-30,4.578459879311858
2021-05-01,5.222916435644069
2021-05-02,4.859797598039799
2021-05-03,4.754494648166973
2021-05-04,4.53277690514145
2021-05-05,5.03604141839279
2021-05-06,5.663386845670707
2021-05-07,5.45729496749022
2021-05-08,5.247389628799952
2021-05-09,5.184828126041668
2021-05-10,4.938129423532703
2021-05-11,5.058742021792627
2021-05-12,4.870017891897518
2021-05-13,6.122725146193817
2021-05-14,5.679053400196348
2021-05-15,5.296504535431861
2021-05-16,5.627794272470392
2021-05-17,5.307411618012281
2021-05-18,5.644538678959106
2021-05-19,5.414900928193289
2021-05-20,6.903952816052441
2021-05-21,7.65870173180592
2021-05-22,8.000811247971736
2021-05-23,7.439305322054249
2021-05-24,7.725870699462412
2021-05-25,8.582045938616249
2021-05-26,8.05668496506539
2021-05-27,7.710538707381906
2021-05-28,7.325957245045356
2021-05-29,7.6206329710487895
2021-05-30,7.368469329508296
2021-05-31,7.155599150496322
2021-06-01,7.146668984646985
2021-06-02,6.779055219156575
2021-06-03,6.545438091708351
2021-06-04,6.584819292061201
2021-06-05,6.793392465937147
2021-06-06,6.682013780201272
2021-06-07,6.2674395980845246
2021-06-08,6.518664779830263
2021-06-09,6.101836834751127
2021-06-10,7.1477624256886845
2021-06-11,6.822599982287486
2021-06-12,6.513744850679808
2021-06-13,6.565683493283648
2021-06-14,7.268838523042466
2021-06-15,7.165899470047471
2021-06-16,6.735035015804741
2021-06-17,6.730873211986458
2021-06-18,6.3117676620509515
2021-06-19,6.522447210261576
2021-06-20,6.149556403616191
2021-06-21,5.72528535546144
2021-06-22,6.687804548985573
2021-06-23,6.5179087425511
2021-06-24,6.453269112787901
2021-06-25,6.313154392991614
2021-06-26,6.891055673911633
2021-06-27,6.626927214462438
2021-06-28,7.0333093179639254
2021-06-29,6.580106818442566
2021-06-30,6.572411221244432
2021-07-01,6.3525210681376665
2021-07-02,6.3740124758083665
2021-07-03,5.991230003635461
2021-07-04,5.853698003242006
2021-07-05,5.627709386331684
2021-07-06,5.7291771106194815
2021-07-07,5.488860614524309
2021-07-08,5.215570154268464
2021-07-09,5.168557820215039
2021-07-10,5.1323909059269
2021-07-11,4.876368341852156
2021-07-12,4.791303183392632
2021-07-13,4.83869272168856
2021-07-14,4.6233427908961895
2021-07-15,4.320647470787182
2021-07-16,4.344654998890746
2021-07-17,4.221421365436827
2021-07-18,3.970257282262049
2021-07-19,3.7855877252914794
2021-07-20,3.8652954997866944
2021-07-21,3.990373992668327
2021-07-22,4.723446521122411
2021-07-23,4.4327311547100585
2021-07-24,4.624619882366227
2021-07-25,4.511720686432496
2021-07-26,4.584042568773106
2021-07-27,4.9004458974468
2021-07-28,5.279396475530658
2021-07-29,5.0593063170839345
2021-07-30,4.714062222809948
2021-07-31,5.0473576478055655
2021-08-01,4.8880403978930405
2021-08-02,4.9821078893068345
2021-08-03,4.826849534931572
2021-08-04,4.756186611897736
2021-08-05,4.893806607766952
2021-08-06,4.882320934003778
2021-08-07,5.117918515839537
2021-08-08,5.233937981472119
2021-08-09,5.056903102091873
2021-08-10,5.3763039229986616
2021-08-11,5.15491637096266
2021-08-12,4.81758878040422
2021-08-13,4.7521774163930415
2021-08-14,5.369021619151006
2021-08-15,5.157369009776999
2021-08-16,4.823835899982179
2021-08-17,4.74015947309206
2021-08-18,4.701674192619037
2021-08-19,4.38302097197074
2021-08-20,4.634176573964115
2021-08-21,4.975793951487008
2021-08-22,4.7422957260853975
2021-08-23,4.498807586743224
2021-08-24,4.233782659683091
2021-08-25,4.358023848801586
2021-08-26,4.374609435247658
2021-08-27,4.567236664478178
2021-08-28,4.821425639018725
2021-08-29,4.531708660328356
2021-08-30,4.255967815570817
2021-08-31,4.377441047126306
2021-09-01,4.091886641811879
2021-09-02,4.245143440733819
2021-09-03,4.047051166133262
2021-09-04,3.9419578842128575
2021-09-05,3.7042426897067355
2021-09-06,3.899087700952963
2021-09-07,3.833584658732466
2021-09-08,5.011670855486347
2021-09-09,4.852752456712478
2021-09-10,4.587980572285047
2021-09-11,4.642194998263127
2021-09-12,4.390792917865435
2021-09-13,4.300996345728139
2021-09-14,4.2694304536052785
2021-09-15,4.561063460600243
2021-09-16,4.488709970334923
2021-09-17,4.272489428679289
2021-09-18,4.086644473353875
2021-09-19,4.048366875121788
2021-09-20,4.017775373241386
2021-09-21,4.853949219336041
2021-09-22,5.118791996375243
2021-09-23,5.597701957273122
2021-09-24,5.545891555256998
2021-09-25,5.661229034084094
2021-09-26,5.2983907752532025
2021-09-27,5.043757991544247
2021-09-28,4.94862217588683
2021-09-29,4.896108631423219
2021-09-30,4.6828544458425965
2021-10-01,5.027627364400815
2021-10-02,5.909691084009
2021-10-03,5.601379129475827
2021-10-04,5.325641536591824
2021-10-05,5.186523314175048
2021-10-06,5.360738394669174
2021-10-07,5.889638831066199
2021-10-08,5.767893541840172
2021-10-09,5.373795723724597
2021-10-10,5.1971570602047565
2021-10-11,4.894235091499547
2021-10-12,5.168701674719034
2021-10-13,5.086947033797257
2021-10-14,5.007186062637329
2021-10-15,4.668878269045885
2021-10-16,5.278510415483251
2021-10-17,5.049052920478355
2021-10-18,4.806130920792319
2021-10-19,4.548726925838721
2021-10-20,4.666060970949643
2021-10-21,4.650470662873999
2021-10-22,4.992003791704821
2021-10-23,4.9091673305425
2021-10-24,4.667587447533322
2021-10-25,4.427395918984274
2021-10-26,4.554986638688308
2021-10-27,4.73288321433478
2021-10-28,4.757029879921306
2021-10-29,4.861126179616758
2021-10-30,4.84032287880618
2021-10-31,4.57798249667216
2021-11-01,4.365739024967603
2021-11-02,4.142430999506382
2021-11-03,4.311755265834673
2021-11-04,4.080033911810203
2021-11-05,4.07040083880261
2021-11-06,3.882835323949867
2021-11-07,3.711869920918498
2021-11-08,3.8093336778718494
2021-11-09,4.398578263412752
2021-11-10,4.19597843319613
2021-11-11,4.255827983530172
2021-11-12,3.9928124700781233
2021-11-13,3.8392037796702203
2021-11-14,3.614936997087038
2021-11-15,3.5746772579267216
2021-11-16,3.6680687298081516
2021-11-17,4.079120142153189
2021-11-18,3.8444778210773296
2021-11-19,4.257036566026194
2021-11-20,4.1973650085018
2021-11-21,4.2432989731500665
2021-11-22,4.156971882761565
2021-11-23,4.333389917555174
2021-11-24,4.299450338263218
2021-11-25,4.0885045450466695
2021-11-26,4.1861521986903485
2021-11-27,4.992261389389641
2021-11-28,4.847988582461613
2021-11-29,5.065761801069765
2021-11-30,4.79788732249095
2021-12-01,4.623353486180678
2021-12-02,4.336598069945951
2021-12-03,4.178927540847687
2021-12-04,4.480767000467106
2021-12-05,5.172117673152853
2021-12-06,4.8502148212483505
2021-12-07,4.750243000367495
2021-12-08,4.438997452669162
2021-12-09,4.1679268851823945
2021-12-10,4.558714996835623
2021-12-11,4.342524324559049
2021-12-12,4.61984932118337
2021-12-13,4.445322905300354
2021-12-14,4.924881259387685
2021-12-15,4.990626411703594
2021-12-16,4.753402249636001
2021-12-17,4.702235181762748
2021-12-18,4.726362996161963
2021-12-19,4.564794544086312
2021-12-20,4.293223548982094
2021-12-21,4.0439885856060735
2021-12-22,4.276076252974719
2021-12-23,4.05829317922894
2021-12-24,4.343618479077678
2021-12-25,4.060128871054472
2021-12-26,3.8819917025271624
2021-12-27,3.6954692150288144
2021-12-28,3.475200655724251
2021-12-29,3.9914389090952205
2021-12-30,3.976002766841548
2021-12-31,3.862585283061857
2022-01-01,3.8186680984916257
2022-01-02,3.9482953610387668
2022-01-03,3.7884799893881835
2022-01-04,3.73496450526543
2022-01-05,3.636113094247613
2022-01-06,4.001049451884053
2022-01-07,3.8299880684456182
2022-01-08,3.971774803516518
2022-01-09,3.721486350814102
2022-01-10,3.511554131924362
2022-01-11,3.3011305664894666
2022-01-12,3.336168640041266
2022-01-13,3.4415736303177904
2022-01-14,3.5624788148991797
2022-01-15,3.4534081534179024
2022-01-16,3.2313546251485965
2022-01-17,3.035450843742321
2022-01-18,3.0702152499765947
2022-01-19,2.9008616369028735
2022-01-20,2.902955367071324
2022-01-21,2.9863146420975233
2022-01-22,4.205110281558922
2022-01-23,4.343918515371331
2022-01-24,4.439201320663244
2022-01-25,4.255793909851853
2022-01-26,4.047140498426458
2022-01-27,3.825495904578528
2022-01-28,3.668482611151802
2022-01-29,3.590405398110863
2022-01-30,3.481467863795484
2022-01-31,3.3411383994870656
2022-02-01,3.295181034013712
2022-02-02,3.136628493906642
2022-02-03,3.4791254381706898
2022-02-04,3.370722564216191
2022-02-05,4.716894529998814
2022-02-06,4.446727832023294
2022-02-07,4.41703455157166
2022-02-08,4.518291979191256
2022-02-09,4.246443924891825
2022-02-10,4.03085816767081
2022-02-11,3.9795929548469418
2022-02-12,3.999983155534647
2022-02-13,3.7784549880284692
2022-02-14,3.5768581589116453
2022-02-15,3.4632719910752563
2022-02-16,3.816013877090471
2022-02-17,3.730699950609535
2022-02-18,4.415397458333558
2022-02-19,4.262548480039746
2022-02-20,3.9876020877851124
2022-02-21,4.19961164241724
2022-02-22,4.31796937495595
2022-02-23,4.4101453243425235
2022-02-24,4.3926873432862905
2022-02-25,4.427036693819412
2022-02-26,4.388505586378357
2022-02-27,4.124489892494719
2022-02-28,4.253184278887125
2022-03-01,5.9172978994981476
2022-03-02,5.823832959407933
2022-03-03,5.53724630845829
2022-03-04,5.503461675904575
2022-03-05,6.019555148074981
2022-03-06,5.64288187797331
2022-03-07,5.511001259913405
2022-03-08,5.244356543611553
2022-03-09,5.091358569707166
2022-03-10,5.756423726699538
2022-03-11,6.023717446939007
2022-03-12,5.780439150361522
2022-03-13,5.372505868354718
2022-03-14,5.283116621358762
2022-03-15,5.5051006625469014
2022-03-16,5.224099372366652
2022-03-17,5.407911286314517
2022-03-18,5.08192894881923
2022-03-19,4.954476210034347
2022-03-20,4.718251466366544
2022-03-21,4.63706401686045
2022-03-22,4.391080496876522
2022-03-23,4.4793270300570045
2022-03-24,4.301911784416933
2022-03-25,4.305856589336072
2022-03-26,4.0833583483861124
2022-03-27,3.844899166698965
2022-03-28,4.225468496885492
2022-03-29,3.997232536031828
2022-03-30,3.791568511646757
2022-03-31,3.629349679249941
2022-04-01,3.7637724517634594
2022-04-02,3.7027164757650546
2022-04-03,3.5739923422306052
2022-04-04,3.4795436696898148
2022-04-05,3.280306514513427
2022-04-06,3.3298266942453405
2022-04-07,3.7138829103080835
2022-04-08,3.5273739598786036
2022-04-09,3.604527869861108
2022-04-10,3.4937493125807033
2022-04-11,3.421885443454382
2022-04-12,3.944571528569673
2022-04-13,3.8294581484618195
2022-04-14,3.884664181334831
2022-04-15,3.9530937088484106
2022-04-16,3.855421376415177
2022-04-17,3.651662463612577
2022-04-18,3.6047055595222948
2022-04-19,3.69820557765175
2022-04-20,3.6421499249991998
2022-04-21,3.4447455442177857
2022-04-22,3.457935507074516
2022-04-23,3.4454817212805864
2022-04-24,3.3002431574685933
2022-04-25,3.09373537245369
2022-04-26,3.1845916988584952
2022-04-27,3.6631027410728048
2022-04-28,3.7664400858769493
2022-04-29,3.655155249158775
2022-04-30,3.737667831997163
2022-05-01,3.7694266111381145
2022-05-02,3.773147712659231
2022-05-03,3.5238770256688707
2022-05-04,3.524232276602464
2022-05-05,3.934951917936105
2022-05-06,4.631738861551512
2022-05-07,4.475975766132346
2022-05-08,4.336158639157132
2022-05-09,4.495737012186294
2022-05-10,5.677634209442167
2022-05-11,5.630205155124698
2022-05-12,5.929018866817744
2022-05-13,5.5360887377385
2022-05-14,5.230067810000032
2022-05-15,5.172776547100152
2022-05-16,5.293511958964466
2022-05-17,5.4390845521449664
2022-05-18,5.264231235725792
2022-05-19,5.537382723224902
2022-05-20,5.8081228724333736
2022-05-21,5.797046451871124
2022-05-22,5.462917277397122
2022-05-23,5.404179200214725
2022-05-24,5.454252545057241
2022-05-25,5.273595778173348
2022-05-26,4.948732060898791
2022-05-27,4.732190252426314
2022-05-28,4.620394088669136
2022-05-29,4.452865142736919
2022-05-30,4.311554749989237
2022-05-31,4.979486051557303
2022-06-01,4.639740764770626
2022-06-02,5.045961555613065
2022-06-03,4.935924479130099
2022-06-04,4.86350776779002
2022-06-05,4.573819875483246
2022-06-06,4.264393883259115
2022-06-07,4.560259635665142
2022-06-08,4.33738787080463
2022-06-09,4.370612567746818
2022-06-10,4.113520190320784
2022-06-11,4.2147235609005165
2022-06-12,4.183341614434984
2022-06-13,4.664720718567169
2022-06-14,6.447774781524269
2022-06-15,6.146995092237492
2022-06-16,5.92458022957353
2022-06-17,6.6476470565744705
2022-06-18,6.18094386974496
2022-06-19,6.570656292666779
2022-06-20,7.104437548547164
2022-06-21,6.584353508282341
2022-06-22,6.1699436720761165
2022-06-23,6.111206688680127
2022-06-24,6.332177952702048
2022-06-25,5.924913971405486
2022-06-26,5.622525811011119
2022-06-27,5.451714552166615
2022-06-28,5.2196256698599015
2022-06-29,5.095829002305621
2022-06-30,4.8276182982316085
2022-07-01,4.594134631878391
2022-07-02,4.647038374002117
2022-07-03,4.349386456756064
2022-07-04,4.075159797512455
2022-07-05,4.376569898286231
2022-07-06,4.1176291899420105
2022-07-07,4.055548033786688
2022-07-08,4.409788041773863
2022-07-09,4.131497811861671
2022-07-10,3.862746310370947
2022-07-11,3.9851699962122
2022-07-12,4.20782243156663
2022-07-13,4.277627428464039
2022-07-14,4.550070419468977
2022-07-15,4.430462170943343
2022-07-16,4.250703941234676
2022-07-17,4.1566039180322285
2022-07-18,4.08370961461631
2022-07-19,4.800052460034212
2022-07-20,4.97531675517253
2022-07-21,4.712988028347721
2022-07-22,4.427078247933611
2022-07-23,4.347532602765187
2022-07-24,4.167589644513188
2022-07-25,3.9373505591334483
2022-07-26,4.327638720295108
2022-07-27,4.068843841127066
2022-07-28,4.804835491771928
2022-07-29,4.927020648323274
2022-07-30,4.621790076534379
2022-07-31,4.368495024463689
2022-08-01,4.235162799868303
2022-08-02,3.967831733751407
2022-08-03,3.8374234362312456
2022-08-04,3.667687462705915
2022-08-05,3.5241884195016393
2022-08-06,3.6522081747952795
2022-08-07,3.583391739813075
2022-08-08,3.446490554945875
2022-08-09,3.542195668513614
2022-08-10,3.6213390408674373
2022-08-11,3.7956760595324748
2022-08-12,3.5608635629723078
2022-08-13,3.548736992050351
2022-08-14,3.31801203697904
2022-08-15,3.170440403765356
2022-08-16,3.0672618175089617
2022-08-17,2.98621240352945
2022-08-18,3.0393813962903202
2022-08-19,2.923249793049691
2022-08-20,4.110781104266496
2022-08-21,3.9930602509029933
2022-08-22,3.9228027069000455
2022-08-23,3.725270893413817
2022-08-24,3.5342691198960154
2022-08-25,3.389872618917016
2022-08-26,3.260354084454996
2022-08-27,3.7836622073746518
2022-08-28,3.6467598534231978
2022-08-29,3.675211979587775
2022-08-30,3.8784173180692165
2022-08-31,3.8799215591781357
2022-09-01,3.7488441704820468
2022-09-02,3.532271831914419
2022-09-03,3.403379993058977
2022-09-04,3.2537777385683353
2022-09-05,3.12955431327907
2022-09-06,3.045885621605682
2022-09-07,3.453564127918005
2022-09-08,3.539781160507597
2022-09-09,3.3079911965537523
2022-09-10,4.528312382919153
2022-09-11,4.361980240238006
2022-09-12,4.146104254691346
2022-09-13,4.165787589308677
2022-09-14,5.127982740323912
2022-09-15,4.782170120939428
2022-09-16,4.736626310639296
2022-09-17,4.453022370308108
2022-09-18,4.319292854666655
2022-09-19,4.412790905907543
2022-09-20,4.168553654023014
2022-09-21,4.26588073071952
2022-09-22,4.218887092817658
2022-09-23,4.549415479115725
2022-09-24,4.304985922061731
2022-09-25,4.224199220644824
2022-09-26,4.008608799695827
2022-09-27,3.9937160644220984
2022-09-28,3.8152495421334547
2022-09-29,3.7561689561365257
2022-09-30,3.600792092493014
2022-10-01,3.4632465289638454
2022-10-02,3.3061468915868932
2022-10-03,3.240980308540822
2022-10-04,3.3874416247788397
2022-10-05,3.600081094481473
2022-10-06,3.464807634079156
2022-10-07,3.350699233669432
2022-10-08,3.375389337860652
2022-10-09,3.2251248630327587
2022-10-10,3.0155257768787544
2022-10-11,3.0024978459670506
2022-10-12,2.860338661294704
2022-10-13,2.7244623357958155
2022-10-14,2.6777659306495947
2022-10-15,2.6297926935590037
2022-10-16,2.535674576953887
2022-10-17,2.487228423517058
2022-10-18,2.501672679578763
2022-10-19,2.479781987944056
2022-10-20,2.4502259072539676
2022-10-21,2.3556161415472663
2022-10-22,2.275005764361193
2022-10-23,2.147782511897292
2022-10-24,2.2422139995743615
2022-10-25,2.2503341779038415
2022-10-26,2.6045840739432222
2022-10-27,2.864787545600353
2022-10-28,2.9447538462056615
2022-10-29,2.9200297130374784
2022-10-30,2.8472926423280844
2022-10-31,2.7702790838822473
2022-11-01,2.6763621764482033
2022-11-02,2.523468642737144
2022-11-03,2.5536688235017073
2022-11-04,2.414101491935999
2022-11-05,2.8619821593540964
2022-11-06,2.7516464497815893
2022-11-07,2.7897616822552216
2022-11-08,2.786112241677239
2022-11-09,3.9585181087754013
2022-11-10,5.6538408822683115
2022-11-11,6.556650227492578
2022-11-12,6.404240619255935
2022-11-13,6.10211137641359
2022-11-14,5.973234566391817
2022-11-15,5.736108368914596
2022-11-16,5.509451703863196
2022-11-17,5.272733757084482
2022-11-18,4.904862206692841
2022-11-19,4.566780955194796
2022-11-20,4.2611770860710365
2022-11-21,4.251016975572928
2022-11-22,4.303856499874064
2022-11-23,4.337309387149678
2022-11-24,4.3051962039659415
2022-11-25,4.023595816074104
2022-11-26,3.8100715431982914
2022-11-27,3.6055149947577894
2022-11-28,3.396005613408493
2022-11-29,3.3234535693104608
2022-11-30,3.26307057383214
2022-12-01,3.5894983000957876
2022-12-02,3.4767465528234984
2022-12-03,3.3144960938136654
2022-12-04,3.2375731756140804
2022-12-05,3.1704216883364835
2022-12-06,3.061772805956312
2022-12-07,2.9371724375047674
2022-12-08,2.9188506671116943
2022-12-09,3.0020429537152378
2022-12-10,2.8788045071248898
2022-12-11,2.7076271807621066
2022-12-12,2.5745651464312083
2022-12-13,2.488191082028473
2022-12-14,2.7369994520634466
2022-12-15,2.5695746374047155
2022-12-16,2.699008529722387
2022-12-17,3.0221255087654093
2022-12-18,2.918279127590234
2022-12-19,2.7671577427482843
2022-12-20,2.7971826533749495
2022-12-21,2.952115180779455
2022-12-22,2.818451373033695
2022-12-23,2.653209029050051
2022-12-24,2.525034803612832
2022-12-25,2.395490431924492
2022-12-26,2.262431552090982
2022-12-27,2.173548713327229
2022-12-28,2.190163084447507
2022-12-29,2.1714337426240604
2022-12-30,2.0894989272593243
2022-12-31,1.9926647815845493
2023-01-01,1.9277683128415328
2023-01-02,1.8548192095360625
2023-01-03,1.7734968320108497
2023-01-04,1.6814440771844315
2023-01-05,1.70106128725496
2023-01-06,1.6270342465586847
2023-01-07,1.6070868100880655
2023-01-08,1.5324498609140011
2023-01-09,1.5676396024356614
2023-01-10,1.5011757788344713
2023-01-11,1.596332680649433
2023-01-12,1.871779383843001
2023-01-13,2.4418549597413266
2023-01-14,3.047399593353541
2023-01-15,3.4981213657535206
2023-01-16,3.31969605051115
2023-01-17,3.270575003032062
2023-01-18,3.09346585772355
2023-01-19,3.13989205455961
2023-01-20,3.155078626647044
2023-01-21,3.9418222163443213
2023-01-22,3.722637324701563
2023-01-23,3.519554913218889
2023-01-24,3.382789523470309
2023-01-25,3.3029572173588018
2023-01-26,3.3031287719222244
2023-01-27,3.1216545261813677
2023-01-28,2.939210977167661
2023-01-29,2.7859755834970623
2023-01-30,2.9876228653506023
2023-01-31,3.24456787043714
2023-02-01,3.17734664728067
2023-02-02,3.2808535993798555
2023-02-03,3.186328607689332
2023-02-04,3.0160655488334007
2023-02-05,2.880510850553455
2023-02-06,2.890325757296534
2023-02-07,2.7957567393193945
2023-02-08,2.8632085509825655
2023-02-09,2.8195521056568658
2023-02-10,3.2496665053207896
2023-02-11,3.131675340981472
2023-02-12,3.0473057421358747
2023-02-13,2.9001957218450873
2023-02-14,2.7312848885810284
2023-02-15,2.785598352252032
2023-02-16,3.939857885651175
2023-02-17,4.048280881591083
2023-02-18,4.314013187114093
2023-02-19,4.033742716687261
2023-02-20,3.9258374305065193
2023-02-21,3.9320846644426424
2023-02-22,3.8442022261742115
2023-02-23,3.7130165220452795
2023-02-24,3.5813164726890787
2023-02-25,3.701508475874856
2023-02-26,3.4782667739709714
2023-02-27,3.442695069293283
2023-02-28,3.254884317584155
2023-03-01,3.2130869024061686
2023-03-02,3.2474994106347617
2023-03-03,3.119808181051155
2023-03-04,3.475092184133558
2023-03-05,3.2607313063227163
2023-03-06,3.07875658713098
2023-03-07,2.900950536740231
2023-03-08,2.8274181208963287
2023-03-09,2.9017534792773767
2023-03-10,3.4745833628556047
2023-03-11,3.3659972509549125
2023-03-12,3.314240816111569
2023-03-13,4.075399598727248
2023-03-14,5.041465647498267
2023-03-15,4.948834848681601
2023-03-16,4.7757128841599465
2023-03-17,4.7828122769503825
2023-03-18,5.657060938507225
2023-03-19,5.447747195438753
2023-03-20,5.522966434488572
2023-03-21,5.232986802336735
2023-03-22,5.0141623331012015
2023-03-23,4.998825358249013
2023-03-24,5.097996892516988
2023-03-25,5.067736700178225
2023-03-26,4.717845901039167
2023-03-27,4.59517858133055
2023-03-28,4.6128976237090065
2023-03-29,4.33793731430528
2023-03-30,4.515306222942477
2023-03-31,4.33208306009625
2023-04-01,4.207308542955555
2023-04-02,3.935612444302275
2023-04-03,3.78454599534336
2023-04-04,3.681458570010939
2023-04-05,3.5799575691835974
2023-04-06,3.352111760340257
2023-04-07,3.1941181698526417
2023-04-08,3.0454451442288604
2023-04-09,2.849143407298061
2023-04-10,2.8216439482120723
2023-04-11,3.225017027073571
2023-04-12,3.232566342968104
2023-04-13,3.1426364473346244
2023-04-14,3.122531819568595
2023-04-15,2.943142106225444
2023-04-16,2.8254345432948695
2023-04-17,2.6544128709008215
2023-04-18,2.8215452067715825
2023-04-19,3.03346811616644
2023-04-20,3.459186667423832
2023-04-21,3.448603744227734
2023-04-22,3.617978237596104
2023-04-23,3.6100604654911734
2023-04-24,3.466586728166834
2023-04-25,3.2792240421690195
2023-04-26,3.405445826132844
2023-04-27,3.2157829654632892
2023-04-28,3.4582064657920455
2023-04-29,3.2985111180761817
2023-04-30,3.1231039237087126
2023-05-01,2.931576980593617
2023-05-02,3.2093437183626485
2023-05-03,3.2487465505092166
2023-05-04,3.172957477197085
2023-05-05,3.046321035226563
2023-05-06,3.1207443842163083
2023-05-07,3.1722691100605513
2023-05-08,3.132338607871092
2023-05-09,3.2348017129458215
2023-05-10,3.050752160989201
2023-05-11,2.876824031834502
2023-05-12,2.954570157633667
2023-05-13,2.844452758214053
2023-05-14,2.682865434483726
2023-05-15,2.5641548618298935
2023-05-16,2.500382752931885
2023-05-17,2.4066139898335543
2023-05-18,2.412917036085411
2023-05-19,2.5107540999108733
2023-05-20,2.3674535469498825
2023-05-21,2.308446174752396
2023-05-22,2.3203108556901983
2023-05-23,2.210306616693902
2023-05-24,2.2321780097594024
2023-05-25,2.483739636994141
2023-05-26,2.382229112063535
2023-05-27,2.3283098195816927
2023-05-28,2.239054648030349
2023-05-29,2.6846289957292053
2023-05-30,2.6523072983697764
2023-05-31,2.513351997316052
2023-06-01,2.558874741206488
2023-06-02,2.566356179300069
2023-06-03,2.5865218006075055
2023-06-04,2.5037532819007438
2023-06-05,2.3549945213087935
2023-06-06,2.8392543795613054
2023-06-07,3.410741773553205
2023-06-08,3.5594091411741577
2023-06-09,3.3816250243771875
2023-06-10,3.1790988256009016
2023-06-11,3.246028407682948
2023-06-12,3.059450739198797
2023-06-13,2.8819190263522576
2023-06-14,2.698302909781048
2023-06-15,2.8884049786230324
2023-06-16,2.919248143440722
2023-06-17,3.0818633087029035
2023-06-18,2.947255366382359
2023-06-19,2.8402398601972014
2023-06-20,2.880621243490307
2023-06-21,3.392352060599866
2023-06-22,3.9201674893689558
2023-06-23,3.7045724314748982
2023-06-24,3.771766396247298
2023-06-25,3.5849284176824385
2023-06-26,3.380277946697791
2023-06-27,3.236490455817595
2023-06-28,3.1813009377398864
2023-06-29,3.2024490384066273
2023-06-30,3.1287274502803215
2023-07-01,2.9293913089797616
2023-07-02,2.7729096651322873
2023-07-03,2.5986354389860624
2023-07-04,2.6387369599840795
2023-07-05,2.618762326832032
2023-07-06,2.5565914073386535
2023-07-07,2.6272878156498893
2023-07-08,2.632534532165667
2023-07-09,2.4999254051496695
2023-07-10,2.399492142285331
2023-07-11,2.3387255016653774
2023-07-12,2.2653883056480386
2023-07-13,2.223389253248509
2023-07-14,2.5315519042073755
2023-07-15,2.801326300926422
2023-07-16,2.6430742321093272
2023-07-17,2.5088330449680014
2023-07-18,2.3973549644137
2023-07-19,2.360111546534981
2023-07-20,2.2217351505613743
2023-07-21,2.1372867176533146
2023-07-22,2.0360894275619605
2023-07-23,1.9646783279377824
2023-07-24,1.9536955913402898
2023-07-25,2.1979662476155597
2023-07-26,2.072901239617641
2023-07-27,1.9860234554512577
2023-07-28,1.926762577177782
2023-07-29,1.8372748979459939
2023-07-30,1.7324253883897929
2023-07-31,1.670442543160878
2023-08-01,1.6045606889615305
2023-08-02,1.7041164809660991
2023-08-03,1.8134943017598752
2023-08-04,1.717346115757401
2023-08-05,1.6594220808152944
2023-08-06,1.5918784363914154
2023-08-07,1.5080807978942998
2023-08-08,1.4612504269612505
2023-08-09,1.6120584706136043
2023-08-10,1.6004817202346653
2023-08-11,1.5672671263244138
2023-08-12,1.501593607837887
2023-08-13,1.4283642617889452
2023-08-14,1.4073851659747358
2023-08-15,1.3689381324607248
2023-08-16,1.3913996121355616
2023-08-17,1.5082971571325303
2023-08-18,2.500952975454556
2023-08-19,2.5924563506024665
2023-08-20,2.437874790881859
2023-08-21,2.3149854007231747
2023-08-22,2.210540261818833
2023-08-23,2.1170028764671844
2023-08-24,2.1544615622546712
2023-08-25,2.1388280926718477
2023-08-26,2.070403814146748
2023-08-27,1.975726348900262
2023-08-28,1.884155187950233
2023-08-29,1.7784706123097038
2023-08-30,2.5405695298794644
2023-08-31,2.55619693941876
2023-09-01,2.9998721185723665
2023-09-02,2.873471304296865
2023-09-03,2.7064095845857614
2023-09-04,2.5692127335304717
2023-09-05,2.479490265646451
2023-09-06,2.3513839798958003
2023-09-07,2.232080384399722
2023-09-08,2.3218514893313658
2023-09-09,2.333089495327729
2023-09-10,2.2057260935979026
2023-09-11,2.108347899149452
2023-09-12,2.290601140072434
2023-09-13,2.477277369028343
2023-09-14,2.491063029869358
2023-09-15,2.4623367366024906
2023-09-16,2.331205687973288
2023-09-17,2.216209298071085
2023-09-18,2.106467137088627
2023-09-19,2.074217220736678
2023-09-20,2.144174649276618
2023-09-21,2.0599199417117044
2023-09-22,2.1768971982280103
2023-09-23,2.0527017612322496
2023-09-24,1.9438444219797195
2023-09-25,1.9748433002124681
2023-09-26,1.8701418228924587
2023-09-27,1.8059783799977467
2023-09-28,1.757370197174749
2023-09-29,1.9581050444484949
2023-09-30,1.8990838405013808
2023-10-01,1.7987857831718979
2023-10-02,2.1912720927592124
2023-10-03,2.2657478365563
2023-10-04,2.1656338655794842
2023-10-05,2.1788182064008548
2023-10-06,2.2024807720829482
2023-10-07,2.291729525702512
2023-10-08,2.1543718041159106
2023-10-09,2.051301352425192
2023-10-10,2.0672953006633246
2023-10-11,2.032840252743482
2023-10-12,2.131411079752877
2023-10-13,2.060615018740029
2023-10-14,1.969966017397864
2023-10-15,1.8691071808509014
2023-10-16,1.884202439642909
2023-10-17,2.4407153678835423
2023-10-18,2.3403467769384716
2023-10-19,2.2368171192434696
2023-10-20,2.258041475789106
2023-10-21,2.53390914443507
2023-10-22,2.460531613917676
2023-10-23,2.327737240243497
2023-10-24,3.7041223558480016
2023-10-25,3.7574552527142715
2023-10-26,3.6958342179059116
2023-10-27,3.5652504711165283
2023-10-28,3.4196961536647685
2023-10-29,3.2472623347409835
2023-10-30,3.17928376734126
2023-10-31,2.999720461425038
2023-11-01,2.8504529994116763
2023-11-02,2.9335122126314754
2023-11-03,2.9020161103790896
2023-11-04,2.7959101562686266
2023-11-05,2.7250026821673985
2023-11-06,2.579698869295066
2023-11-07,2.420377747267765
2023-11-08,2.379707904157279
2023-11-09,2.2966017772597804
2023-11-10,2.527097796676626
2023-11-11,2.5570134901067036
2023-11-12,2.457690179289476
2023-11-13,2.336018582605641
2023-11-14,2.3811316465297616
2023-11-15,2.5250754952015355
2023-11-16,3.2321043162599317
2023-11-17,3.543964699279494
2023-11-18,3.4450402793793784
2023-11-19,3.242374791558105
2023-11-20,3.281832071522514
2023-11-21,3.081923359626516
2023-11-22,3.418269715357816
2023-11-23,3.767278364568692
2023-11-24,3.55781083307284
2023-11-25,3.442998929239999
2023-11-26,3.2233585996040928
2023-11-27,3.1177803941518176
2023-11-28,2.9847375141601327
2023-11-29,2.9674355866661646
2023-11-30,2.7791022779971253
2023-12-01,2.650841561576487
2023-12-02,2.7871065411439795
2023-12-03,2.8406410376889566
2023-12-04,2.806797172310878
2023-12-05,3.269498736131232
2023-12-06,3.6727475328133954
2023-12-07,3.5127669181878045
2023-12-08,3.409735546810386
2023-12-09,3.424180232528998
2023-12-10,3.3192380153478926
2023-12-11,3.1087550711733862
2023-12-12,3.6044436892591136
2023-12-13,3.420051222182459
2023-12-14,3.591793855627007
2023-12-15,3.3818422710055294
2023-12-16,3.444731721583698
2023-12-17,3.3001795948982595
2023-12-18,3.3266875873126076
2023-12-19,3.4785056917704216
2023-12-20,3.354193302031507
2023-12-21,3.528672725469793
2023-12-22,3.3337658779179784
2023-12-23,3.13058624969095
2023-12-24,3.0029287706043943
2023-12-25,2.9960278620235243
2023-12-26,2.954590575729622
2023-12-27,3.0451652435975616
2023-12-28,3.1005671131350176
2023-12-29,3.1269015055500518
2023-12-30,3.0596915073440836
2023-12-31,2.86937202287553
2024-01-01,2.713428636366421
2024-01-02,3.1061889559037166
2024-01-03,3.1029088965101628
2024-01-04,3.452278279044637
2024-01-05,3.5864824370285255
2024-01-06,3.361177216456897
2024-01-07,3.193760754935128
2024-01-08,3.0069809979151776
2024-01-09,3.7103313035966234
2024-01-10,3.6648141515565738
2024-01-11,3.5482038328897505
2024-01-12,3.3949453645372873
2024-01-13,4.121831509962046
2024-01-14,3.845259051747415
2024-01-15,3.8797124283118265
2024-01-16,3.8297819124035537
2024-01-17,3.7358455630399874
2024-01-18,3.585042162025383
2024-01-19,3.732381768347657
2024-01-20,3.5646303112373534
2024-01-21,3.3305234343222074
2024-01-22,3.1526501848851116
2024-01-23,3.518296628806205
2024-01-24,3.3712763498758993
2024-01-25,3.1920534132611955
2024-01-26,3.0282337272354507
2024-01-27,3.414364482023259
2024-01-28,3.2607488654968884
2024-01-29,3.0815604703562913
2024-01-30,3.2445483704888987
2024-01-31,3.132276597118369
2024-02-01,3.0294215643609577
2024-02-02,2.9633144099569098
2024-02-03,2.792010716632463
2024-02-04,2.672469952062928
2024-02-05,2.6219211229675787
2024-02-06,2.47935908942501
2024-02-07,2.422669987733816
2024-02-08,2.625983569862493
2024-02-09,2.709428285285579
2024-02-10,3.0455527956852166
2024-02-11,2.994287976511614
2024-02-12,2.9270326721442665
2024-02-13,3.1457670874496375
2024-02-14,2.9988846817718464
2024-02-15,3.3273168285881782
2024-02-16,3.115030391063572
2024-02-17,2.9558831001803507
2024-02-18,2.8756619454339085
2024-02-19,2.79418704696771
2024-02-20,2.7019907581313736
2024-02-21,2.630977526337226
2024-02-22,2.560627696685836
2024-02-23,2.5280905129589124
2024-02-24,2.495771474079591
2024-02-25,2.526577232872215
2024-02-26,2.393079804922308
2024-02-27,2.939330313000439
2024-02-28,3.33974825121263
2024-02-29,4.384014802179243
2024-03-01,4.31527323630335
2024-03-02,4.252728777660878
2024-03-03,4.039467803517627
2024-03-04,3.9704547436533364
2024-03-05,4.737819076357972
2024-03-06,5.179524179638685
2024-03-07,5.244726826203218
2024-03-08,4.9927872363175085
2024-03-09,4.860114321078339
2024-03-10,4.538166019712576
2024-03-11,4.321781607165174
2024-03-12,4.569546533111351
2024-03-13,4.3542287810334575
2024-03-14,4.314484503864673
2024-03-15,4.27593255369311
2024-03-16,4.279023225265368
2024-03-17,4.690478286469047
2024-03-18,4.931407263265945
2024-03-19,4.71545530293182
2024-03-20,5.39383215187918
2024-03-21,6.191158350500083
2024-03-22,6.1191615023257455
2024-03-23,5.959474529249213
2024-03-24,5.548434767301751
2024-03-25,5.748436761743934
2024-03-26,5.79856936811366
2024-03-27,5.383637916620495
2024-03-28,5.087104208688024
2024-03-29,4.939140634307857
2024-03-30,4.740490588208798
2024-03-31,4.460399593303957
2024-04-01,4.432974690180727
2024-04-02,4.3826282118495845
2024-04-03,4.779954900729354
2024-04-04,4.522338138044941
2024-04-05,4.662830216585021
2024-04-06,4.45098076504616
2024-04-07,4.319682103149127
2024-04-08,4.08920759559318
2024-04-09,4.195499534299645
2024-04-10,4.298165125906709
2024-04-11,4.248316738222526
2024-04-12,4.060996448539621
2024-04-13,4.255091118550629
2024-04-14,4.507834504238919
2024-04-15,4.51074810675962
2024-04-16,4.581521362730724
2024-04-17,4.3194760388952025
2024-04-18,4.468846454787467
2024-04-19,4.582642885222049
2024-04-20,4.31566648414495
2024-04-21,4.2166937737975445
2024-04-22,3.9395934037902145
2024-04-23,4.012543092189982
2024-04-24,3.814983496932745
2024-04-25,3.92054332237958
2024-04-26,3.6805679120539923
2024-04-27,3.565255134960831
2024-04-28,3.390433243547568
2024-04-29,3.235496139420522
2024-04-30,3.153556462709539
2024-05-01,3.5400030037782395
2024-05-02,3.7409829630874776
2024-05-03,3.619733355235104
2024-05-04,4.194741151094361
2024-05-05,4.087085957395684
2024-05-06,3.8174836566069885
2024-05-07,3.712046144549478
2024-05-08,3.6181285631451536
2024-05-09,3.5806201352154723
2024-05-10,3.7071866322163705
2024-05-11,3.869923555312563
2024-05-12,3.616355540083342
2024-05-13,3.4917021401457786
2024-05-14,3.5362393387575013
2024-05-15,3.5466167371307065
2024-05-16,4.2770432220577845
2024-05-17,4.149720298159787
2024-05-18,4.1860371467823745
2024-05-19,3.9282124030485983
2024-05-20,3.7746617170636707
2024-05-21,4.5190333917055
2024-05-22,4.4097338953401835
2024-05-23,4.2641918872088045
2024-05-24,4.16656949994599
2024-05-25,3.970091224132224
2024-05-26,3.816841645862133
2024-05-27,3.690641077291017
2024-05-28,3.593417663166204
2024-05-29,3.524793412686163
2024-05-30,3.4177834385102837
2024-05-31,3.303149391989188
2024-06-01,3.2243031561914344
2024-06-02,3.0405464384371035
2024-06-03,2.856535532182623
2024-06-04,2.848595803330181
2024-06-05,2.9645564567025695
2024-06-06,2.857875193311796
2024-06-07,2.7330064888250796
2024-06-08,2.794282329633769
2024-06-09,2.6356199695919873
2024-06-10,2.515109681130105
2024-06-11,2.386843926075787
2024-06-12,2.6156608402071932
2024-06-13,2.6102901066153414
2024-06-14,2.6982295272995827
2024-06-15,2.656194289826011
2024-06-16,2.509079994364372
2024-06-17,2.4211798974256666
2024-06-18,2.3107558916526685
2024-06-19,2.4011928651083347
2024-06-20,2.297471018399812
2024-06-21,2.1859054800362467
2024-06-22,2.186042216498239
2024-06-23,2.062448722699383
2024-06-24,2.1305665532150737
2024-06-25,2.570043675907788
2024-06-26,2.708845891936191
2024-06-27,2.713599088919502
2024-06-28,2.697067257201797
2024-06-29,2.7650585799611704
2024-06-30,2.6879625695793212
2024-07-01,2.8718141825586327
2024-07-02,2.6993944198773856
2024-07-03,2.6708328387214992
2024-07-04,2.862646816108194
2024-07-05,3.3104759079798862
2024-07-06,3.1827118641687466
2024-07-07,3.3115260182662927
2024-07-08,3.565954474000902
2024-07-09,3.5006235611340157
2024-07-10,3.5427010913745827
2024-07-11,3.377587526322073
2024-07-12,3.237143237388804
2024-07-13,3.1274335571880356
2024-07-14,3.18973550316371
2024-07-15,3.30054016600361
2024-07-16,3.908700343448546
2024-07-17,3.6898881624020063
2024-07-18,3.6107276676727524
2024-07-19,3.3982314424865248
2024-07-20,3.684207683837573
2024-07-21,3.5103950145245197
2024-07-22,3.4487129820813163
2024-07-23,3.3304056607048365
2024-07-24,3.380191523608675
2024-07-25,3.2587706777997565
2024-07-26,3.109879401550117
2024-07-27,3.293653882438693
2024-07-28,3.091630838785139
2024-07-29,2.9402994164014418
2024-07-30,2.9972083460486143
2024-07-31,2.910517983557312
2024-08-01,2.994034246893929
2024-08-02,2.923588423762361
2024-08-03,3.453845041256281
2024-08-04,3.375308130946801
2024-08-05,3.637023319655455
2024-08-06,4.2579674503013
2024-08-07,4.406664921867356
2024-08-08,4.281409084110116
2024-08-09,5.548002914163387
2024-08-10,5.3045616644141464
2024-08-11,4.929512603397664
2024-08-12,4.988705985018996
2024-08-13,4.751733565045789
2024-08-14,4.656831077908044
2024-08-15,4.683788183724526
2024-08-16,4.574881276745776
2024-08-17,4.522717219010659
2024-08-18,4.320576463954586
2024-08-19,4.224739568952194
2024-08-20,4.129804914812256
2024-08-21,3.9341313412294903
2024-08-22,4.101244271043287
2024-08-23,3.967670691143852
2024-08-24,4.451224810700168
2024-08-25,4.1520726724742145
2024-08-26,3.870213524216276
2024-08-27,3.85235116753131
2024-08-28,4.228082614801907
2024-08-29,4.016570989866586
2024-08-30,3.7956606024794417
2024-08-31,3.593419936094861
2024-09-01,3.392413734438853
2024-09-02,3.491459184358164
2024-09-03,3.6410821187520774
2024-09-04,3.7129338959119296
2024-09-05,3.551350670438112
2024-09-06,3.666596389017268
2024-09-07,3.8737732141611856
2024-09-08,3.642539742123293
2024-09-09,3.5435056770853697
2024-09-10,3.787710740853969
2024-09-11,3.644428889659604
2024-09-12,3.4669023884278194
2024-09-13,3.391263663962909
2024-09-14,3.6637995235696277
2024-09-15,3.5183125427684976
2024-09-16,3.449200594832135
2024-09-17,3.3984922858550486
2024-09-18,3.6097284947273414
2024-09-19,3.648158618994106
2024-09-20,3.624290904462093
2024-09-21,3.417095311624005
2024-09-22,3.2061600608580543
2024-09-23,3.0270286072802097
2024-09-24,2.8829683688310186
2024-09-25,2.8624416723418857
2024-09-26,2.878138680054778
2024-09-27,3.081772827438253
2024-09-28,2.9789213693001297
2024-09-29,2.789982860337724
2024-09-30,2.665470889917128
2024-10-01,2.902652660960737
2024-10-02,3.1827008936542205
2024-10-03,3.014235235764184
2024-10-04,2.826956196102457
2024-10-05,2.9040064534347536
2024-10-06,2.734925603220761
2024-10-07,2.697489671876297
2024-10-08,2.6399130802635753
2024-10-09,2.496750827151183
2024-10-10,2.625422836801913
2024-10-11,2.5263013347657295
2024-10-12,2.82441649199216
2024-10-13,2.759996302289014
2024-10-14,2.6529143963823465
2024-10-15,3.140728279565679
2024-10-16,3.1050098269709347
2024-10-17,2.9881131083645815
2024-10-18,2.8384099199702355
2024-10-19,2.8258295969928193
2024-10-20,2.6655998829791683
2024-10-21,2.6000036612814794
2024-10-22,2.713603679732791
2024-10-23,2.5468762756718797
2024-10-24,2.5199283839816315
2024-10-25,2.634882107397624
2024-10-26,2.7226004024533736
2024-10-27,2.608111492555394
2024-10-28,2.600027586922638
2024-10-29,2.78154671433174
2024-10-30,3.096266532355545
2024-10-31,2.9640235279575737
2024-11-01,3.0993079120726184
2024-11-02,3.030484319042928
2024-11-03,2.8651423958183613
2024-11-04,2.7854104125359194
2024-11-05,2.764596583554329
2024-11-06,2.852949732337768
2024-11-07,3.8931629749978254
2024-11-08,3.661763505058064
2024-11-09,3.5065399718843704
2024-11-10,3.2868214232807564
2024-11-11,3.668955823983918
2024-11-12,4.791275249350856
2024-11-13,4.54886365949468
2024-11-14,4.552913826066819
2024-11-15,4.615445867990867
2024-11-16,4.800518730318409
2024-11-17,4.526370066896017
2024-11-18,4.308087053701453
2024-11-19,4.078878031602265
2024-11-20,4.03415130842081
2024-11-21,4.005353904793005
2024-11-22,4.249125581377363
2024-11-23,4.013702660949476
2024-11-24,3.8826843683939094
2024-11-25,3.6348332081143373
2024-11-26,3.9745131134834804
2024-11-27,3.834872838382892
2024-11-28,4.089346065401987
2024-11-29,3.8461701129022368
2024-11-30,3.8030214731779926
2024-12-01,3.6725186937374406
2024-12-02,3.5100153151730114
2024-12-03,3.435924480971322
2024-12-04,3.2200776633003803
2024-12-05,3.349387069417297
2024-12-06,3.319137796652813
2024-12-07,3.443546784652011
2024-12-08,3.218684427204257
2024-12-09,3.1498145365280013
2024-12-10,3.3839056484613312
2024-12-11,3.246570026415066
2024-12-12,3.6158133665125796
2024-12-13,3.503430530385005
2024-12-14,3.4291113131353916
2024-12-15,3.215203929770013
2024-12-16,3.3636503165124907
2024-12-17,3.313653162536601
2024-12-18,3.101045526016454
2024-12-19,3.5700080098402176
2024-12-20,3.6427139530641535
2024-12-21,3.4281527326850703
2024-12-22,3.268556010020127
2024-12-23,3.300766479198812
2024-12-24,3.129674574482883
2024-12-25,3.414999445605316
2024-12-26,3.269301653184653
2024-12-27,3.4767141824361008
2024-12-28,3.424416629133095
2024-12-29,3.312563006767305
2024-12-30,3.282349820617334
2024-12-31,3.1858119430333427
2025-01-01,3.066384213634584
2025-01-02,2.985644447786573
2025-01-03,3.0926318660600978
2025-01-04,3.027129874617687
2025-01-05,2.839099554114119
2025-01-06,2.662230420610533
2025-01-07,2.984226716721382
2025-01-08,3.4089601795688154
2025-01-09,3.4059900745398406
2025-01-10,3.481088354641678
2025-01-11,3.5240218668593455
2025-01-12,3.3159802256286053
2025-01-13,3.1164658110950545
2025-01-14,2.9274025054019406
2025-01-15,2.989550804377983
2025-01-16,3.2999557484443027
2025-01-17,3.1485799191637285
2025-01-18,3.4461422130981814
2025-01-19,3.259922020707498
2025-01-20,3.399338043799678
2025-01-21,3.271810884428908
2025-01-22,3.51930227918837
2025-01-23,3.545889586964103
2025-01-24,3.320369883943154
2025-01-25,3.2000113610732743
2025-01-26,3.0157018939905873
2025-01-27,3.053250641971716
2025-01-28,2.9227495377955934
2025-01-29,2.82451012539747
2025-01-30,2.9237597347697375
2025-01-31,2.8380175134247017
2025-02-01,2.9081732465202323
2025-02-02,2.922818095187934
2025-02-03,3.0709539575803895
2025-02-04,3.325270780006947
2025-02-05,3.51086039496871
2025-02-06,3.4142845902513135
2025-02-07,3.2073054347012144
2025-02-08,3.015325058869885
2025-02-09,2.8397120546600347
2025-02-10,2.6689353147188832
2025-02-11,2.6088829087624257
2025-02-12,2.641017014445853
2025-02-13,2.7318150023552397
2025-02-14,2.7088759629582264
2025-02-15,2.635946374099035
2025-02-16,2.4751676600687933
2025-02-17,2.494257615579777
2025-02-18,2.388179887686912
2025-02-19,2.264943375490186
2025-02-20,2.2371401163764215
2025-02-21,2.300214782026497
2025-02-22,2.410375367556738
2025-02-23,2.294219629335467
2025-02-24,2.197908304810147
2025-02-25,2.668056720582766
2025-02-26,2.8645377129447294
2025-02-27,3.2788414112122393
2025-02-28,3.115824006189072
2025-03-01,2.9699276729733044
2025-03-02,3.014790968651974
2025-03-03,4.122705082251028
2025-03-04,4.8878210240648645
2025-03-05,4.6773949552280785
2025-03-06,4.801858968133262
2025-03-07,4.5542551029332765
2025-03-08,4.628931129363802
2025-03-09,4.3875557975936
2025-03-10,4.8299830348020825
2025-03-11,4.786416610156731
2025-03-12,5.11881602488426
2025-03-13,4.84956239286133
2025-03-14,4.851117573609444
2025-03-15,4.926084593019841
2025-03-16,4.615933527253231
2025-03-17,4.528612903033183
2025-03-18,4.409465053092304
2025-03-19,4.279281189684132
2025-03-20,4.5912695457577986
2025-03-21,4.609905152585872
2025-03-22,4.317338497453399
2025-03-23,4.062624212410201
2025-03-24,4.097799212679667
2025-03-25,4.00278455388686
2025-03-26,3.755374787533116
2025-03-27,3.5728506476783397
2025-03-28,3.3660690931284294
2025-03-29,3.5123342627652665
2025-03-30,3.517758920397019
2025-03-31,3.3288786918798228
2025-04-01,3.120092355402749
2025-04-02,3.297242762133621
2025-04-03,3.4356542954706977
2025-04-04,3.296558384354113
2025-04-05,3.1646374559855155
2025-04-06,3.0145421727927024
2025-04-07,3.5645150255803717
2025-04-08,3.4261680771265715
2025-04-09,3.6113694114543464
2025-04-10,4.438385979645883
2025-04-11,4.541744746095426
2025-04-12,4.803680016732616
2025-04-13,4.720406408542151
2025-04-14,4.590129097739023
2025-04-15,4.375729725039251
2025-04-16,4.203036863929585
2025-04-17,3.956693032187666
2025-04-18,3.8059247547230526
2025-04-19,3.619742310177678
2025-04-20,3.4502103336714316
2025-04-21,3.22314304841404
2025-04-22,3.3377361711069913
2025-04-23,3.986301849660297
2025-04-24,3.734019837367653
2025-04-25,3.5070198012643865
2025-04-26,3.3448884521451734
2025-04-27,3.1382932721741663
2025-04-28,3.044379082508379
2025-04-29,2.997424993615168
2025-04-30,2.900034736236319
2025-05-01,2.7359082525355096
2025-05-02,2.854760005399736
2025-05-03,2.708530345161266
2025-05-04,2.662647191940194
2025-05-05,2.684998213650098
2025-05-06,2.5603414524097943
2025-05-07,2.6619713689259235
2025-05-08,2.5053160939439585
2025-05-09,3.204690366230566
2025-05-10,3.036926974499761
2025-05-11,3.045142590082736
2025-05-12,2.929728388702545
2025-05-13,2.889682702035416
2025-05-14,2.846288225813704
2025-05-15,2.736911422898706
2025-05-16,2.579904151812056
2025-05-17,2.4607871386896227
2025-05-18,2.354486769461019
2025-05-19,2.6077710302695776
2025-05-20,2.5439009389346863
2025-05-21,2.5188448924462867
2025-05-22,2.6758369237965796
2025-05-23,2.7238759885255965
2025-05-24,3.01242014301682
2025-05-25,2.854319408947889
2025-05-26,2.798364309498721
2025-05-27,2.6544262562414485
2025-05-28,2.5470822043511454
2025-05-29,2.5133451025947577
2025-05-30,2.591673537360316
2025-05-31,2.605238899633331
2025-06-01,2.498637601629713
2025-06-02,2.4517365639046353
2025-06-03,2.310870963851491
2025-06-04,2.2293359739893726
2025-06-05,2.17429266338764
2025-06-06,2.4025130675627575
2025-06-07,2.585726341779292
2025-06-08,2.557815505952881
2025-06-09,2.4053099913048617
2025-06-10,2.8009181142217696
2025-06-11,2.6339498426922754
2025-06-12,2.6395268984880063
2025-06-13,2.79012250885592
2025-06-14,2.6442432303668175
2025-06-15,2.554776422443521
2025-06-16,2.402243784063605
2025-06-17,2.379045697454943
2025-06-18,2.4759307908474875
2025-06-19,2.3473532338453107
2025-06-20,2.238073750368156
2025-06-21,2.2543646740039796
2025-06-22,2.251606930928391
2025-06-23,2.2481446095095547
2025-06-24,2.666557300671281
2025-06-25,2.5708735109246708
2025-06-26,2.540837016069808
2025-06-27,2.4328345842693015
2025-06-28,2.2848266721084216
2025-06-29,2.159782525288197
2025-06-30,2.1362853834177384
2025-07-01,2.13985605738182
2025-07-02,2.171252929565323
2025-07-03,2.409729560305818
2025-07-04,2.3290350582318853
2025-07-05,2.356390922066181
2025-07-06,2.216108117185985
2025-07-07,2.096451933386893
2025-07-08,2.1212124910033197
2025-07-09,2.1808223027109617
2025-07-10,2.160028636802814
2025-07-11,2.2995166196462016
2025-07-12,2.673173546245553
2025-07-13,2.687487486985213
2025-07-14,2.5501309799768355
2025-07-15,2.560633630542346
2025-07-16,2.5187818940591535
2025-07-17,2.4158429117249964
2025-07-18,2.333258111736106
2025-07-19,2.3679910791651575
2025-07-20,2.428628344779551
2025-07-21,2.300895549583968
2025-07-22,2.1723396337618666
2025-07-23,2.0915504907765112
2025-07-24,2.148026452141368
2025-07-25,2.0625389116447743
2025-07-26,2.1207551448090602
2025-07-27,1.9968655659496644
2025-07-28,1.956235467695849
2025-07-29,1.9666148232993617
2025-07-30,2.00552971927972
2025-07-31,1.8894274968816405
2025-08-01,1.780320407202015
2025-08-02,1.9184590670185497
2025-08-03,2.009223898816342
2025-08-04,1.9373013434179747
2025-08-05,1.9664231782980064
2025-08-06,1.875514270179688
2025-08-07,1.8698234760832015
2025-08-08,1.864057737330959
2025-08-09,1.9616744120820215
2025-08-10,1.8830714947186653
2025-08-11,1.782634172206756
2025-08-12,2.2112041168133514
2025-08-13,2.315763157553855
2025-08-14,2.191361343990846
2025-08-15,2.5116043979146285
2025-08-16,2.8174323227878313
2025-08-17,2.746593517269099
2025-08-18,2.607674083765181
2025-08-19,2.603043328188474
2025-08-20,2.455846772016213
2025-08-21,2.583695497756596
2025-08-22,2.592957010732943
2025-08-23,2.614543593801171
2025-08-24,2.837992300330182
2025-08-25,2.743623929071231
2025-08-26,2.8085152161788307
2025-08-27,2.9708137747800047
2025-08-28,2.925194739945576
2025-08-29,2.7627062149920723
2025-08-30,2.616397464812324
2025-08-31,2.8241945912105266
2025-09-01,2.8030180889350955
2025-09-02,2.7825203704886814
2025-09-03,2.747303600978824
2025-09-04,2.7423616489650535
2025-09-05,2.651171491506328
2025-09-06,2.5710623067424763
2025-09-07,2.504849448945196
2025-09-08,2.439816553875714
2025-09-09,2.376408112416696
2025-09-10,2.290909656803379
2025-09-11,2.407499970010469
2025-09-12,2.40882643541805
2025-09-13,2.3036339278535514
2025-09-14,2.1848367873591825
2025-09-15,2.1240061260916665
2025-09-16,2.0010129466791184
2025-09-17,2.022046157945916
2025-09-18,1.944438060891438
2025-09-19,1.881049364718278
2025-09-20,1.9165799059732345
2025-09-21,1.8110571820979076
2025-09-22,1.7592052673119867
2025-09-23,1.9233253784737636
2025-09-24,1.883547639929321
2025-09-25,1.9032359778575356
2025-09-26,2.2561757189212046
2025-09-27,2.177120479665635
2025-09-28,2.058335897733107
2025-09-29,2.2127955544525304
2025-09-30,2.3032278765325094
2025-10-01,2.2912759108722915
2025-10-02,2.2697514859336083
2025-10-03,2.60552546474102
2025-10-04,2.5963626994155016
2025-10-05,2.61055281711312
2025-10-06,2.4485369504175445
2025-10-07,2.4168049110223118
2025-10-08,2.398241963552812
2025-10-09,2.54911371008643
2025-10-10,2.4624649219956507
2025-10-11,2.4007753909549456
2025-10-12,3.3033855610367797
2025-10-13,3.3002976192980737
2025-10-14,3.6743212820746503
2025-10-15,3.4922906071327673
2025-10-16,3.4576456270979437
2025-10-17,3.4035198896179395
2025-10-18,3.386519208497493
2025-10-19,3.375106902857307
2025-10-20,3.1661080730611677
2025-10-21,3.067965712450466
2025-10-22,3.097843011070511
2025-10-23,3.114803454277083
2025-10-24,2.9285256558809034
2025-10-25,2.980680692839142
2025-10-26,2.8107828915743984
2025-10-27,2.7113629241990735
2025-10-28,2.896414461319341
2025-10-29,2.7946390792099316
2025-10-30,2.810834419804267
2025-10-31,2.813082080354345
2025-11-01,2.721052993253452
2025-11-02,2.564717219806171
2025-11-03,2.421191859978662
2025-11-04,2.3027510299678435
2025-11-05,2.505466270905788
2025-11-06,3.1398598892803657
2025-11-07,3.3191975263625446
2025-11-08,3.2450114282223006
2025-11-09,3.16105695520455
2025-11-10,3.0751066155227127
2025-11-11,3.403735129930347
2025-11-12,3.2343516217782993
2025-11-13,3.415228409675887
2025-11-14,3.3090469843412027
2025-11-15,3.4691365859127106
2025-11-16,3.670106853391079
2025-11-17,3.442242938874739
2025-11-18,3.2654836637409432
2025-11-19,3.4037030576665077
2025-11-20,3.2057717799107754
2025-11-21,3.015501581486552
2025-11-22,3.4779042244412155
2025-11-23,3.571605861676845
2025-11-24,3.4301428080283554
2025-11-25,3.359107215405444
2025-11-26,3.335388259140086
2025-11-27,3.2020170062953164
2025-11-28,3.4248378151461294
2025-11-29,3.215812116112245
2025-11-30,3.0133612384565143
2025-12-01,2.8441211113177562
2025-12-02,3.129917571772976
2025-12-03,3.010663165970128
2025-12-04,3.562934751011783
2025-12-05,3.5275721697833005
2025-12-06,3.4121175257634007
2025-12-07,3.5662788741114917
2025-12-08,3.332293175884941
2025-12-09,3.2761767925739758
2025-12-10,3.0986249680826665
2025-12-11,3.131800926634608
2025-12-12,3.117495405077669
2025-12-13,3.0571973283578178
2025-12-14,3.07000118380385
2025-12-15,2.8729521868064705
2025-12-16,2.900310066046454
2025-12-17,3.0741448649493783
2025-12-18,3.1118382759207397
2025-12-19,3.146903938334793
2025-12-20,3.0219540067788206
2025-12-21,3.215071015749513
2025-12-22,3.016265366914174
2025-12-23,2.9137957924103692
2025-12-24,2.7956180522832503
2025-12-25,2.7379297589041847
2025-12-26,2.579325892568572
2025-12-27,2.4697440715602053
2025-12-28,2.327461977717397
2025-12-29,2.235078851589413
2025-12-30,2.114254191749937
2025-12-31,2.0890862660362153
2026-01-01,2.1436724051334943
2026-01-02,2.118265390632746
2026-01-03,2.096232770619688
2026-01-04,2.16009387502039
2026-01-05,2.1402360933566222
2026-01-06,2.2506453309563765
2026-01-07,2.2324178635393213
2026-01-08,2.273572551055015
2026-01-09,2.2749821619548203
2026-01-10,2.17690044266821
2026-01-11,2.1197760324454746
2026-01-12,2.011403985510433
2026-01-13,1.9966417569327952
2026-01-14,1.898477432835482
2026-01-15,2.3824564950565494
2026-01-16,2.352321670574935
2026-01-17,2.327683966458975
2026-01-18,2.2047569696056666
2026-01-19,2.1331114298831184
2026-01-20,2.307804536850539
2026-01-21,2.1837733665539236
2026-01-22,2.5473452120404154
2026-01-23,2.5328626476749108
2026-01-24,2.4444066402509192
2026-01-25,2.3159431663047574
2026-01-26,2.231591562694571
2026-01-27,2.3020259164570427
2026-01-28,2.2587879703166815
2026-01-29,2.2317304509592333
2026-01-30,2.1628913693398006
2026-01-31,2.993053385013977
2026-02-01,3.022691953025608
2026-02-02,3.6189673843052828
2026-02-03,3.515137085860357
2026-02-04,3.4703200819487345
2026-02-05,3.579455961295001
2026-02-06,3.9612787917385153
2026-02-07,4.972433021102977
2026-02-08,5.570615458473399
2026-02-09,5.306622727806457
2026-02-10,5.079105836614809
2026-02-11,4.72470993866488
2026-02-12,4.596267333472097
2026-02-13,4.52297766255103
2026-02-14,4.415156918512814
2026-02-15,4.5802296210836175
2026-02-16,4.355999574433075
2026-02-17,4.218179983238251
2026-02-18,3.9295880052244425
2026-02-19,3.9302457410971727
2026-02-20,3.7163110288351175
2026-02-21,3.522503717951631
2026-02-22,3.4153139115747733
2026-02-23,3.2029296105361964
2026-02-24,3.6429703081173326
2026-02-25,3.430941975418799
2026-02-26,3.489644137820294
2026-02-27,3.7137992699481543
2026-02-28,3.6544577474211293
2026-03-01,3.64367712574742
2026-03-02,3.6388059495174407
2026-03-03,3.4988765421507626
2026-03-04,3.6814279512683012
2026-03-05,3.505090557990482
2026-03-06,4.013933647438437
2026-03-07,3.9642928036076936
2026-03-08,4.160921990216447
2026-03-09,4.03059630342808
2026-03-10,3.9071082265642665
2026-03-11,4.092547171077363
2026-03-12,3.9782929539959873
2026-03-13,3.730259656585308
2026-03-14,3.76232186222035
2026-03-15,3.6255817264376704
2026-03-16,3.4326176880352914
2026-03-17,3.4488802989874228
2026-03-18,3.4003284854139024
2026-03-19,3.589498271456607
2026-03-20,3.5600805555067447
2026-03-21,3.409446645556747
2026-03-22,3.440826038248206
2026-03-23,3.3890653023092723
2026-03-24,3.717774353501506
2026-03-25,3.5319175822908644
2026-03-26,3.4168463643375406
2026-03-27,3.5955048298055314
2026-03-28,3.756155770049796
2026-03-29,3.520719733603315
2026-03-30,3.35662234601559
2026-03-31,3.2659962296426372
2026-04-01,3.3112309003045213
2026-04-02,3.1319738658327188
2026-04-03,3.131865937113351
2026-04-04,2.9310501361259296
2026-04-05,2.7898508194202405
2026-04-06,2.919108560871131
2026-04-07,2.771386196957225
2026-04-08,3.1550106208739837
2026-04-09,3.08782300277719
2026-04-10,2.9962058974223034
2026-04-11,2.989135652418154
2026-04-12,2.797529383886975
2026-04-13,2.9845726984826704
2026-04-14,3.449456849736704
2026-04-15,3.273481945627912
2026-04-16,3.1557340961320364
2026-04-17,2.992198876184783
2026-04-18,3.1014546528014155
2026-04-19,3.1050887372441887
2026-04-20,3.1888033828418876
2026-04-21,3.308778863988714
2026-04-22,3.1565139650921865
2026-04-23,3.2344288594868775
2026-04-24,3.024835686911276
2026-04-25,2.9527135561191074
2026-04-26,2.778743910007938
2026-04-27,2.750621624885368
2026-04-28,2.764710396597253
2026-04-29,2.7436328792403426
2026-04-30,2.659704564876355
2026-05-01,2.5689916668779094
2026-05-02,2.702588202698452
2026-05-03,2.5885477369833487
2026-05-04,2.454269019343451
2026-05-05,2.4909878187894505
2026-05-06,2.482357349854687
2026-05-07,2.395476818488052
2026-05-08,2.452735642020224
2026-05-09,2.3154330635632108
2026-05-10,2.233172568648591
2026-05-11,2.319833857083454
2026-05-12,2.249427703872348
2026-05-13,2.2894758477270374
2026-05-14,2.321998976632391
2026-05-15,2.446000739219741
2026-05-16,2.577114293882891
2026-05-17,2.5584991424192562
2026-05-18,2.5044752410337967
2026-05-19,2.42277148169952
2026-05-20,2.307900278871485
2026-05-21,2.266658508690758
2026-05-22,2.1321673252838416
2026-05-23,2.3181369503207594
2026-05-24,2.3604031143770707
2026-05-25,2.25085606342655
2026-05-26,2.1404236201409255
2026-05-27,2.2213332308409295
2026-05-28,2.3132753768205943
2026-05-29,2.303489990949408
2026-05-30,2.196959059760096
2026-05-31,2.1199732411312437
2026-06-01,2.034402497279701
2026-06-02,1.9783426117566114
2026-06-03,3.1481676691169955
2026-06-04,3.0023326209435606
2026-06-05,3.2600631145686902
2026-06-06,3.563367052936542
2026-06-07,3.3356178793862243
2026-06-08,3.542430989114865
2026-06-09,3.413575354837332
2026-06-10,3.375851736929325
2026-06-11,3.202502567303404
2026-06-12,3.4088952027031634
2026-06-13,3.203592666463435
2026-06-14,3.1483768689910288
2026-06-15,3.174540970074579
2026-06-16,3.060953363615611
